election_label,candidate_name,party_abbr,metric,value,source
VS-2014,Nirbhay Kumar Shahabadi,BJP,votes,57450,HLD 1.1 (secondary - re-verify vs Form 20)
VS-2014,Sudivya Kumar,JMM,votes,47517,HLD 1.1 (secondary - re-verify vs Form 20)
VS-2019,Sudivya Kumar,JMM,votes,80871,HLD 1.1 (secondary - re-verify vs Form 20)
VS-2019,Nirbhay Kumar Shahabadi,BJP,votes,64987,HLD 1.1 (secondary - re-verify vs Form 20)
VS-2019,,,electors,264814,HLD 1.1 (secondary - re-verify vs Form 20)
VS-2024,Sudivya Kumar,JMM,votes,94042,HLD 1.1 (secondary - re-verify vs Form 20)
VS-2024,Nirbhay Kumar Shahabadi,BJP,votes,90204,HLD 1.1 (secondary - re-verify vs Form 20)
VS-2024,Navin Anand,JLKM,votes,10787,HLD 1.1 (secondary - re-verify vs Form 20)
VS-2024,,,nota,2004,HLD 1.1 (secondary - re-verify vs Form 20)
VS-2024,,,electors,304898,HLD 1.1 (secondary - re-verify vs Form 20)
