block_id,kind,name_en,name_hi,code,census_code
1,ward,Ward 1,वार्ड 1,1,
1,ward,Ward 2,वार्ड 2,2,
1,ward,Ward 3,वार्ड 3,3,
1,ward,Ward 4,वार्ड 4,4,
1,ward,Ward 5,वार्ड 5,5,
1,ward,Ward 6,वार्ड 6,6,
1,ward,Ward 7,वार्ड 7,7,
1,ward,Ward 8,वार्ड 8,8,
1,ward,Ward 9,वार्ड 9,9,
1,ward,Ward 10,वार्ड 10,10,
1,ward,Ward 11,वार्ड 11,11,
1,ward,Ward 12,वार्ड 12,12,
1,ward,Ward 13,वार्ड 13,13,
1,ward,Ward 14,वार्ड 14,14,
1,ward,Ward 15,वार्ड 15,15,
1,ward,Ward 16,वार्ड 16,16,
1,ward,Ward 17,वार्ड 17,17,
1,ward,Ward 18,वार्ड 18,18,
1,ward,Ward 19,वार्ड 19,19,
1,ward,Ward 20,वार्ड 20,20,
1,ward,Ward 21,वार्ड 21,21,
1,ward,Ward 22,वार्ड 22,22,
1,ward,Ward 23,वार्ड 23,23,
1,ward,Ward 24,वार्ड 24,24,
1,ward,Ward 25,वार्ड 25,25,
1,ward,Ward 26,वार्ड 26,26,
1,ward,Ward 27,वार्ड 27,27,
1,ward,Ward 28,वार्ड 28,28,
1,ward,Ward 29,वार्ड 29,29,
1,ward,Ward 30,वार्ड 30,30,
1,ward,Ward 31,वार्ड 31,31,
1,ward,Ward 32,वार्ड 32,32,
1,ward,Ward 33,वार्ड 33,33,
1,ward,Ward 34,वार्ड 34,34,
1,ward,Ward 35,वार्ड 35,35,
1,ward,Ward 36,वार्ड 36,36,
