surname_hi,surname_en,community,weight,notes
महतो,Mahato,Kurmi (Mahato),0.85,Dominant Kurmi/Kudmi surname in the Giridih belt
महतो,Mahato,OBC (other),0.15,Also used by some Teli-Mahato families
महथा,Mahtha,Kurmi (Mahato),0.8,
कुर्मी,Kurmi,Kurmi (Mahato),1.0,
कुड़मी,Kudmi,Kurmi (Mahato),1.0,
यादव,Yadav,Yadav,0.95,
अहीर,Ahir,Yadav,0.9,
ग्वाला,Gwala,Yadav,0.85,
गोप,Gope,Yadav,0.8,
मंडल,Mandal,Yadav,0.35,Ambiguous in Jharkhand - also OBC and SC families
मंडल,Mandal,OBC (other),0.35,
बरनवाल,Barnwal,Baniya,0.95,
साहू,Sahu,Baniya,0.7,
साहू,Sahu,Teli,0.25,
गुप्ता,Gupta,Baniya,0.9,
अग्रवाल,Agrawal,Baniya,0.95,
मोदी,Modi,Baniya,0.85,
केसरी,Kesari,Baniya,0.8,
जालान,Jalan,Baniya,0.9,
कंदोई,Kandoi,Baniya,0.9,
सर्राफ,Sarraf,Baniya,0.85,
सेठ,Seth,Baniya,0.8,
पोद्दार,Poddar,Baniya,0.85,
खेतान,Khetan,Baniya,0.9,
बजाज,Bajaj,Baniya,0.9,
तेली,Teli,Teli,1.0,
साव,Saw,Teli,0.55,Shaw/Saw is commonly Teli in Jharkhand
साव,Saw,Baniya,0.35,
शॉ,Shaw,Teli,0.55,
शॉ,Shaw,Baniya,0.35,
कुशवाहा,Kushwaha,Koeri / Kushwaha,0.95,
कोइरी,Koiri,Koeri / Kushwaha,0.95,
मौर्य,Maurya,Koeri / Kushwaha,0.85,
प्रजापति,Prajapati,OBC (other),0.9,Kumhar
कुम्हार,Kumhar,OBC (other),0.95,
लोहार,Lohar,OBC (other),0.9,
विश्वकर्मा,Vishwakarma,OBC (other),0.85,
बढ़ई,Badhai,OBC (other),0.9,
नाई,Nai,OBC (other),0.9,
ठाकुर,Thakur,OBC (other),0.35,Ambiguous - Nai/Thakur OBC and Rajput both use it
ठाकुर,Thakur,Rajput,0.35,
चंद्रवंशी,Chandravanshi,OBC (other),0.9,
कहार,Kahar,OBC (other),0.9,
केवट,Kewat,OBC (other),0.9,
बिंद,Bind,OBC (other),0.9,
माली,Mali,OBC (other),0.85,
हलवाई,Halwai,OBC (other),0.85,
पटेल,Patel,OBC (other),0.6,
पांडेय,Pandey,Brahmin,0.9,
पाण्डेय,Pandey,Brahmin,0.9,
मिश्रा,Mishra,Brahmin,0.95,
मिश्र,Mishra,Brahmin,0.95,
तिवारी,Tiwari,Brahmin,0.95,
झा,Jha,Brahmin,0.95,
उपाध्याय,Upadhyay,Brahmin,0.9,
दुबे,Dubey,Brahmin,0.9,
द्विवेदी,Dwivedi,Brahmin,0.9,
चौबे,Chaubey,Brahmin,0.9,
ओझा,Ojha,Brahmin,0.85,
शुक्ला,Shukla,Brahmin,0.9,
त्रिपाठी,Tripathi,Brahmin,0.9,
पाठक,Pathak,Brahmin,0.9,
शर्मा,Sharma,Brahmin,0.6,Also used by Bhumihar and some OBC families
शर्मा,Sharma,Bhumihar,0.2,
भारद्वाज,Bhardwaj,Brahmin,0.85,
गोस्वामी,Goswami,Brahmin,0.8,
पुरोहित,Purohit,Brahmin,0.85,
आचार्य,Acharya,Brahmin,0.8,
सिंह,Singh,Rajput,0.4,Highly ambiguous - Rajput, Bhumihar, Kurmi and Sikh families all use it
सिंह,Singh,Bhumihar,0.25,
सिंह,Singh,Kurmi (Mahato),0.15,
राजपूत,Rajput,Rajput,1.0,
चौहान,Chauhan,Rajput,0.75,
राठौर,Rathore,Rajput,0.8,
तोमर,Tomar,Rajput,0.8,
परमार,Parmar,Rajput,0.8,
सोलंकी,Solanki,Rajput,0.8,
राय,Rai,Bhumihar,0.45,Bhumihar and Kayastha families both use it
राय,Rai,Kayastha,0.2,
रॉय,Roy,Bhumihar,0.4,
श्रीवास्तव,Srivastava,Kayastha,0.95,
सिन्हा,Sinha,Kayastha,0.8,
अम्बष्ठ,Ambastha,Kayastha,0.9,
माथुर,Mathur,Kayastha,0.85,
सक्सेना,Saxena,Kayastha,0.85,
भटनागर,Bhatnagar,Kayastha,0.85,
वर्मा,Verma,Kayastha,0.35,Ambiguous - Kayastha, Baniya and Kurmi families all use it
वर्मा,Verma,Baniya,0.3,
वर्मा,Verma,Kurmi (Mahato),0.25,
लाल,Lal,Kayastha,0.3,
अंसारी,Ansari,Muslim,1.0,
खान,Khan,Muslim,1.0,
अहमद,Ahmad,Muslim,1.0,
अली,Ali,Muslim,1.0,
हुसैन,Hussain,Muslim,1.0,
शेख,Sheikh,Muslim,1.0,
सिद्दीकी,Siddiqui,Muslim,1.0,
कुरैशी,Qureshi,Muslim,1.0,
रहमान,Rahman,Muslim,1.0,
आलम,Alam,Muslim,1.0,
इकबाल,Iqbal,Muslim,1.0,
परवीन,Parveen,Muslim,1.0,
बेगम,Begum,Muslim,1.0,
खातून,Khatoon,Muslim,1.0,
निशा,Nisha,Muslim,0.6,
मलिक,Malik,Muslim,0.7,
मंसूरी,Mansoori,Muslim,1.0,
सलमानी,Salmani,Muslim,1.0,
इदरीसी,Idrisi,Muslim,1.0,
फारूकी,Farooqui,Muslim,1.0,
सैयद,Sayyed,Muslim,1.0,
मिर्जा,Mirza,Muslim,0.95,
हक,Haque,Muslim,1.0,
जमाल,Jamal,Muslim,0.95,
रजा,Raza,Muslim,1.0,
अख्तर,Akhtar,Muslim,1.0,
पासवान,Paswan,Dusadh / Paswan,1.0,
दुसाध,Dusadh,Dusadh / Paswan,1.0,
तुरी,Turi,Turi,1.0,
रजवार,Rajwar,Rajwar,1.0,
भुइयां,Bhuiyan,Bhuiyan,1.0,
भुईंया,Bhuinya,Bhuiyan,1.0,
रविदास,Ravidas,Chamar / Ravidas,1.0,
चमार,Chamar,Chamar / Ravidas,1.0,
राम,Ram,Chamar / Ravidas,0.45,Very common as a suffix; carries weak caste signal
रजक,Rajak,SC (other),0.85,
धोबी,Dhobi,SC (other),0.9,
डोम,Dom,SC (other),0.95,
मुसहर,Musahar,SC (other),0.95,
बाउरी,Bauri,SC (other),0.9,
घासी,Ghasi,SC (other),0.9,
तांती,Tanti,SC (other),0.8,
हरिजन,Harijan,SC (other),0.9,
सोरेन,Soren,Santhal,1.0,
मुर्मू,Murmu,Santhal,1.0,
हेम्ब्रम,Hembrom,Santhal,1.0,
हेम्बरम,Hembram,Santhal,1.0,
मरांडी,Marandi,Santhal,1.0,
मरांडि,Marandi,Santhal,1.0,
टुडू,Tudu,Santhal,1.0,
किस्कू,Kisku,Santhal,1.0,
बेसरा,Besra,Santhal,1.0,
हांसदा,Hansda,Santhal,1.0,
बास्की,Baski,Santhal,1.0,
चोड़े,Chore,Santhal,0.9,
मुंडा,Munda,Munda,0.9,
पूर्ति,Purty,Munda,0.85,
उरांव,Oraon,Oraon,1.0,
टोप्पो,Toppo,Oraon,0.95,
तिर्की,Tirkey,Oraon,0.95,
कुजूर,Kujur,Oraon,0.95,
खलखो,Khalkho,Oraon,0.95,
बाखला,Bakhla,Oraon,0.9,
एक्का,Ekka,Oraon,0.9,
मिंज,Minz,Oraon,0.9,
लकड़ा,Lakra,Oraon,0.9,
बेदिया,Bedia,ST (other),0.9,
खेरवार,Kherwar,ST (other),0.9,
चेरो,Chero,ST (other),0.9,
बिरहोर,Birhor,ST (other),0.95,
पहाड़िया,Pahariya,ST (other),0.9,
कोरवा,Korwa,ST (other),0.9,
असुर,Asur,ST (other),0.9,
भूमिज,Bhumij,ST (other),0.9,
हो,Ho,ST (other),0.8,
गोंड,Gond,ST (other),0.85,
कुमार,Kumar,Unclassified,1.0,No caste signal - extremely common given/middle name in Bihar and Jharkhand
कुमारी,Kumari,Unclassified,1.0,No caste signal - female name suffix
देवी,Devi,Unclassified,1.0,No caste signal - female name suffix
प्रसाद,Prasad,Unclassified,1.0,No reliable caste signal - used across Baniya, Kayastha and OBC families
दास,Das,Unclassified,0.8,Ambiguous across SC, Kayastha and Bengali families
साह,Sah,Baniya,0.55,
साह,Sah,Teli,0.3,
चौधरी,Chaudhary,Unclassified,0.7,Title rather than caste marker in this belt
खान्डेलवाल,Khandelwal,Baniya,0.9,
भगत,Bhagat,Unclassified,0.6,Used by Oraon, Teli and other communities
