seat_type,seat_name,area_name,winner,runner_up,votes,runner_up_votes,tagged_party,tag_source,tag_confidence,reservation,gender_category,unopposed,block_num,block_name,gp_num,ward_num,area_id_lgd,winner_kd,raw_cid
panchayat_samiti,PS Seat 1 – Pirtand,Pirtand,संगीता देवी,,,,,gazette | SC | F,,SC,F,false,10,Pirtand,,,,laxhrk nsoh,fxfjMhg@10@ihjVkaM+&¼1½
panchayat_samiti,PS Seat 2 – Pirtand,Pirtand,चाँदभैरो सोरेन,,,,,gazette | UR | M,,,M,false,10,Pirtand,,,,pk¡nHkSjks lksjsu,fxfjMhg@10@ihjVkaM+&¼2½
panchayat_samiti,PS Seat 3 – Pirtand,Pirtand,पूनम देवी,,,,,gazette | UR | M,,,M,false,10,Pirtand,,,,iwue nsoh,fxfjMhg@10@ihjVkaM+&¼3½
panchayat_samiti,PS Seat 4 – Pirtand,Pirtand,सविता टुडू,,,,,gazette | UR | F | unopposed,,,F,true,10,Pirtand,,,,lfork VqMw,fxfjMhg@10@ihjVkaM+&¼4½
panchayat_samiti,PS Seat 5 – Pirtand,Pirtand,चमपा देवी,,,,,gazette | UR | F,,UR,F,false,10,Pirtand,,,,pEik nsoh,fxfjMhg@10@ihjVkaM+&¼5½
panchayat_samiti,PS Seat 6 – Pirtand,Pirtand,लेका तुरी,,,,,gazette | SC | M,,SC,M,false,10,Pirtand,,,,ysdk rqjh,fxfjMhg@10@ihjVkaM+&¼6½
panchayat_samiti,PS Seat 7 – Pirtand,Pirtand,अनिता किस्कू,,,,,gazette | UR | F,,,F,false,10,Pirtand,,,,vfurk fdLdw,fxfjMhg@10@ihjVkaM+&¼7½
panchayat_samiti,PS Seat 8 – Pirtand,Pirtand,नवीन कुमार सिंह,,,,,gazette | UR | M,,UR,M,false,10,Pirtand,,,,uohu dqekj flag,fxfjMhg@10@ihjVkaM+&¼8½
panchayat_samiti,PS Seat 9 – Pirtand,Pirtand,योगेन्द्र तिवारी,,,,,gazette | UR | M,,UR,M,false,10,Pirtand,,,,;ksxsUnz frokjh,fxfjMhg@10@ihjVkaM+&¼9½
panchayat_samiti,PS Seat 10 – Pirtand,Pirtand,सीता देवी,,,,,gazette | UR | F,,UR,F,false,10,Pirtand,,,,lhrk nsoh,fxfjMhg@10@ihjVkaM+&¼10½
panchayat_samiti,PS Seat 11 – Pirtand,Pirtand,गीता देवी,,,,,gazette | UR | F,,UR,F,false,10,Pirtand,,,,xhrk nsoh,fxfjMhg@10@ihjVkaM+&¼11½
panchayat_samiti,PS Seat 12 – Pirtand,Pirtand,अलका कुमारी,,,,,gazette | UR | F,,UR,F,false,10,Pirtand,,,,vydk dqekjh,fxfjMhg@10@ihjVkaM+&¼12½
panchayat_samiti,PS Seat 13 – Pirtand,Pirtand,जैबुन निशा,,,,,gazette | UR | F,,UR,F,false,10,Pirtand,,,,tScqu fu'kk,fxfjMhg@10@ihjVkaM+&¼13½
panchayat_samiti,PS Seat 14 – Pirtand,Pirtand,रिंकी देवी,,,,,gazette | UR | M,,UR,M,false,10,Pirtand,,,,fjadh nsoh,fxfjMhg@10@ihjVkaM+&¼14½
panchayat_samiti,PS Seat 15 – Pirtand,Pirtand,भवानी दवे ी,,,,,gazette | UR | F,,UR,F,false,10,Pirtand,,,,Hkokuh nos h,fxfjMhg@10@ihjVkaM+&¼15½
panchayat_samiti,PS Seat 16 – Pirtand,Pirtand,सोनामनी हाश्सदा,,,,,gazette | UR | F,,,F,false,10,Pirtand,,,,lksukeuh gkWlnk,fxfjMhg@10@ihjVkaM+&¼16½
panchayat_samiti,PS Seat 17 – Pirtand,Pirtand,रीता देवी,,,,,gazette | UR | F,,,F,false,10,Pirtand,,,,jhrk nsoh,fxfjMhg@10@ihjVkaM+&¼17½
panchayat_samiti,PS Seat 18 – Pirtand,Pirtand,केशव कुमार पाठक,,,,,gazette | UR | M,,UR,M,false,10,Pirtand,,,,ds'ko dqekj ikBd,fxfjMhg@10@ihjVkaM+&¼18½
panchayat_samiti,PS Seat 19 – Pirtand,Pirtand,"सुशील सामु,ल
टुडू",,,,,gazette | UR | M,,,M,false,10,Pirtand,,,,"lq'khy lkeq,y
VqMw",fxfjMhg@10@ihjVkaM+&¼19½
panchayat_samiti,PS Seat 20 – Pirtand,Pirtand,बिनोद किस्कू,,,,,gazette | UR | M,,,M,false,10,Pirtand,,,,fcuksn fdLdw,fxfjMhg@10@ihjVkaM+&¼20½
panchayat_samiti,PS Seat 21 – Pirtand,Pirtand,महेन्द्र प्रसाद,,,,,gazette | UR | M,,UR,M,false,10,Pirtand,,,,egsUnz izlkn,fxfjMhg@10@ihjVkaM+&¼21½
panchayat_samiti,PS Seat 22 – Pirtand,Pirtand,कमली मुमूर्,,,,,gazette | UR | F,,,F,false,10,Pirtand,,,,deyh eqewZ,fxfjMhg@10@ihjVkaM+&¼22½
panchayat_samiti,PS Seat 1 – Giridih,Giridih,:पा मरा.डी,,,,,gazette | UR | F,,,F,false,11,Giridih,,,,:ik ejk.Mh,fxfjMhg@11@fxfjMhg& ¼1½
panchayat_samiti,PS Seat 2 – Giridih,Giridih,नागेशवरी देवी,,,,,gazette | UR | F,,UR,F,false,11,Giridih,,,,ukxs'ojh nsoh,fxfjMhg@11@fxfjMhg& ¼2½
panchayat_samiti,PS Seat 3 – Giridih,Giridih,शोभा कुमारी,,,,,gazette | UR | F,,UR,F,false,11,Giridih,,,,'kksHkk dqekjh,fxfjMhg@11@fxfjMhg& ¼3½
panchayat_samiti,PS Seat 4 – Giridih,Giridih,आरती दवे ी,,,,,gazette | UR | F,,UR,F,false,11,Giridih,,,,vkjrh nos h,fxfjMhg@11@fxfjMhg& ¼4½
panchayat_samiti,PS Seat 5 – Giridih,Giridih,गुलमोहममद अंसारी,,,,,gazette | UR | M,,UR,M,false,11,Giridih,,,,xqyeksgEen valkjh,fxfjMhg@11@fxfjMhg& ¼5½
panchayat_samiti,PS Seat 6 – Giridih,Giridih,दीपक राम,,,,,gazette | UR | M,,UR,M,false,11,Giridih,,,,nhid jke,fxfjMhg@11@fxfjMhg& ¼6½
panchayat_samiti,PS Seat 7 – Giridih,Giridih,शयामलाल महतो,,,,,gazette | UR | M,,UR,M,false,11,Giridih,,,,';keyky egrks,fxfjMhg@11@fxfjMhg& ¼7½
panchayat_samiti,PS Seat 8 – Giridih,Giridih,सुनिता दवे ी,,,,,gazette | UR | F,,,F,false,11,Giridih,,,,lqfurk nos h,fxfjMhg@11@fxfjMhg& ¼8½
panchayat_samiti,PS Seat 9 – Giridih,Giridih,रिझे कोल,,,,,gazette | UR | M,,,M,false,11,Giridih,,,,fj>ks dksy,fxfjMhg@11@fxfjMhg& ¼9½
panchayat_samiti,PS Seat 10 – Giridih,Giridih,क्रांति देवी,,,,,gazette | UR | F,,UR,F,false,11,Giridih,,,,Økafr nsoh,fxfjMhg@11@fxfjMhg& ¼10½
panchayat_samiti,PS Seat 11 – Giridih,Giridih,बेनीलाल मां>ी,,,,,gazette | UR | M,,,M,false,11,Giridih,,,,csuhyky eka>h,fxfjMhg@11@fxfjMhg& ¼11½
panchayat_samiti,PS Seat 12 – Giridih,Giridih,रिजवाना खाातून,,,,,gazette | UR | F,,UR,F,false,11,Giridih,,,,fjtokuk [kkrwu,fxfjMhg@11@fxfjMhg& ¼12½
panchayat_samiti,PS Seat 13 – Giridih,Giridih,मनोज दास,,,,,gazette | SC | M,,SC,M,false,11,Giridih,,,,eukst nkl,fxfjMhg@11@fxfjMhg& ¼13½
panchayat_samiti,PS Seat 14 – Giridih,Giridih,मो0 समशाद अंसारी,,,,,gazette | UR | M,,UR,M,false,11,Giridih,,,,eks0 le'kkn valkjh,fxfjMhg@11@fxfjMhg& ¼14½
panchayat_samiti,PS Seat 15 – Giridih,Giridih,अमीर अली,,,,,gazette | UR | M,,UR,M,false,11,Giridih,,,,vehj vyh,fxfjMhg@11@fxfjMhg& ¼15½
panchayat_samiti,PS Seat 16 – Giridih,Giridih,बसंत कुमार यादव,,,,,gazette | UR | M,,UR,M,false,11,Giridih,,,,clar dqekj ;kno,fxfjMhg@11@fxfjMhg& ¼16½
panchayat_samiti,PS Seat 17 – Giridih,Giridih,तेजस्वी दवे ी,,,,,gazette | UR | F,,UR,F,false,11,Giridih,,,,rstLoh nos h,fxfjMhg@11@fxfjMhg& ¼17½
panchayat_samiti,PS Seat 18 – Giridih,Giridih,अविनाश कुमार,,,,,gazette | UR | M,,UR,M,false,11,Giridih,,,,vfouk'k dqekj,fxfjMhg@11@fxfjMhg& ¼18½
panchayat_samiti,PS Seat 19 – Giridih,Giridih,कंचन देवी,,,,,gazette | UR | F,,UR,F,false,11,Giridih,,,,dapu nsoh,fxfjMhg@11@fxfjMhg& ¼19½
panchayat_samiti,PS Seat 20 – Giridih,Giridih,रीना कुमारी,,,,,gazette | UR | F,,UR,F,false,11,Giridih,,,,jhuk dqekjh,fxfjMhg@11@fxfjMhg& ¼20½
panchayat_samiti,PS Seat 21 – Giridih,Giridih,कंचन देवी,,,,,gazette | UR | F,,UR,F,false,11,Giridih,,,,dapu nsoh,fxfjMhg@11@fxfjMhg& ¼21½
panchayat_samiti,PS Seat 22 – Giridih,Giridih,पुनम देवी,,,,,gazette | SC | M | unopposed,,SC,M,true,11,Giridih,,,,ique nsoh,fxfjMhg@11@fxfjMhg& ¼22½
panchayat_samiti,PS Seat 23 – Giridih,Giridih,मो0 फिरोज अन्सारी,,,,,gazette | UR | M,,UR,M,false,11,Giridih,,,,eks0 fQjkst vUlkjh,fxfjMhg@11@fxfjMhg& ¼23½
panchayat_samiti,PS Seat 24 – Giridih,Giridih,कमला कान्त मंडल,,,,,gazette | UR | M,,UR,M,false,11,Giridih,,,,deyk dkUr eaMy,fxfjMhg@11@fxfjMhg& ¼24½
panchayat_samiti,PS Seat 25 – Giridih,Giridih,दिलीप साव,,,,,gazette | UR | M,,UR,M,false,11,Giridih,,,,fnyhi lko,fxfjMhg@11@fxfjMhg& ¼25½
panchayat_samiti,PS Seat 26 – Giridih,Giridih,खाुशबु कुमारी,,,,,gazette | UR | F,,UR,F,false,11,Giridih,,,,[kq'kcq dqekjh,fxfjMhg@11@fxfjMhg& ¼26½
panchayat_samiti,PS Seat 27 – Giridih,Giridih,देवंती कुमारी,,,,,gazette | SC | F,,SC,F,false,11,Giridih,,,,nsoarh dqekjh,fxfjMhg@11@fxfjMhg& ¼27½
panchayat_samiti,PS Seat 28 – Giridih,Giridih,सविता दवे ी,,,,,gazette | SC | F,,SC,F,false,11,Giridih,,,,lfork nos h,fxfjMhg@11@fxfjMhg& ¼28½
panchayat_samiti,PS Seat 29 – Giridih,Giridih,राजू दास,,,,,gazette | SC | M | unopposed,,SC,M,true,11,Giridih,,,,jktw nkl,fxfjMhg@11@fxfjMhg& ¼29½
panchayat_samiti,PS Seat 30 – Giridih,Giridih,दुलारी देवी,,,,,gazette | UR | F,,UR,F,false,11,Giridih,,,,nqykjh nsoh,fxfjMhg@11@fxfjMhg& ¼30½
panchayat_samiti,PS Seat 31 – Giridih,Giridih,मीना कुमारी,,,,,gazette | SC | F,,SC,F,false,11,Giridih,,,,ehuk dqekjh,fxfjMhg@11@fxfjMhg& ¼31½
panchayat_samiti,PS Seat 32 – Giridih,Giridih,अबुल कलाम,,,,,gazette | UR | M,,UR,M,false,11,Giridih,,,,vcqy dyke,fxfjMhg@11@fxfjMhg& ¼32½
panchayat_samiti,PS Seat 33 – Giridih,Giridih,कुमार सौरभ,,,,,gazette | UR | M,,UR,M,false,11,Giridih,,,,dqekj lkSjHk,fxfjMhg@11@fxfjMhg& ¼33½
panchayat_samiti,PS Seat 34 – Giridih,Giridih,रीणा देवी,,,,,gazette | SC | F | unopposed,,SC,F,true,11,Giridih,,,,jh.kk nsoh,fxfjMhg@11@fxfjMhg& ¼34½
panchayat_samiti,PS Seat 35 – Giridih,Giridih,पिंकी देवी,,,,,gazette | UR | F,,UR,F,false,11,Giridih,,,,fiadh nsoh,fxfjMhg@11@fxfjMhg& ¼35½
panchayat_samiti,PS Seat 36 – Giridih,Giridih,शुभांकर कुमार गुप्ता,,,,,gazette | UR | M,,UR,M,false,11,Giridih,,,,'kqHkkadj dqekj xqIrk,fxfjMhg@11@fxfjMhg& ¼36½
panchayat_samiti,PS Seat 37 – Giridih,Giridih,गायत्री देवी,,,,,gazette | UR | F,,UR,F,false,11,Giridih,,,,xk;=h nsoh,fxfjMhg@11@fxfjMhg& ¼37½
panchayat_samiti,PS Seat 38 – Giridih,Giridih,मीना देवी,,,,,gazette | UR | F,,,F,false,11,Giridih,,,,ehuk nsoh,fxfjMhg@11@fxfjMhg& ¼38½
panchayat_samiti,PS Seat 39 – Giridih,Giridih,फुलमुनी दवे ी,,,,,gazette | UR | M,,,M,false,11,Giridih,,,,Qqyequh nos h,fxfjMhg@11@fxfjMhg& ¼39½
mukhiya,Mukhiya – Kumharlalo,Kumharlalo,अनिता वणर्वाल,,,,,gazette | UR | F,,UR,F,false,10,Pirtand,1,,112980,vfurk o.kZoky,fxfjMhg@10@01&dqEgjykyks
mukhiya,Mukhiya – Bharati Chalkari,Bharati Chalkari,अनामिका हांसदा,,,,,gazette | ST | F,,ST,F,false,10,Pirtand,2,,112972,vukfedk gkalnk,fxfjMhg@10@02&Hkkjrhpydjh
mukhiya,Mukhiya – Chirki,Chirki,सोमरा हेमब्रम,,,,,gazette | ST | M,,ST,M,false,10,Pirtand,3,,112975,lksejk gsEcze,fxfjMhg@10@03&fpjdh
mukhiya,Mukhiya – Madhuban,Madhuban,कविता दवे ी,,,,,gazette | SC | F,,SC,F,false,10,Pirtand,4,,112981,dfork nos h,fxfjMhg@10@04&e/kqcu
mukhiya,Mukhiya – Bandh,Bandh,कौशल्या टुडू,,,,,gazette | ST | F,,ST,F,false,10,Pirtand,5,,112971,dkS'kY;k VqMw,fxfjMhg@10@05&ck¡/k
mukhiya,Mukhiya – Chilga,Chilga,सोमी देवी,,,,,gazette | UR | F,,UR,F,false,10,Pirtand,6,,112974,lkseh nsoh,fxfjMhg@10@06&fpyxk
mukhiya,Mukhiya – Palganj,Palganj,शशिबाला देवी,,,,,gazette | UR | F,,UR,F,false,10,Pirtand,7,,112984,'kf'kckyk nsoh,fxfjMhg@10@07&ikyxat
mukhiya,Mukhiya – Nawadih,Nawadih,सुंदर किस्कू,,,,,gazette | UR | M,,UR,M,false,10,Pirtand,8,,112983,lqanj fdLdw,fxfjMhg@10@08&ukokMhg
mukhiya,Mukhiya – Bishunpur,Bishunpur,अनूप कुमार मिश्रा,,,,,gazette | UR | M,,UR,M,false,10,Pirtand,9,,112973,vuwi dqekj feJk,fxfjMhg@10@09&fc'kquiqj
mukhiya,Mukhiya – Kharpoka,Kharpoka,मोहममद तनवीर,,,,,gazette | UR | M,,UR,M,false,10,Pirtand,10,,112977,eksgEen ruohj,fxfjMhg@10@10&[kjiksdk
mukhiya,Mukhiya – Simarkothi,Simarkothi,सैमुन खाातून,,,,,gazette | UR | F,,UR,F,false,10,Pirtand,11,,112985,lSequ [kkrwu,fxfjMhg@10@11&flejdks<+h
mukhiya,Mukhiya – Harladih,Harladih,चान्दमनी देवी,,,,,gazette | ST | F,,ST,F,false,10,Pirtand,12,,112976,pkUneuh nsoh,fxfjMhg@10@12&gjykMhg
mukhiya,Mukhiya – Mandaro,Mandaro,प्रमिला हेमब्रोम,,,,,gazette | ST | F,,ST,F,false,10,Pirtand,13,,112982,izfeyk gsEczkse,fxfjMhg@10@13&eaMjks
mukhiya,Mukhiya – Khukhara,Khukhara,सुनैना पाठक,,,,,gazette | UR | M,,UR,M,false,10,Pirtand,14,,112978,lquSuk ikBd,fxfjMhg@10@14&[kq[kjk
mukhiya,Mukhiya – Tuiyo,Tuiyo,राम सागर किस्कू,,,,,gazette | ST | M,,ST,M,false,10,Pirtand,15,,112986,jke lkxj fdLdw,fxfjMhg@10@15&rqbZ;ks
mukhiya,Mukhiya – Badgawan,Badgawan,कन्छान मीरा देवी,,,,,gazette | UR | F,,UR,F,false,10,Pirtand,16,,112970,dUPku ehjk nsoh,fxfjMhg@10@16&cnxkoka
mukhiya,Mukhiya – Kudko,Kudko,मन्टु मुमर् ू,,,,,gazette | ST | M,,ST,M,false,10,Pirtand,17,,112979,eUVq eqeZ w,fxfjMhg@10@17&dqaMdks
mukhiya,Mukhiya – Pahadpur,Pahadpur,मुन्नी हेमब्रम,,,,,gazette | ST | F,,ST,F,false,11,Giridih,1,,112913,eqUuh gsEcze,fxfjMhg@11@1&igkM+iqj
mukhiya,Mukhiya – Sindwariya,Sindwariya,रामेशवर प्रसाद वमार्,,,,,gazette | UR | M,,UR,M,false,11,Giridih,2,,112924,jkes'oj izlkn oekZ,fxfjMhg@11@2&flUnofj;k
mukhiya,Mukhiya – Leda,Leda,शोभा देवी,,,,,gazette | UR | F,,UR,F,false,11,Giridih,3,,112908,'kksHkk nsoh,fxfjMhg@11@3&ysnk
mukhiya,Mukhiya – Bajto,Bajto,अनीता वमार्,,,,,gazette | UR | F,,UR,F,false,11,Giridih,4,,112893,vuhrk oekZ,fxfjMhg@11@4&cTkVks
mukhiya,Mukhiya – Algunda,Algunda,भागिरथा मंडल,,,,,gazette | UR | M,,UR,M,false,11,Giridih,5,,112891,HkkfxjFk eaMy,fxfjMhg@11@5&vyxqUnk
mukhiya,Mukhiya – Senadoni,Senadoni,बालेशवर यादव,,,,,gazette | UR | M,,UR,M,false,11,Giridih,6,,112921,ckys'oj ;kno,fxfjMhg@11@6&lsuknksuh
mukhiya,Mukhiya – Jitpur,Jitpur,बीरवल मंडल,,,,,gazette | UR | M,,UR,M,false,11,Giridih,7,,112905,chjoy eaMy,fxfjMhg@11@7&thriqj
mukhiya,Mukhiya – Badgunda Khurd,Badgunda Khurd,फूलचंद बास्के,,,,,gazette | ST | M,,ST,M,false,11,Giridih,8,,112892,Qwypan ckLds,fxfjMhg@11@8&cnxqUnk[kqnZ
mukhiya,Mukhiya – Berdonga,Berdonga,अजूर्न मर.डी,,,,,gazette | ST | M,,ST,M,false,11,Giridih,9,,112896,vtwZu ej.Mh,fxfjMhg@11@9&csjnksaxk
mukhiya,Mukhiya – Palmo,Palmo,किनी देवी,,,,,gazette | UR | F,,UR,F,false,11,Giridih,10,,112914,fduh nsoh,fxfjMhg@11@10&ikyeks
mukhiya,Mukhiya – Barahmoriya,Barahmoriya,मुना लाल,,,,,gazette | UR | M,,UR,M,false,11,Giridih,11,,112894,equk yky,fxfjMhg@11@11&cjgeksfj;k
mukhiya,Mukhiya – Karharbari,Karharbari,सहारा खाातुन,,,,,gazette | UR | F,,UR,F,false,11,Giridih,12,,112906,lgkjk [kkrqu,fxfjMhg@11@12&djgjckjh
mukhiya,Mukhiya – Telodih,Telodih,शब्बीर आलम,,,,,gazette | UR | M,,UR,M,false,11,Giridih,13,,112926,'kCchj vkye,fxfjMhg@11@13&rsyksMhg
mukhiya,Mukhiya – Khawa,Khawa,मोहन मंडल,,,,,gazette | UR | M,,UR,M,false,11,Giridih,14,,112907,eksgu eaMy,fxfjMhg@11@14&[kkok
mukhiya,Mukhiya – Pindatand,Pindatand,पुषपा देवी,,,,,gazette | UR | F,,UR,F,false,11,Giridih,15,,112919,"iq""ik nsoh",fxfjMhg@11@15&fi.MkVkaM+
mukhiya,Mukhiya – Sikdardih,Sikdardih,जमीला खाातुन,,,,,gazette | UR | F,,UR,F,false,11,Giridih,16,,112923,tehyk [kkrqu,fxfjMhg@11@16&fldnkjMhg
mukhiya,Mukhiya – Parsatand,Parsatand,कुंती देवी,,,,,gazette | UR | F,,UR,F,false,11,Giridih,17,,112917,dqarh nsoh,fxfjMhg@11@17&ijlkVkaM+
mukhiya,Mukhiya – Maheshlundi,Maheshlundi,शिवनाथा साव,,,,,gazette | UR | M,,UR,M,false,11,Giridih,18,,112909,f'koukFk lko,fxfjMhg@11@18&egs'kyq.Mh
mukhiya,Mukhiya – Akdoni Kala,Akdoni Kala,मनोज पासी,,,,,gazette | SC | M,,SC,M,false,11,Giridih,19,,112889,eukst iklh,fxfjMhg@11@19&vdnksuhdyk
mukhiya,Mukhiya – Matrukha,Matrukha,रवीन्द्र कुमार,,,,,gazette | UR | M,,UR,M,false,11,Giridih,20,,112911,johUnz dqekj,fxfjMhg@11@20&eV:[kk
mukhiya,Mukhiya – Purnanagar,Purnanagar,मीना देवी,,,,,gazette | SC | F,,SC,F,false,11,Giridih,21,,112920,ehuk nsoh,fxfjMhg@11@21&iqjukuxj
mukhiya,Mukhiya – Chunjaka,Chunjaka,सवित्री देवी,,,,,gazette | SC | F,,SC,F,false,11,Giridih,22,,112899,lfo=h nsoh,fxfjMhg@11@22&pq¡atdk
mukhiya,Mukhiya – Akdoni Khurd,Akdoni Khurd,मेघलाल दास,,,,,gazette | SC | M,,SC,M,false,11,Giridih,23,,112890,es?kyky nkl,fxfjMhg@11@23&vdnksuh[kqnZ
mukhiya,Mukhiya – Mangarodih,Mangarodih,आशा देवी,,,,,gazette | UR | F,,UR,F,false,11,Giridih,24,,112910,vk'kk nsoh,fxfjMhg@11@24&eaxjksMhg
mukhiya,Mukhiya – Patrodih,Patrodih,इन्दू कुमारी,,,,,gazette | SC | F,,SC,F,false,11,Giridih,25,,112918,bUnw dqekjh,fxfjMhg@11@25&irjksMhg
mukhiya,Mukhiya – Udanabad,Udanabad,काजल देवी,,,,,gazette | UR | F,,UR,F,false,11,Giridih,26,,112927,dkty nsoh,fxfjMhg@11@26&mnukckn
mukhiya,Mukhiya – Mohanpur,Mohanpur,मालती देवी,,,,,gazette | UR | F,,UR,F,false,11,Giridih,27,,112912,ekyrh nsoh,fxfjMhg@11@27&eksguiqj
mukhiya,Mukhiya – Gadi Srirampur,Gadi Srirampur,कंचन देवी,,,,,gazette | UR | F,,UR,F,false,11,Giridih,28,,112902,dapu nsoh,fxfjMhg@11@28&xknhJhjkeiqj
mukhiya,Mukhiya – Jaspur,Jaspur,बुधानी दवे ी,,,,,gazette | ST | F,,ST,F,false,11,Giridih,29,,112904,cq/kuh nos h,fxfjMhg@11@29&tliqj
mukhiya,Mukhiya – Phulchi,Phulchi,चंपा मरा.डी,,,,,gazette | ST | F,,ST,F,false,11,Giridih,30,,112901,paik ejk.Mh,fxfjMhg@11@30&Qqyph
ward,Ward 1 – Kumharlalo,Kumharlalo,श्रीमती छोटकी देवी,,,,,gazette | UR | F,,,F,false,10,Pirtand,1,1,112980,Jherh NksVdh nsoh,fxfjMhg@10@1@dqEgjykyks&¼01½
ward,Ward 2 – Kumharlalo,Kumharlalo,श्रीमती गीता मुमर्ू,,,,,gazette | UR | F,,UR,F,false,10,Pirtand,1,2,112980,Jherh xhrk eqeZw,fxfjMhg@10@1@dqEgjykyks&¼02½
ward,Ward 3 – Kumharlalo,Kumharlalo,श्रीमती अनिता सोरेन,,,,,gazette | UR | F,,,F,false,10,Pirtand,1,3,112980,Jherh vfurk lksjsu,fxfjMhg@10@1@dqEgjykyks&¼03½
ward,Ward 4 – Kumharlalo,Kumharlalo,श्रीमती किरण मुमर्ू,,,,,gazette | UR | M,,,M,false,10,Pirtand,1,4,112980,Jherh fdj.k eqeZw,fxfjMhg@10@1@dqEgjykyks&¼04½
ward,Ward 5 – Kumharlalo,Kumharlalo,श्रीमती मीना देवी,,,,,gazette | UR | F,,,F,false,10,Pirtand,1,5,112980,Jherh ehuk nsoh,fxfjMhg@10@1@dqEgjykyks&¼05½
ward,Ward 6 – Kumharlalo,Kumharlalo,श्री संजय रवानी,,,,,gazette | UR | M,,UR,M,false,10,Pirtand,1,6,112980,Jh lat; jokuh,fxfjMhg@10@1@dqEgjykyks&¼06½
ward,Ward 7 – Kumharlalo,Kumharlalo,श्री हीरालाल मरा.डी,,,,,gazette | UR | M,,,M,false,10,Pirtand,1,7,112980,Jh ghjkyky ejk.Mh,fxfjMhg@10@1@dqEgjykyks&¼07½
ward,Ward 8 – Kumharlalo,Kumharlalo,श्री सुनील रजवार,,,,,gazette | UR | M,,,M,false,10,Pirtand,1,8,112980,Jh lquhy jtokj,fxfjMhg@10@1@dqEgjykyks&¼08½
ward,Ward 9 – Kumharlalo,Kumharlalo,श्रीमती कौशल्या दवे ी,,,,,gazette | UR | F,,UR,F,false,10,Pirtand,1,9,112980,Jherh dkS'kY;k nos h,fxfjMhg@10@1@dqEgjykyks&¼09½
ward,Ward 10 – Kumharlalo,Kumharlalo,श्री नी: साव,,,,,gazette | UR | M,,UR,M,false,10,Pirtand,1,10,112980,Jh uh: lko,fxfjMhg@10@1@dqEgjykyks&¼10½
ward,Ward 11 – Kumharlalo,Kumharlalo,श्रीमती नगीना कुमारी,,,,,gazette | UR | F,,UR,F,false,10,Pirtand,1,11,112980,Jherh uxhuk dqekjh,fxfjMhg@10@1@dqEgjykyks&¼11½
ward,Ward 12 – Kumharlalo,Kumharlalo,श्री गणेश कुमार वमार्,,,,,gazette | UR | M,,UR,M,false,10,Pirtand,1,12,112980,Jh x.ks'k dqekj oekZ,fxfjMhg@10@1@dqEgjykyks&¼12½
ward,Ward 1 – Bharati Chalkari,Bharati Chalkari,श्री नरेश राय,,,,,gazette | UR | M,,UR,M,false,10,Pirtand,2,1,112972,Jh ujs'k jk;,fxfjMhg@10@2@Hkkjrhpydjh&¼01½
ward,Ward 2 – Bharati Chalkari,Bharati Chalkari,श्रीमती सोमरी दवे ी,,,,,gazette | UR | F,,UR,F,false,10,Pirtand,2,2,112972,Jherh lksejh nos h,fxfjMhg@10@2@Hkkjrhpydjh&¼02½
ward,Ward 3 – Bharati Chalkari,Bharati Chalkari,श्रीमती लक्षमी सोरेन,,,,,gazette | UR | F,,UR,F,false,10,Pirtand,2,3,112972,Jherh y{eh lksjsu,fxfjMhg@10@2@Hkkjrhpydjh&¼03½
ward,Ward 4 – Bharati Chalkari,Bharati Chalkari,श्री :पलाल राय,,,,,gazette | UR | M,,UR,M,false,10,Pirtand,2,4,112972,Jh :iyky jk;,fxfjMhg@10@2@Hkkjrhpydjh&¼04½
ward,Ward 5 – Bharati Chalkari,Bharati Chalkari,श्रीमती मालो हेमब्रम,,,,,gazette | UR | F,,,F,false,10,Pirtand,2,5,112972,Jherh ekyks gsEcze,fxfjMhg@10@2@Hkkjrhpydjh&¼05½
ward,Ward 6 – Bharati Chalkari,Bharati Chalkari,श्री बुधान सोरेन,,,,,gazette | UR | M,,UR,M,false,10,Pirtand,2,6,112972,Jh cq/ku lksjsu,fxfjMhg@10@2@Hkkjrhpydjh&¼06½
ward,Ward 7 – Bharati Chalkari,Bharati Chalkari,श्रीमती हिरोमुनी मरांडी,,,,,gazette | UR | M,,,M,false,10,Pirtand,2,7,112972,Jherh fgjksequh ejkaMh,fxfjMhg@10@2@Hkkjrhpydjh&¼07½
ward,Ward 8 – Bharati Chalkari,Bharati Chalkari,श्रीमती देवन्ती दवे ी,,,,,gazette | UR | F,,UR,F,false,10,Pirtand,2,8,112972,Jherh nsoUrh nos h,fxfjMhg@10@2@Hkkjrhpydjh&¼08½
ward,Ward 9 – Bharati Chalkari,Bharati Chalkari,श्रीमती संगीता देवी,,,,,gazette | UR | F,,UR,F,false,10,Pirtand,2,9,112972,Jherh laxhrk nsoh,fxfjMhg@10@2@Hkkjrhpydjh&¼09½
ward,Ward 10 – Bharati Chalkari,Bharati Chalkari,श्री रामलाल मुमूर्,,,,,gazette | UR | M,,,M,false,10,Pirtand,2,10,112972,Jh jkeyky eqewZ,fxfjMhg@10@2@Hkkjrhpydjh&¼10½
ward,Ward 11 – Bharati Chalkari,Bharati Chalkari,श्रीमती छोटकी देवी,,,,,gazette | UR | F,,,F,false,10,Pirtand,2,11,112972,Jherh NksVdh nsoh,fxfjMhg@10@2@Hkkjrhpydjh&¼11½
ward,Ward 12 – Bharati Chalkari,Bharati Chalkari,श्री रोबिन टुडु,,,,,gazette | UR | M,,,M,false,10,Pirtand,2,12,112972,Jh jksfcu VqMq,fxfjMhg@10@2@Hkkjrhpydjh&¼12½
ward,Ward 13 – Bharati Chalkari,Bharati Chalkari,श्रीमति बाहामुनी हांसदा,,,,,gazette | UR | F,,,F,false,10,Pirtand,2,13,112972,Jhefr ckgkequh gkalnk,fxfjMhg@10@2@Hkkjrhpydjh&¼13½
ward,Ward 1 – Chirki,Chirki,श्रीमती सुनिता बेसरा,,,,,gazette | UR | F,,UR,F,false,10,Pirtand,3,1,112975,Jherh lqfurk csljk,fxfjMhg@10@3@fpjdh&¼01½
ward,Ward 2 – Chirki,Chirki,श्री माशर्ल मुमर्ू,,,,,gazette | UR | M,,,M,false,10,Pirtand,3,2,112975,Jh ek'kZy eqeZw,fxfjMhg@10@3@fpjdh&¼02½
ward,Ward 3 – Chirki,Chirki,श्रीमती बहमूनी मरांडी,,,,,gazette | UR | F,,UR,F,false,10,Pirtand,3,3,112975,Jherh cgewuh ejkaMh,fxfjMhg@10@3@fpjdh&¼03½
ward,Ward 4 – Chirki,Chirki,श्रीमती बिनीता सोरेन,,,,,gazette | UR | F,,,F,false,10,Pirtand,3,4,112975,Jherh fcuhrk lksjsu,fxfjMhg@10@3@fpjdh&¼04½
ward,Ward 5 – Chirki,Chirki,श्री सुखादेव महतो,,,,,gazette | UR | M,,UR,M,false,10,Pirtand,3,5,112975,Jh lq[knso egrks,fxfjMhg@10@3@fpjdh&¼05½
ward,Ward 6 – Chirki,Chirki,श्री भिमा टुडू,,,,,gazette | UR | M | unopposed,,,M,true,10,Pirtand,3,6,112975,Jh fHkek VqMw,fxfjMhg@10@3@fpjdh&¼06½
ward,Ward 7 – Chirki,Chirki,श्रीमती भगिया देवी,,,,,gazette | UR | F,,UR,F,false,10,Pirtand,3,7,112975,Jherh Hkfx;k nsoh,fxfjMhg@10@3@fpjdh&¼07½
ward,Ward 8 – Chirki,Chirki,श्री फुचा राय,,,,,gazette | UR | M,,UR,M,false,10,Pirtand,3,8,112975,Jh Qqpk jk;,fxfjMhg@10@3@fpjdh&¼08½
ward,Ward 10 – Chirki,Chirki,श्री अमित कुमार,,,,,gazette | UR | M,,UR,M,false,10,Pirtand,3,10,112975,Jh vfer dqekj,fxfjMhg@10@3@fpjdh&¼10½
ward,Ward 11 – Chirki,Chirki,श्रीमती कलावती दवे ी,,,,,gazette | UR | F,,,F,false,10,Pirtand,3,11,112975,Jherh dykorh nos h,fxfjMhg@10@3@fpjdh&¼11½
ward,Ward 12 – Chirki,Chirki,श्रीमती मैना देवी,,,,,gazette | UR | F,,,F,false,10,Pirtand,3,12,112975,Jherh eSuk nsoh,fxfjMhg@10@3@fpjdh&¼12½
ward,Ward 14 – Chirki,Chirki,श्री नारायण महतो,,,,,gazette | UR | M,,UR,M,false,10,Pirtand,3,14,112975,Jh ukjk;.k egrks,fxfjMhg@10@3@fpjdh&¼14½
ward,Ward 15 – Chirki,Chirki,श्रीमती काजल देवी,,,,,gazette | UR | M,,,M,false,10,Pirtand,3,15,112975,Jherh dkty nsoh,fxfjMhg@10@3@fpjdh&¼15½
ward,Ward 1 – Madhuban,Madhuban,श्रीमती सलीना टुडू,,,,,gazette | UR | F,,,F,false,10,Pirtand,4,1,112981,Jherh lyhuk VqMw,fxfjMhg@10@4@e/kqcu&¼01½
ward,Ward 2 – Madhuban,Madhuban,श्री >रीलाल महतो,,,,,gazette | UR | M,,UR,M,false,10,Pirtand,4,2,112981,Jh >jhyky egrks,fxfjMhg@10@4@e/kqcu&¼02½
ward,Ward 3 – Madhuban,Madhuban,श्रीमती सोहोदी बास्के,,,,,gazette | UR | M,,,M,false,10,Pirtand,4,3,112981,Jherh lksgksnh ckLds,fxfjMhg@10@4@e/kqcu&¼03½
ward,Ward 4 – Madhuban,Madhuban,श्रीमती सुगिया देवी,,,,,gazette | UR | M,,UR,M,false,10,Pirtand,4,4,112981,Jherh lqfx;k nsoh,fxfjMhg@10@4@e/kqcu&¼04½
ward,Ward 5 – Madhuban,Madhuban,श्री अनिल कुमार तुरी,,,,,gazette | UR | M,,UR,M,false,10,Pirtand,4,5,112981,Jh vfuy dqekj rqjh,fxfjMhg@10@4@e/kqcu&¼05½
ward,Ward 6 – Madhuban,Madhuban,श्रीमती हेमन्ती देवी,,,,,gazette | UR | F,,UR,F,false,10,Pirtand,4,6,112981,Jherh gseUrh nsoh,fxfjMhg@10@4@e/kqcu&¼06½
ward,Ward 7 – Madhuban,Madhuban,श्री दशरथा किस्कु,,,,,gazette | UR | M,,,M,false,10,Pirtand,4,7,112981,Jh n'kjFk fdLdq,fxfjMhg@10@4@e/kqcu&¼07½
ward,Ward 8 – Madhuban,Madhuban,श्रीमती चन्दरी देवी,,,,,gazette | UR | F,,UR,F,false,10,Pirtand,4,8,112981,Jherh pUnjh nsoh,fxfjMhg@10@4@e/kqcu&¼08½
ward,Ward 9 – Madhuban,Madhuban,श्रीमती मालवा देवी,,,,,gazette | UR | F,,,F,false,10,Pirtand,4,9,112981,Jherh ekyok nsoh,fxfjMhg@10@4@e/kqcu&¼09½
ward,Ward 10 – Madhuban,Madhuban,श्रीमती दिओया कुमारी,,,,,gazette | UR | F,,UR,F,false,10,Pirtand,4,10,112981,Jherh fnO;k dqekjh,fxfjMhg@10@4@e/kqcu&¼10½
ward,Ward 11 – Madhuban,Madhuban,श्री कुंदन कुमार तुरी,,,,,gazette | UR | M,,,M,false,10,Pirtand,4,11,112981,Jh dqanu dqekj rqjh,fxfjMhg@10@4@e/kqcu&¼11½
ward,Ward 12 – Madhuban,Madhuban,श्रीमती रेखाा देवी,,,,,gazette | UR | M,,UR,M,false,10,Pirtand,4,12,112981,Jherh js[kk nsoh,fxfjMhg@10@4@e/kqcu&¼12½
ward,Ward 13 – Madhuban,Madhuban,श्रीमती दशमी देवी,,,,,gazette | UR | F,,,F,false,10,Pirtand,4,13,112981,Jherh n'keh nsoh,fxfjMhg@10@4@e/kqcu&¼13½
ward,Ward 14 – Madhuban,Madhuban,श्रीमती ललिता देवी,,,,,gazette | UR | F,,UR,F,false,10,Pirtand,4,14,112981,Jherh yfyrk nsoh,fxfjMhg@10@4@e/kqcu&¼14½
ward,Ward 15 – Madhuban,Madhuban,श्रीमती पानो सोरेन,,,,,gazette | UR | F,,UR,F,false,10,Pirtand,4,15,112981,Jherh ikuks lksjsu,fxfjMhg@10@4@e/kqcu&¼15½
ward,Ward 16 – Madhuban,Madhuban,श्रीमती जोबा टुडु,,,,,gazette | UR | F,,,F,false,10,Pirtand,4,16,112981,Jherh tksck VqMq,fxfjMhg@10@4@e/kqcu&¼16½
ward,Ward 17 – Madhuban,Madhuban,श्रीमती सोनिया देवी,,,,,gazette | UR | F,,,F,false,10,Pirtand,4,17,112981,Jherh lksfu;k nsoh,fxfjMhg@10@4@e/kqcu&¼17½
ward,Ward 1 – Bandh,Bandh,श्री चिन्तामनी महतो,,,,,gazette | UR | M,,UR,M,false,10,Pirtand,5,1,112971,Jh fpUrkeuh egrks,fxfjMhg@10@5@ck¡/k&¼01½
ward,Ward 2 – Bandh,Bandh,श्रीमती बसंती दवे ी,,,,,gazette | UR | F,,UR,F,false,10,Pirtand,5,2,112971,Jherh clarh nos h,fxfjMhg@10@5@ck¡/k&¼02½
ward,Ward 3 – Bandh,Bandh,श्री दिनेश मरांडी,,,,,gazette | UR | M,,UR,M,false,10,Pirtand,5,3,112971,Jh fnus'k ejkaMh,fxfjMhg@10@5@ck¡/k&¼03½
ward,Ward 4 – Bandh,Bandh,श्री नुनुलाल मुमूर्,,,,,gazette | UR | M,,,M,false,10,Pirtand,5,4,112971,Jh uquqyky eqewZ,fxfjMhg@10@5@ck¡/k&¼04½
ward,Ward 5 – Bandh,Bandh,श्रीमती पूनम देवी,,,,,gazette | UR | F,,UR,F,false,10,Pirtand,5,5,112971,Jherh iwue nsoh,fxfjMhg@10@5@ck¡/k&¼05½
ward,Ward 6 – Bandh,Bandh,श्रीमती सीतामनी देवी,,,,,gazette | UR | F,,,F,false,10,Pirtand,5,6,112971,Jherh lhrkeuh nsoh,fxfjMhg@10@5@ck¡/k&¼06½
ward,Ward 9 – Bandh,Bandh,श्रीमती कान्ित दवे ी,,,,,gazette | UR | F,,UR,F,false,10,Pirtand,5,9,112971,Jherh dkfUr nos h,fxfjMhg@10@5@ck¡/k&¼09½
ward,Ward 1 – Chilga,Chilga,श्री सुशील मुमूर्,,,,,gazette | UR | M,,,M,false,10,Pirtand,6,1,112974,Jh lq'khy eqewZ,fxfjMhg@10@6@fpyxk&¼01½
ward,Ward 2 – Chilga,Chilga,श्रीमती सै:न निशा,,,,,gazette | UR | F,,UR,F,false,10,Pirtand,6,2,112974,Jherh lS:u fu'kk,fxfjMhg@10@6@fpyxk&¼02½
ward,Ward 3 – Chilga,Chilga,श्रीमती सुनीता देवी,,,,,gazette | UR | F,,,F,false,10,Pirtand,6,3,112974,Jherh lquhrk nsoh,fxfjMhg@10@6@fpyxk&¼03½
ward,Ward 4 – Chilga,Chilga,श्रीमती चन्द्रप्रभा सिन्हा,,,,,gazette | UR | F,,UR,F,false,10,Pirtand,6,4,112974,Jherh pUnzizHkk flUgk,fxfjMhg@10@6@fpyxk&¼04½
ward,Ward 5 – Chilga,Chilga,श्रीमती सुनीता देवी,,,,,gazette | UR | F,,,F,false,10,Pirtand,6,5,112974,Jherh lquhrk nsoh,fxfjMhg@10@6@fpyxk&¼05½
ward,Ward 6 – Chilga,Chilga,श्री सुयर्ुलाल मरांडी,,,,,gazette | UR | M,,UR,M,false,10,Pirtand,6,6,112974,Jh lq;Zqyky ejkaMh,fxfjMhg@10@6@fpyxk&¼06½
ward,Ward 7 – Chilga,Chilga,सुश्री जासो कुमारी,,,,,gazette | UR | F,,,F,false,10,Pirtand,6,7,112974,lqJh tklks dqekjh,fxfjMhg@10@6@fpyxk&¼07½
ward,Ward 8 – Chilga,Chilga,श्री सुनील मरान्डी,,,,,gazette | UR | M,,,M,false,10,Pirtand,6,8,112974,Jh lquhy ejkUMh,fxfjMhg@10@6@fpyxk&¼08½
ward,Ward 9 – Chilga,Chilga,श्रीमती अवनी देवी,,,,,gazette | UR | F,,,F,false,10,Pirtand,6,9,112974,Jherh vouh nsoh,fxfjMhg@10@6@fpyxk&¼09½
ward,Ward 10 – Chilga,Chilga,श्रीमती साजदा प्रवीण,,,,,gazette | UR | M,,UR,M,false,10,Pirtand,6,10,112974,Jherh lktnk izoh.k,fxfjMhg@10@6@fpyxk&¼10½
ward,Ward 11 – Chilga,Chilga,श्रीमती सावित्री दवे ी,,,,,gazette | UR | F,,UR,F,false,10,Pirtand,6,11,112974,Jherh lkfo=h nos h,fxfjMhg@10@6@fpyxk&¼11½
ward,Ward 12 – Chilga,Chilga,श्री मोहन राय,,,,,gazette | UR | M,,UR,M,false,10,Pirtand,6,12,112974,Jh eksgu jk;,fxfjMhg@10@6@fpyxk&¼12½
ward,Ward 1 – Palganj,Palganj,श्री मणि लाल दास,,,,,gazette | UR | M,,,M,false,10,Pirtand,7,1,112984,Jh ef.k yky nkl,fxfjMhg@10@7@ikyxta &¼01½
ward,Ward 2 – Palganj,Palganj,श्रीमती कलावती दवे ी,,,,,gazette | UR | F,,,F,false,10,Pirtand,7,2,112984,Jherh dykorh nos h,fxfjMhg@10@7@ikyxta &¼02½
ward,Ward 3 – Palganj,Palganj,श्री बिरमा सोरेन,,,,,gazette | UR | M,,UR,M,false,10,Pirtand,7,3,112984,Jh fcjek lksjsu,fxfjMhg@10@7@ikyxta &¼03½
ward,Ward 4 – Palganj,Palganj,श्री जितेन्द ्र पंडित,,,,,gazette | UR | M,,UR,M,false,10,Pirtand,7,4,112984,Jh ftrsUn z iafMr,fxfjMhg@10@7@ikyxta &¼04½
ward,Ward 5 – Palganj,Palganj,श्रीमती ममता दवे ी,,,,,gazette | UR | F,,UR,F,false,10,Pirtand,7,5,112984,Jherh eerk nos h,fxfjMhg@10@7@ikyxta &¼05½
ward,Ward 6 – Palganj,Palganj,श्री भोला कुमार साव,,,,,gazette | UR | M,,UR,M,false,10,Pirtand,7,6,112984,Jh Hkksyk dqekj lko,fxfjMhg@10@7@ikyxta &¼06½
ward,Ward 7 – Palganj,Palganj,श्री सकून टुडू,,,,,gazette | UR | F,,,F,false,10,Pirtand,7,7,112984,Jh ldwu VqMw,fxfjMhg@10@7@ikyxta &¼07½
ward,Ward 8 – Palganj,Palganj,श्री मनोहर साहू,,,,,gazette | UR | M,,UR,M,false,10,Pirtand,7,8,112984,Jh euksgj lkgw,fxfjMhg@10@7@ikyxta &¼08½
ward,Ward 9 – Palganj,Palganj,श्रीमती नूतन देवी,,,,,gazette | UR | F,,UR,F,false,10,Pirtand,7,9,112984,Jherh uwru nsoh,fxfjMhg@10@7@ikyxta &¼09½
ward,Ward 10 – Palganj,Palganj,श्रीमती बंधानी दवे ी,,,,,gazette | UR | F,,UR,F,false,10,Pirtand,7,10,112984,Jherh ca/kuh nos h,fxfjMhg@10@7@ikyxta &¼10½
ward,Ward 11 – Palganj,Palganj,श्रीमती मीना देवी,,,,,gazette | UR | F,,UR,F,false,10,Pirtand,7,11,112984,Jherh ehuk nsoh,fxfjMhg@10@7@ikyxta &¼11½
ward,Ward 1 – Nawadih,Nawadih,श्रीमती रेखाा देवी,,,,,gazette | UR | F,,,F,false,10,Pirtand,8,1,112983,Jherh js[kk nsoh,fxfjMhg@10@8@ukokMhg&¼01½
ward,Ward 2 – Nawadih,Nawadih,श्री केदार राय,,,,,gazette | UR | M,,UR,M,false,10,Pirtand,8,2,112983,Jh dsnkj jk;,fxfjMhg@10@8@ukokMhg&¼02½
ward,Ward 3 – Nawadih,Nawadih,श्री किसुन कोल्ह,,,,,gazette | UR | M,,,M,false,10,Pirtand,8,3,112983,Jh fdlqu dksYg,fxfjMhg@10@8@ukokMhg&¼03½
ward,Ward 4 – Nawadih,Nawadih,श्री सुधाीर पंडित,,,,,gazette | UR | M,,UR,M,false,10,Pirtand,8,4,112983,Jh lq/khj iafMr,fxfjMhg@10@8@ukokMhg&¼04½
ward,Ward 5 – Nawadih,Nawadih,श्रीमती सुनिता दवे ी,,,,,gazette | UR | F,,UR,F,false,10,Pirtand,8,5,112983,Jherh lqfurk nos h,fxfjMhg@10@8@ukokMhg&¼05½
ward,Ward 6 – Nawadih,Nawadih,श्रीमती पूजा कुमारी,,,,,gazette | UR | F,,UR,F,false,10,Pirtand,8,6,112983,Jherh iwtk dqekjh,fxfjMhg@10@8@ukokMhg&¼06½
ward,Ward 7 – Nawadih,Nawadih,श्रीमती कंचन देवी,,,,,gazette | UR | F,,UR,F,false,10,Pirtand,8,7,112983,Jherh dapu nsoh,fxfjMhg@10@8@ukokMhg&¼07½
ward,Ward 9 – Nawadih,Nawadih,श्रीमती सरीता देवी,,,,,gazette | UR | F,,,F,false,10,Pirtand,8,9,112983,Jherh ljhrk nsoh,fxfjMhg@10@8@ukokMhg&¼09½
ward,Ward 10 – Nawadih,Nawadih,श्रीमती सुकन्ती देवी,,,,,gazette | UR | F,,,F,false,10,Pirtand,8,10,112983,Jherh lqdUrh nsoh,fxfjMhg@10@8@ukokMhg&¼10½
ward,Ward 11 – Nawadih,Nawadih,श्री शिवलाल मुमर्ू,,,,,gazette | UR | M,,,M,false,10,Pirtand,8,11,112983,Jh f'koyky eqeZw,fxfjMhg@10@8@ukokMhg&¼11½
ward,Ward 12 – Nawadih,Nawadih,श्री भीम सोरेन,,,,,gazette | UR | M,,UR,M,false,10,Pirtand,8,12,112983,Jh Hkhe lksjsu,fxfjMhg@10@8@ukokMhg&¼12½
ward,Ward 1 – Bishunpur,Bishunpur,श्रीमती सुनीता देवी,,,,,gazette | UR | F,,UR,F,false,10,Pirtand,9,1,112973,Jherh lquhrk nsoh,fxfjMhg@10@9@fc'kquiqj&¼01½
ward,Ward 2 – Bishunpur,Bishunpur,श्री गोपाल कोल्ह,,,,,gazette | UR | M,,UR,M,false,10,Pirtand,9,2,112973,Jh xksiky dksYg,fxfjMhg@10@9@fc'kquiqj&¼02½
ward,Ward 3 – Bishunpur,Bishunpur,श्री मधाुसुधान पांडे,,,,,gazette | UR | M,,UR,M,false,10,Pirtand,9,3,112973,Jh e/kqlq/ku ikaMs,fxfjMhg@10@9@fc'kquiqj&¼03½
ward,Ward 4 – Bishunpur,Bishunpur,श्री करमचंद मरा.डी,,,,,gazette | UR | M,,,M,false,10,Pirtand,9,4,112973,Jh djepan ejk.Mh,fxfjMhg@10@9@fc'kquiqj&¼04½
ward,Ward 5 – Bishunpur,Bishunpur,श्रीमती बेबी देवी,,,,,gazette | UR | F,,,F,false,10,Pirtand,9,5,112973,Jherh csch nsoh,fxfjMhg@10@9@fc'kquiqj&¼05½
ward,Ward 6 – Bishunpur,Bishunpur,श्रीमती माधाुरी कुमारी,,,,,gazette | UR | F,,UR,F,false,10,Pirtand,9,6,112973,Jherh ek/kqjh dqekjh,fxfjMhg@10@9@fc'kquiqj&¼06½
ward,Ward 7 – Bishunpur,Bishunpur,श्री कातिर्क दास,,,,,gazette | UR | M,,,M,false,10,Pirtand,9,7,112973,Jh dkfrZd nkl,fxfjMhg@10@9@fc'kquiqj&¼07½
ward,Ward 8 – Bishunpur,Bishunpur,श्रीमती सुनीता मुमर्ू,,,,,gazette | UR | F,,,F,false,10,Pirtand,9,8,112973,Jherh lquhrk eqeZw,fxfjMhg@10@9@fc'kquiqj&¼08½
ward,Ward 9 – Bishunpur,Bishunpur,श्री राजेश सोरेन,,,,,gazette | UR | M,,,M,false,10,Pirtand,9,9,112973,Jh jkts'k lksjsu,fxfjMhg@10@9@fc'kquiqj&¼09½
ward,Ward 10 – Bishunpur,Bishunpur,श्रीमती कांती देवी,,,,,gazette | UR | F,,UR,F,false,10,Pirtand,9,10,112973,Jherh dkarh nsoh,fxfjMhg@10@9@fc'kquiqj&¼10½
ward,Ward 11 – Bishunpur,Bishunpur,श्री भोला मरीक,,,,,gazette | UR | M,,UR,M,false,10,Pirtand,9,11,112973,Jh Hkksyk ejhd,fxfjMhg@10@9@fc'kquiqj&¼11½
ward,Ward 12 – Bishunpur,Bishunpur,श्रीमती सीमा दवे ी,,,,,gazette | UR | F,,UR,F,false,10,Pirtand,9,12,112973,Jherh lhek nos h,fxfjMhg@10@9@fc'kquiqj&¼12½
ward,Ward 13 – Bishunpur,Bishunpur,श्रीमती मंदिरा किस्कू,,,,,gazette | UR | F,,,F,false,10,Pirtand,9,13,112973,Jherh eafnjk fdLdw,fxfjMhg@10@9@fc'kquiqj&¼13½
ward,Ward 14 – Bishunpur,Bishunpur,श्रीमती भुलवा देवी,,,,,gazette | UR | F,,,F,false,10,Pirtand,9,14,112973,Jherh Hkqyok nsoh,fxfjMhg@10@9@fc'kquiqj&¼14½
ward,Ward 1 – Kharpoka,Kharpoka,श्रीमती :पा दवे ी,,,,,gazette | UR | F,,,F,false,10,Pirtand,10,1,112977,Jherh :ik nos h,fxfjMhg@10@10@[kjiksdk&¼01½
ward,Ward 2 – Kharpoka,Kharpoka,श्री लाल मोहममद,,,,,gazette | UR | M,,UR,M,false,10,Pirtand,10,2,112977,Jh yky eksgEen,fxfjMhg@10@10@[kjiksdk&¼02½
ward,Ward 3 – Kharpoka,Kharpoka,श्रीमती बानु खाातुन,,,,,gazette | UR | F,,UR,F,false,10,Pirtand,10,3,112977,Jherh ckuq [kkrqu,fxfjMhg@10@10@[kjiksdk&¼03½
ward,Ward 4 – Kharpoka,Kharpoka,श्रीमती मुनिया खाातुन,,,,,gazette | UR | F,,UR,F,false,10,Pirtand,10,4,112977,Jherh eqfu;k [kkrqu,fxfjMhg@10@10@[kjiksdk&¼04½
ward,Ward 5 – Kharpoka,Kharpoka,श्रीमती सफीना खाातुन,,,,,gazette | UR | F,,UR,F,false,10,Pirtand,10,5,112977,Jherh lQhuk [kkrqu,/fxfjMhg@10@10@[kjiksdk&¼05½
ward,Ward 6 – Kharpoka,Kharpoka,श्रीमती हकीमन खाातून,,,,,gazette | UR | F,,UR,F,false,10,Pirtand,10,6,112977,Jherh gdheu [kkrwu,/fxfjMhg@10@10@[kjiksdk&¼06½
ward,Ward 7 – Kharpoka,Kharpoka,श्री जहांगीर अंसारी,,,,,gazette | UR | M,,UR,M,false,10,Pirtand,10,7,112977,Jh tgkaxhj valkjh,fxfjMhg@10@10@[kjiksdk&¼07½
ward,Ward 8 – Kharpoka,Kharpoka,श्रीमती शहनाज खाातुन,,,,,gazette | UR | F,,UR,F,false,10,Pirtand,10,8,112977,Jherh 'kgukt [kkrqu,fxfjMhg@10@10@[kjiksdk&¼08½
ward,Ward 9 – Kharpoka,Kharpoka,श्रीमती कुन्ती देवी,,,,,gazette | UR | F,,UR,F,false,10,Pirtand,10,9,112977,Jherh dqUrh nsoh,fxfjMhg@10@10@[kjiksdk&¼09½
ward,Ward 10 – Kharpoka,Kharpoka,श्री मिठू ठाकुर,,,,,gazette | UR | M,,UR,M,false,10,Pirtand,10,10,112977,Jh feBw Bkdqj,fxfjMhg@10@10@[kjiksdk&¼10½
ward,Ward 11 – Kharpoka,Kharpoka,श्री चुरामन कोल्ह,,,,,gazette | UR | M,,,M,false,10,Pirtand,10,11,112977,Jh pqjkeu dksYg,fxfjMhg@10@10@[kjiksdk&¼11½
ward,Ward 13 – Kharpoka,Kharpoka,श्री राजु साव,,,,,gazette | UR | M,,UR,M,false,10,Pirtand,10,13,112977,Jh jktq lko,fxfjMhg@10@10@[kjiksdk&¼13½
ward,Ward 16 – Kharpoka,Kharpoka,श्रीमती ज्योति देवी,,,,,gazette | UR | F,,,F,false,10,Pirtand,10,16,112977,Jherh T;ksfr nsoh,fxfjMhg@10@10@[kjiksdk&¼16½
ward,Ward 17 – Kharpoka,Kharpoka,श्री मनीलाल टुडू,,,,,gazette | UR | M,,,M,false,10,Pirtand,10,17,112977,Jh euhyky VqMw,fxfjMhg@10@10@[kjiksdk&¼17½
ward,Ward 1 – Simarkothi,Simarkothi,श्रीमती कविता सोरेन,,,,,gazette | UR | F,,,F,false,10,Pirtand,11,1,112985,Jherh dfork lksjsu,fxfjMhg@10@11@flejdks<h+&¼01½
ward,Ward 2 – Simarkothi,Simarkothi,श्रीमती गुड़िया दवे ी,,,,,gazette | UR | F,,UR,F,false,10,Pirtand,11,2,112985,Jherh xqfM+;k nos h,fxfjMhg@10@11@flejdks<h+&¼02½
ward,Ward 3 – Simarkothi,Simarkothi,श्री मुन्ना सोरने,,,,,gazette | UR | M,,,M,false,10,Pirtand,11,3,112985,Jh eqUuk lksjus,fxfjMhg@10@11@flejdks<h+&¼03½
ward,Ward 4 – Simarkothi,Simarkothi,श्रीमती आरती देवी,,,,,gazette | UR | F,,UR,F,false,10,Pirtand,11,4,112985,Jherh vkjrh nsoh,fxfjMhg@10@11@flejdks<h+&¼04½
ward,Ward 6 – Simarkothi,Simarkothi,बेगम खाातुन,,,,,gazette | UR | F,,UR,F,false,10,Pirtand,11,6,112985,csxe [kkrqu,fxfjMhg@10@11@flejdks<h+&¼06½
ward,Ward 7 – Simarkothi,Simarkothi,श्रीमती अनिता देवी,,,,,gazette | UR | F,,UR,F,false,10,Pirtand,11,7,112985,Jherh vfurk nsoh,fxfjMhg@10@11@flejdks<h+&¼07½
ward,Ward 8 – Simarkothi,Simarkothi,श्रीमती ममता किस्कू,,,,,gazette | UR | M,,,M,false,10,Pirtand,11,8,112985,Jherh eerk fdLdw,fxfjMhg@10@11@flejdks<h+&¼08½
ward,Ward 10 – Simarkothi,Simarkothi,अताउल्लाह अंसारी,,,,,gazette | UR | M,,UR,M,false,10,Pirtand,11,10,112985,vrkmYykg valkjh,fxfjMhg@10@11@flejdks<h+&¼10½
ward,Ward 11 – Simarkothi,Simarkothi,श्रीमती अमीता देवी,,,,,gazette | UR | F,,,F,false,10,Pirtand,11,11,112985,Jherh vehrk nsoh,fxfjMhg@10@11@flejdks<h+&¼11½
ward,Ward 12 – Simarkothi,Simarkothi,श्री लालबहादुर मर.डी,,,,,gazette | UR | M,,UR,M,false,10,Pirtand,11,12,112985,Jh ykycgknqj ej.Mh,fxfjMhg@10@11@flejdks<h+&¼12½
ward,Ward 13 – Simarkothi,Simarkothi,श्रीमती जुलेखाा बीबी,,,,,gazette | UR | M,,UR,M,false,10,Pirtand,11,13,112985,Jherh tqys[kk chch,fxfjMhg@10@11@flejdks<h+&¼13½
ward,Ward 14 – Simarkothi,Simarkothi,श्रीमती फुलमनि देवी,,,,,gazette | UR | F,,,F,false,10,Pirtand,11,14,112985,Jherh Qqyefu nsoh,fxfjMhg@10@11@flejdks<h+&¼14½
ward,Ward 1 – Harladih,Harladih,श्रीमती भारती कुमारी,,,,,gazette | UR | F,,UR,F,false,10,Pirtand,12,1,112976,Jherh Hkkjrh dqekjh,fxfjMhg@10@12@gjykMhg&¼01½
ward,Ward 2 – Harladih,Harladih,श्रीमती मिठू देवी,,,,,gazette | UR | F,,UR,F,false,10,Pirtand,12,2,112976,Jherh feBw nsoh,fxfjMhg@10@12@gjykMhg&¼02½
ward,Ward 3 – Harladih,Harladih,श्री शनिचर हेमब्रम,,,,,gazette | UR | M,,UR,M,false,10,Pirtand,12,3,112976,Jh 'kfupj gsEcze,fxfjMhg@10@12@gjykMhg&¼03½
ward,Ward 4 – Harladih,Harladih,श्रीमती सुनिता दवे ी,,,,,gazette | UR | F,,UR,F,false,10,Pirtand,12,4,112976,Jherh lqfurk nos h,fxfjMhg@10@12@gjykMhg&¼04½
ward,Ward 5 – Harladih,Harladih,श्री बिरेन्द्र मुमूर्,,,,,gazette | UR | M,,,M,false,10,Pirtand,12,5,112976,Jh fcjsUnz eqewZ,fxfjMhg@10@12@gjykMhg&¼05½
ward,Ward 6 – Harladih,Harladih,श्रीमती संगीता देवी,,,,,gazette | UR | F,,,F,false,10,Pirtand,12,6,112976,Jherh laxhrk nsoh,fxfjMhg@10@12@gjykMhg&¼06½
ward,Ward 7 – Harladih,Harladih,श्रीमती शोभामुनी देवी,,,,,gazette | UR | F,,,F,false,10,Pirtand,12,7,112976,Jherh 'kksHkkequh nsoh,fxfjMhg@10@12@gjykMhg&¼07½
ward,Ward 8 – Harladih,Harladih,श्रीमती गीता देवी,,,,,gazette | UR | M,,UR,M,false,10,Pirtand,12,8,112976,Jherh xhrk nsoh,fxfjMhg@10@12@gjykMhg&¼08½
ward,Ward 9 – Harladih,Harladih,श्रीमती पावर्ती देवी,,,,,gazette | UR | F,,UR,F,false,10,Pirtand,12,9,112976,Jherh ikoZrh nsoh,fxfjMhg@10@12@gjykMhg&¼09½
ward,Ward 10 – Harladih,Harladih,श्री मुकेश किस्कु,,,,,gazette | UR | M,,,M,false,10,Pirtand,12,10,112976,Jh eqds'k fdLdq,fxfjMhg@10@12@gjykMhg&¼10½
ward,Ward 11 – Harladih,Harladih,श्रीमती सुमित्रा मुमर् ू,,,,,gazette | UR | M,,,M,false,10,Pirtand,12,11,112976,Jherh lqfe=k eqeZ w,fxfjMhg@10@12@gjykMhg&¼11½
ward,Ward 12 – Harladih,Harladih,श्रीमती बड़की दवे ी,,,,,gazette | UR | F,,,F,false,10,Pirtand,12,12,112976,Jherh cM+dh nos h,fxfjMhg@10@12@gjykMhg&¼12½
ward,Ward 13 – Harladih,Harladih,श्री दवे ीलाल किस्कु,,,,,gazette | UR | M,,UR,M,false,10,Pirtand,12,13,112976,Jh nos hyky fdLdq,fxfjMhg@10@12@gjykMhg&¼13½
ward,Ward 1 – Mandaro,Mandaro,श्री बलराम सोरेन,,,,,gazette | UR | M,,,M,false,10,Pirtand,13,1,112982,Jh cyjke lksjsu,fxfjMhg@10@13@eMa jks&¼01½
ward,Ward 2 – Mandaro,Mandaro,श्रीमती मुनिया देवी,,,,,gazette | UR | F,,,F,false,10,Pirtand,13,2,112982,Jherh eqfu;k nsoh,fxfjMhg@10@13@eMa jks&¼02½
ward,Ward 3 – Mandaro,Mandaro,श्रीमती चमेली कुमारी,,,,,gazette | UR | F,,UR,F,false,10,Pirtand,13,3,112982,Jherh pesyh dqekjh,fxfjMhg@10@13@eMa jks&¼03½
ward,Ward 4 – Mandaro,Mandaro,श्रीमती वीणा देवी,,,,,gazette | UR | F,,UR,F,false,10,Pirtand,13,4,112982,Jherh oh.kk nsoh,fxfjMhg@10@13@eMa jks&¼04½
ward,Ward 5 – Mandaro,Mandaro,श्रीमती शान्ित म.डल,,,,,gazette | UR | M,,UR,M,false,10,Pirtand,13,5,112982,Jherh 'kkfUr e.My,fxfjMhg@10@13@eMa jks&¼05½
ward,Ward 6 – Mandaro,Mandaro,श्री फुलचंद मरा.डी,,,,,gazette | UR | M,,UR,M,false,10,Pirtand,13,6,112982,Jh Qqypan ejk.Mh,fxfjMhg@10@13@eMa jks&¼06½
ward,Ward 7 – Mandaro,Mandaro,श्रीमती देवकी दवे ी,,,,,gazette | UR | F,,,F,false,10,Pirtand,13,7,112982,Jherh nsodh nos h,fxfjMhg@10@13@eMa jks&¼07½
ward,Ward 1 – Khukhara,Khukhara,श्रीमती टुकनी देवी,,,,,gazette | UR | F,,,F,false,10,Pirtand,14,1,112978,Jherh Vqduh nsoh,fxfjMhg@10@14@[kq[kjk&¼01½
ward,Ward 2 – Khukhara,Khukhara,श्रीमती उमिर्ला देवी,,,,,gazette | UR | F,,UR,F,false,10,Pirtand,14,2,112978,Jherh mfeZyk nsoh,fxfjMhg@10@14@[kq[kjk&¼02½
ward,Ward 3 – Khukhara,Khukhara,श्री बजरगं ी साव,,,,,gazette | UR | M,,UR,M,false,10,Pirtand,14,3,112978,Jh ctjxa h lko,fxfjMhg@10@14@[kq[kjk&¼03½
ward,Ward 4 – Khukhara,Khukhara,श्रीमती लोगोनी देवी,,,,,gazette | UR | M,,,M,false,10,Pirtand,14,4,112978,Jherh yksxksuh nsoh,fxfjMhg@10@14@[kq[kjk&¼04½
ward,Ward 5 – Khukhara,Khukhara,श्री राजेन्द्र ठाकुर,,,,,gazette | UR | M,,UR,M,false,10,Pirtand,14,5,112978,Jh jktsUnz Bkdqj,fxfjMhg@10@14@[kq[kjk&¼05½
ward,Ward 6 – Khukhara,Khukhara,श्रीमती आसमा खाातुन,,,,,gazette | UR | F,,UR,F,false,10,Pirtand,14,6,112978,Jherh vklek [kkrqu,fxfjMhg@10@14@[kq[kjk&¼06½
ward,Ward 7 – Khukhara,Khukhara,श्रीमती मुनिया देवी,,,,,gazette | UR | F,,UR,F,false,10,Pirtand,14,7,112978,Jherh eqfu;k nsoh,fxfjMhg@10@14@[kq[kjk&¼07½
ward,Ward 8 – Khukhara,Khukhara,श्रीमती आशा देवी,,,,,gazette | UR | F,,UR,F,false,10,Pirtand,14,8,112978,Jherh vk'kk nsoh,fxfjMhg@10@14@[kq[kjk&¼08½
ward,Ward 9 – Khukhara,Khukhara,श्री नीरज कुमार,,,,,gazette | UR | M,,UR,M,false,10,Pirtand,14,9,112978,Jh uhjt dqekj,fxfjMhg@10@14@[kq[kjk&¼09½
ward,Ward 11 – Khukhara,Khukhara,श्री गोवधार्न रजक,,,,,gazette | UR | M,,UR,M,false,10,Pirtand,14,11,112978,Jh xkso/kZu jtd,fxfjMhg@10@14@[kq[kjk&¼11½
ward,Ward 1 – Tuiyo,Tuiyo,श्रीमती बबीता देवी,,,,,gazette | UR | F,,UR,F,false,10,Pirtand,15,1,112986,Jherh cchrk nsoh,fxfjMhg@10@15@rqbZ;ks&¼01½
ward,Ward 2 – Tuiyo,Tuiyo,शहाबु}ीन अंसारी,,,,,gazette | UR | M,,UR,M,false,10,Pirtand,15,2,112986,'kgkcq}hu valkjh,fxfjMhg@10@15@rqbZ;ks&¼02½
ward,Ward 3 – Tuiyo,Tuiyo,श्रीमती समुन्दरी देवी,,,,,gazette | UR | F,,UR,F,false,10,Pirtand,15,3,112986,Jherh leqUnjh nsoh,fxfjMhg@10@15@rqbZ;ks&¼03½
ward,Ward 4 – Tuiyo,Tuiyo,मोहममद सदाकत,,,,,gazette | UR | M,,UR,M,false,10,Pirtand,15,4,112986,eksgEen lnkdr,fxfjMhg@10@15@rqbZ;ks&¼04½
ward,Ward 5 – Tuiyo,Tuiyo,श्रीमती मेह:न बीबी,,,,,gazette | UR | F,,UR,F,false,10,Pirtand,15,5,112986,Jherh esg:u chch,fxfjMhg@10@15@rqbZ;ks&¼05½
ward,Ward 6 – Tuiyo,Tuiyo,श्री सुरेन्द्र सोरेन,,,,,gazette | UR | M,,,M,false,10,Pirtand,15,6,112986,Jh lqjsUnz lksjsu,fxfjMhg@10@15@rqbZ;ks&¼06½
ward,Ward 7 – Tuiyo,Tuiyo,श्री सुधाीर हेमब्रम,,,,,gazette | UR | M,,,M,false,10,Pirtand,15,7,112986,Jh lq/khj gsEcze,fxfjMhg@10@15@rqbZ;ks&¼07½
ward,Ward 8 – Tuiyo,Tuiyo,श्रीमती रीना टुडु,,,,,gazette | UR | M,,UR,M,false,10,Pirtand,15,8,112986,Jherh jhuk VqMq,fxfjMhg@10@15@rqbZ;ks&¼08½
ward,Ward 9 – Tuiyo,Tuiyo,श्रीमती मती मुमूर्,,,,,gazette | UR | F,,,F,false,10,Pirtand,15,9,112986,Jherh erh eqewZ,fxfjMhg@10@15@rqbZ;ks&¼09½
ward,Ward 12 – Tuiyo,Tuiyo,श्रीमती सरिता देवी,,,,,gazette | UR | F,,,F,false,10,Pirtand,15,12,112986,Jherh lfjrk nsoh,fxfjMhg@10@15@rqbZ;ks&¼12½
ward,Ward 13 – Tuiyo,Tuiyo,श्रीमती लीलावती दवे ी,,,,,gazette | UR | F,,UR,F,false,10,Pirtand,15,13,112986,Jherh yhykorh nos h,fxfjMhg@10@15@rqbZ;ks&¼13½
ward,Ward 1 – Badgawan,Badgawan,सलमा प्रवीण,,,,,gazette | UR | F,,UR,F,false,10,Pirtand,16,1,112970,lyek izoh.k,fxfjMhg@10@16@cnxkok&a ¼01½
ward,Ward 2 – Badgawan,Badgawan,मो0 साजिद अंसारी,,,,,gazette | UR | M,,UR,M,false,10,Pirtand,16,2,112970,eks0 lkftn valkjh,fxfjMhg@10@16@cnxkok&a ¼02½
ward,Ward 3 – Badgawan,Badgawan,श्रीमती पावर्ती देवी,,,,,gazette | UR | F,,UR,F,false,10,Pirtand,16,3,112970,Jherh ikoZrh nsoh,fxfjMhg@10@16@cnxkok&a ¼03½
ward,Ward 4 – Badgawan,Badgawan,श्री निसार अहमद,,,,,gazette | UR | M,,UR,M,false,10,Pirtand,16,4,112970,Jh fulkj vgen,fxfjMhg@10@16@cnxkok&a ¼04½
ward,Ward 5 – Badgawan,Badgawan,श्री सोनाराम टुडू,,,,,gazette | UR | M,,,M,false,10,Pirtand,16,5,112970,Jh lksukjke VqMw,fxfjMhg@10@16@cnxkok&a ¼05½
ward,Ward 6 – Badgawan,Badgawan,श्री विशाल कमर्कार,,,,,gazette | UR | M,,UR,M,false,10,Pirtand,16,6,112970,Jh fo'kky deZdkj,fxfjMhg@10@16@cnxkok&a ¼06½
ward,Ward 7 – Badgawan,Badgawan,श्रीमती नागशे वरी कुमारी,,,,,gazette | UR | F,,UR,F,false,10,Pirtand,16,7,112970,Jherh ukx's ojh dqekjh,fxfjMhg@10@16@cnxkok&a ¼07½
ward,Ward 9 – Badgawan,Badgawan,श्री योगेश प्र0 महतो,,,,,gazette | UR | M,,UR,M,false,10,Pirtand,16,9,112970,Jh ;ksxs'k iz0 egrks,fxfjMhg@10@16@cnxkok&a ¼09½
ward,Ward 10 – Badgawan,Badgawan,श्रीमती बसंती दवे ी,,,,,gazette | UR | M,,,M,false,10,Pirtand,16,10,112970,Jherh clarh nos h,fxfjMhg@10@16@cnxkok&a ¼10½
ward,Ward 1 – Kudko,Kudko,श्री नारायण कोल्ह,,,,,gazette | UR | M,,UR,M,false,10,Pirtand,17,1,112979,Jh ukjk;.k dksYg,fxfjMhg@10@17@dqMa dks&¼01½
ward,Ward 2 – Kudko,Kudko,श्री सीताराम महतो,,,,,gazette | UR | M,,UR,M,false,10,Pirtand,17,2,112979,Jh lhrkjke egrks,fxfjMhg@10@17@dqMa dks&¼02½
ward,Ward 3 – Kudko,Kudko,श्रीमती दशमी कुमारी,,,,,gazette | UR | F,,UR,F,false,10,Pirtand,17,3,112979,Jherh n'keh dqekjh,fxfjMhg@10@17@dqMa dks&¼03½
ward,Ward 4 – Kudko,Kudko,श्रीमती रितु टडु ू,,,,,gazette | UR | F,,UR,F,false,10,Pirtand,17,4,112979,Jherh fjrq VMq w,fxfjMhg@10@17@dqMa dks&¼04½
ward,Ward 5 – Kudko,Kudko,श्रीमती धानेशवरी देवी,,,,,gazette | UR | F,,UR,F,false,10,Pirtand,17,5,112979,Jherh /kus'ojh nsoh,fxfjMhg@10@17@dqMa dks&¼05½
ward,Ward 6 – Kudko,Kudko,श्री सुरेश कोल्ह,,,,,gazette | UR | M,,,M,false,10,Pirtand,17,6,112979,Jh lqjs'k dksYg,fxfjMhg@10@17@dqMa dks&¼06½
ward,Ward 7 – Kudko,Kudko,श्रीमती शान्ित दवे ी,,,,,gazette | UR | F,,UR,F,false,10,Pirtand,17,7,112979,Jherh 'kkfUr nos h,fxfjMhg@10@17@dqMa dks&¼07½
ward,Ward 8 – Kudko,Kudko,श्रीमती सुनीता देवी,,,,,gazette | UR | F,,,F,false,10,Pirtand,17,8,112979,Jherh lquhrk nsoh,fxfjMhg@10@17@dqMa dks&¼08½
ward,Ward 9 – Kudko,Kudko,श्री चुन्नीलाल मुमूर्,,,,,gazette | UR | M,,,M,false,10,Pirtand,17,9,112979,Jh pqUuhyky eqewZ,fxfjMhg@10@17@dqMa dks&¼09½
ward,Ward 10 – Kudko,Kudko,श्रीमती संजोती हांसदा,,,,,gazette | UR | F,,,F,false,10,Pirtand,17,10,112979,Jherh latksrh gkalnk,fxfjMhg@10@17@dqMa dks&¼10½
ward,Ward 11 – Kudko,Kudko,श्री महाबली मरा.डी,,,,,gazette | UR | M,,,M,false,10,Pirtand,17,11,112979,Jh egkcyh ejk.Mh,fxfjMhg@10@17@dqMa dks&¼11½
ward,Ward 12 – Kudko,Kudko,श्री नमे चन्द्र हाश्स्दा,,,,,gazette | UR | M,,UR,M,false,10,Pirtand,17,12,112979,Jh ues pUnz gkWLnk,fxfjMhg@10@17@dqMa dks&¼12½
ward,Ward 13 – Kudko,Kudko,श्रीमती पबिता कुमारी,,,,,gazette | UR | F,,,F,false,10,Pirtand,17,13,112979,Jherh ifcrk dqekjh,fxfjMhg@10@17@dqMa dks&¼13½
ward,Ward 14 – Kudko,Kudko,श्रीमती रीता दवे ी,,,,,gazette | UR | F,,,F,false,10,Pirtand,17,14,112979,Jherh jhrk nos h,fxfjMhg@10@17@dqMa dks&¼14½
ward,Ward 15 – Kudko,Kudko,श्री अजय बेसरा,,,,,gazette | UR | M,,UR,M,false,10,Pirtand,17,15,112979,Jh vt; csljk,fxfjMhg@10@17@dqMa dks&¼15½
ward,Ward 1 – Pahadpur,Pahadpur,:कमनी देवी,,,,,gazette | UR | F,,UR,F,false,11,Giridih,1,1,112913,:deuh nsoh,fxfjMhg@11 @01 @igkMi+ qj&¼1½
ward,Ward 2 – Pahadpur,Pahadpur,प्रयाग मंडल,,,,,gazette | UR | M,,UR,M,false,11,Giridih,1,2,112913,iz;kx eaMy,fxfjMhg@11 @01 @igkMi+ qj&¼2½
ward,Ward 3 – Pahadpur,Pahadpur,देवी लाल मुमूर्,,,,,gazette | UR | M,,,M,false,11,Giridih,1,3,112913,nsoh yky eqewZ,fxfjMhg@11 @01 @igkMi+ qj&¼3½
ward,Ward 4 – Pahadpur,Pahadpur,सिकर बेसरा,,,,,gazette | UR | M | unopposed,,UR,M,true,11,Giridih,1,4,112913,fldj csljk,fxfjMhg@11 @01 @igkMi+ qj&¼4½
ward,Ward 5 – Pahadpur,Pahadpur,वहामुनी देवी,,,,,gazette | UR | F,,,F,false,11,Giridih,1,5,112913,ogkequh nsoh,fxfjMhg@11 @01 @igkMi+ qj&¼5½
ward,Ward 6 – Pahadpur,Pahadpur,बिरामुनी मरांडी,,,,,gazette | UR | F,,UR,F,false,11,Giridih,1,6,112913,fcjkequh ejkaMh,fxfjMhg@11 @01 @igkMi+ qj&¼6½
ward,Ward 7 – Pahadpur,Pahadpur,सोनामणि देवी,,,,,gazette | UR | F,,,F,false,11,Giridih,1,7,112913,lksukef.k nsoh,fxfjMhg@11 @01 @igkMi+ qj&¼7½
ward,Ward 8 – Pahadpur,Pahadpur,तालेशवर प्रसाद वमार्,,,,,gazette | UR | M,,UR,M,false,11,Giridih,1,8,112913,rkys'oj izlkn oekZ,fxfjMhg@11 @01 @igkMi+ qj&¼8½
ward,Ward 9 – Pahadpur,Pahadpur,किशोर मुमूर्,,,,,gazette | UR | M | unopposed,,,M,true,11,Giridih,1,9,112913,fd'kksj eqewZ,fxfjMhg@11 @01 @igkMi+ qj&¼9½
ward,Ward 10 – Pahadpur,Pahadpur,पावर्ती कुमारी,,,,,gazette | UR | F,,UR,F,false,11,Giridih,1,10,112913,ikoZrh dqekjh,fxfjMhg@11 @01 @igkMi+ qj&¼10½
ward,Ward 11 – Pahadpur,Pahadpur,कलावती देवी,,,,,gazette | UR | F,,UR,F,false,11,Giridih,1,11,112913,dykorh nsoh,fxfjMhg@11 @01 @igkMi+ qj&¼11½
ward,Ward 12 – Pahadpur,Pahadpur,तारा देवी,,,,,gazette | UR | F,,UR,F,false,11,Giridih,1,12,112913,rkjk nsoh,fxfjMhg@11 @01 @igkMi+ qj&¼12½
ward,Ward 13 – Pahadpur,Pahadpur,शकुन्तला देवी उफर्,,,,,gazette | UR | F,,,F,false,11,Giridih,1,13,112913,'kdqUryk nsoh mQZ,fxfjMhg@11 @01 @igkMi+ qj&¼13½
ward,Ward 1 – Sindwariya,Sindwariya,गायत्री दवे ी,,,,,gazette | UR | F | unopposed,,,F,true,11,Giridih,2,1,112924,xk;=h nos h,fxfjMhg@11@02@flUnofj;k& ¼1½
ward,Ward 2 – Sindwariya,Sindwariya,सुनैना देवी,,,,,gazette | UR | F,,UR,F,false,11,Giridih,2,2,112924,lquSuk nsoh,fxfjMhg@11@02@flUnofj;k& ¼2½
ward,Ward 3 – Sindwariya,Sindwariya,मनीषाा वमार्,,,,,gazette | UR | F,,UR,F,false,11,Giridih,2,3,112924,"euh""kk oekZ",fxfjMhg@11@02@flUnofj;k& ¼3½
ward,Ward 4 – Sindwariya,Sindwariya,चंदा देवी,,,,,gazette | UR | F,,UR,F,false,11,Giridih,2,4,112924,pank nsoh,fxfjMhg@11@02@flUnofj;k& ¼4½
ward,Ward 5 – Sindwariya,Sindwariya,रामलाल टुडु,,,,,gazette | UR | M,,,M,false,11,Giridih,2,5,112924,jkeyky VqMq,fxfjMhg@11@02@flUnofj;k& ¼5½
ward,Ward 6 – Sindwariya,Sindwariya,रीता पा.डेय,,,,,gazette | UR | F,,UR,F,false,11,Giridih,2,6,112924,jhrk ik.Ms;,fxfjMhg@11@02@flUnofj;k& ¼6½
ward,Ward 7 – Sindwariya,Sindwariya,कामली हंस्ादा,,,,,gazette | UR | F,,,F,false,11,Giridih,2,7,112924,dkeyh gaLknk,fxfjMhg@11@02@flUnofj;k& ¼7½
ward,Ward 8 – Sindwariya,Sindwariya,डीलचंद प्रसाद वमार्,,,,,gazette | UR | M,,UR,M,false,11,Giridih,2,8,112924,Mhypan izlkn oekZ,fxfjMhg@11@02@flUnofj;k& ¼8½
ward,Ward 9 – Sindwariya,Sindwariya,बिनोद प्रसाद यादव,,,,,gazette | UR | M,,UR,M,false,11,Giridih,2,9,112924,fcuksn izlkn ;kno,fxfjMhg@11@02@flUnofj;k& ¼9½
ward,Ward 10 – Sindwariya,Sindwariya,राज किशोर सिंह,,,,,gazette | UR | M,,UR,M,false,11,Giridih,2,10,112924,jkt fd'kksj flag,fxfjMhg@11@02@flUnofj;k& ¼10½
ward,Ward 11 – Sindwariya,Sindwariya,समीना खाातुन,,,,,gazette | UR | F,,UR,F,false,11,Giridih,2,11,112924,lehuk [kkrqu,fxfjMhg@11@02@flUnofj;k& ¼11½
ward,Ward 12 – Sindwariya,Sindwariya,प्रयाग प्रसाद वमार्,,,,,gazette | UR | M,,UR,M,false,11,Giridih,2,12,112924,iz;kx izlkn oekZ,fxfjMhg@11@02@flUnofj;k& ¼12½
ward,Ward 1 – Leda,Leda,केदार यादव,,,,,gazette | UR | M,,UR,M,false,11,Giridih,3,1,112908,dsnkj ;kno,fxfjMhg@11@03@yssnk& ¼1½
ward,Ward 2 – Leda,Leda,दशर्न टुडू,,,,,gazette | UR | M,,,M,false,11,Giridih,3,2,112908,n'kZu VqMw,fxfjMhg@11@03@yssnk& ¼2½
ward,Ward 3 – Leda,Leda,सुशीला टुडू,,,,,gazette | UR | F | unopposed,,,F,true,11,Giridih,3,3,112908,lq'khyk VqMw,fxfjMhg@11@03@yssnk& ¼3½
ward,Ward 4 – Leda,Leda,माधाुरी देवी,,,,,gazette | UR | F,,UR,F,false,11,Giridih,3,4,112908,ek/kqjh nsoh,fxfjMhg@11@03@yssnk& ¼4½
ward,Ward 5 – Leda,Leda,डोमन रजक,,,,,gazette | UR | M | unopposed,,,M,true,11,Giridih,3,5,112908,Mkseu jtd,fxfjMhg@11@03@yssnk& ¼5½
ward,Ward 7 – Leda,Leda,मीना देवी,,,,,gazette | UR | F,,UR,F,false,11,Giridih,3,7,112908,ehuk nsoh,fxfjMhg@11@03@yssnk& ¼7½
ward,Ward 8 – Leda,Leda,मालती देवी,,,,,gazette | UR | F,,UR,F,false,11,Giridih,3,8,112908,ekyrh nsoh,fxfjMhg@11@03@yssnk& ¼8½
ward,Ward 9 – Leda,Leda,शंकर तुरी,,,,,gazette | UR | M,,UR,M,false,11,Giridih,3,9,112908,'kadj rqjh,fxfjMhg@11@03@yssnk& ¼9½
ward,Ward 10 – Leda,Leda,रीना देवी,,,,,gazette | UR | F,,UR,F,false,11,Giridih,3,10,112908,jhuk nsoh,fxfjMhg@11@03@yssnk& ¼10½
ward,Ward 11 – Leda,Leda,बाबूलाल प्रसाद वमार्,,,,,gazette | UR | M,,UR,M,false,11,Giridih,3,11,112908,ckcwyky izlkn oekZ,fxfjMhg@11@03@yssnk& ¼11½
ward,Ward 1 – Bajto,Bajto,रेणु देवी,,,,,gazette | UR | F,,UR,F,false,11,Giridih,4,1,112893,js.kq nsoh,fxfjMhg@11@04@ctVks& ¼1½
ward,Ward 2 – Bajto,Bajto,अनिल कुमार कुशवाहा,,,,,gazette | UR | M,,UR,M,false,11,Giridih,4,2,112893,vfuy dqekj dq'kokgk,fxfjMhg@11@04@ctVks& ¼2½
ward,Ward 3 – Bajto,Bajto,गणेश कुमार,,,,,gazette | UR | M,,UR,M,false,11,Giridih,4,3,112893,x.ks'k dqekj,fxfjMhg@11@04@ctVks& ¼3½
ward,Ward 4 – Bajto,Bajto,हीरामुनी देवी,,,,,gazette | UR | F,,,F,false,11,Giridih,4,4,112893,ghjkequh nsoh,fxfjMhg@11@04@ctVks& ¼4½
ward,Ward 5 – Bajto,Bajto,गीता देवी,,,,,gazette | UR | F,,UR,F,false,11,Giridih,4,5,112893,xhrk nsoh,fxfjMhg@11@04@ctVks& ¼5½
ward,Ward 6 – Bajto,Bajto,संगीता कुमारी,,,,,gazette | UR | F,,,F,false,11,Giridih,4,6,112893,laxhrk dqekjh,fxfjMhg@11@04@ctVks& ¼6½
ward,Ward 7 – Bajto,Bajto,:कवा देवी,,,,,gazette | UR | F | unopposed,,UR,F,true,11,Giridih,4,7,112893,:dok nsoh,fxfjMhg@11@04@ctVks& ¼7½
ward,Ward 8 – Bajto,Bajto,रामजी प्रसाद वमार्,,,,,gazette | UR | M,,UR,M,false,11,Giridih,4,8,112893,jketh izlkn oekZ,fxfjMhg@11@04@ctVks& ¼8½
ward,Ward 9 – Bajto,Bajto,मो0 जुमराती अंसारी,,,,,gazette | UR | M,,UR,M,false,11,Giridih,4,9,112893,eks0 tqejkrh valkjh,fxfjMhg@11@04@ctVks& ¼9½
ward,Ward 10 – Bajto,Bajto,अझेला देवी,,,,,gazette | UR | F,,UR,F,false,11,Giridih,4,10,112893,v>ksyk nsoh,fxfjMhg@11@04@ctVks& ¼10½
ward,Ward 11 – Bajto,Bajto,पंकज कुमार वमार्,,,,,gazette | UR | M,,UR,M,false,11,Giridih,4,11,112893,iadt dqekj oekZ,fxfjMhg@11@04@ctVks& ¼11½
ward,Ward 12 – Bajto,Bajto,:पा देवी,,,,,gazette | UR | F,,UR,F,false,11,Giridih,4,12,112893,:ik nsoh,fxfjMhg@11@04@ctVks& ¼12½
ward,Ward 1 – Algunda,Algunda,आशा बास्के,,,,,gazette | UR | F | unopposed,,,F,true,11,Giridih,5,1,112891,vk'kk ckLds,fxfjMhg@11 @05@vyxqUnk&¼1½
ward,Ward 2 – Algunda,Algunda,भरत यादव,,,,,gazette | UR | M,,UR,M,false,11,Giridih,5,2,112891,Hkjr ;kno,fxfjMhg@11 @05@vyxqUnk&¼2½
ward,Ward 3 – Algunda,Algunda,अलका देवी,,,,,gazette | UR | F,,UR,F,false,11,Giridih,5,3,112891,vydk nsoh,fxfjMhg@11 @05@vyxqUnk&¼3½
ward,Ward 4 – Algunda,Algunda,बिन्देशवरी देवी,,,,,gazette | UR | F,,UR,F,false,11,Giridih,5,4,112891,fcUns'ojh nsoh,fxfjMhg@11 @05@vyxqUnk&¼4½
ward,Ward 5 – Algunda,Algunda,सुदमिया देवी,,,,,gazette | UR | F,,,F,false,11,Giridih,5,5,112891,lqnfe;k nsoh,fxfjMhg@11 @05@vyxqUnk&¼5½
ward,Ward 6 – Algunda,Algunda,सुशीला सोरेन,,,,,gazette | UR | F,,,F,false,11,Giridih,5,6,112891,lq'khyk lksjsu,fxfjMhg@11 @05@vyxqUnk&¼6½
ward,Ward 7 – Algunda,Algunda,चांदनी खाातुन,,,,,gazette | UR | F,,UR,F,false,11,Giridih,5,7,112891,pkanuh [kkrqu,fxfjMhg@11 @05@vyxqUnk&¼7½
ward,Ward 8 – Algunda,Algunda,रीना देवी,,,,,gazette | UR | F,,UR,F,false,11,Giridih,5,8,112891,jhuk nsoh,fxfjMhg@11 @05@vyxqUnk&¼8½
ward,Ward 9 – Algunda,Algunda,बाबूलाल महतो,,,,,gazette | UR | M,,UR,M,false,11,Giridih,5,9,112891,ckcwyky egrks,fxfjMhg@11 @05@vyxqUnk&¼9½
ward,Ward 10 – Algunda,Algunda,किशुन सोरेन,,,,,gazette | UR | M,,,M,false,11,Giridih,5,10,112891,fd'kqu lksjsu,fxfjMhg@11 @05@vyxqUnk&¼10½
ward,Ward 11 – Algunda,Algunda,द्रोपती देवी,,,,,gazette | UR | M,,UR,M,false,11,Giridih,5,11,112891,nzksirh nsoh,fxfjMhg@11 @05@vyxqUnk&¼11½
ward,Ward 1 – Senadoni,Senadoni,सावित्री देवी,,,,,gazette | UR | F | unopposed,,UR,F,true,11,Giridih,6,1,112921,lkfo=h nsoh,fxfjMhg@11 @06@lsuknksuh&¼1½
ward,Ward 2 – Senadoni,Senadoni,रोहित कुमार यादव,,,,,gazette | UR | M,,UR,M,false,11,Giridih,6,2,112921,jksfgr dqekj ;kno,fxfjMhg@11 @06@lsuknksuh&¼2½
ward,Ward 3 – Senadoni,Senadoni,प्रीति कुमारी,,,,,gazette | UR | M,,UR,M,false,11,Giridih,6,3,112921,izhfr dqekjh,fxfjMhg@11 @06@lsuknksuh&¼3½
ward,Ward 4 – Senadoni,Senadoni,सुकर मुन्नी दवे ी,,,,,gazette | UR | F,,,F,false,11,Giridih,6,4,112921,lqdj eqUuh nos h,fxfjMhg@11 @06@lsuknksuh&¼4½
ward,Ward 5 – Senadoni,Senadoni,बेबी देवी,,,,,gazette | UR | F | unopposed,,,F,true,11,Giridih,6,5,112921,csch nsoh,fxfjMhg@11 @06@lsuknksuh&¼5½
ward,Ward 6 – Senadoni,Senadoni,जय प्रकाश देव,,,,,gazette | UR | M,,UR,M,false,11,Giridih,6,6,112921,t; izdk'k nso,fxfjMhg@11 @06@lsuknksuh&¼6½
ward,Ward 7 – Senadoni,Senadoni,अनीता दवे ी,,,,,gazette | UR | F,,UR,F,false,11,Giridih,6,7,112921,vuhrk nos h,fxfjMhg@11 @06@lsuknksuh&¼7½
ward,Ward 8 – Senadoni,Senadoni,किताबून खाातुन,,,,,gazette | UR | F,,UR,F,false,11,Giridih,6,8,112921,fdrkcwu [kkrqu,fxfjMhg@11 @06@lsuknksuh&¼8½
ward,Ward 9 – Senadoni,Senadoni,गुड़िया देवी,,,,,gazette | UR | M,,,M,false,11,Giridih,6,9,112921,xqfM+;k nsoh,fxfjMhg@11 @06@lsuknksuh&¼9½
ward,Ward 10 – Senadoni,Senadoni,पंकज कु0 वमार्,,,,,gazette | UR | M,,UR,M,false,11,Giridih,6,10,112921,iadt dq0 oekZ,fxfjMhg@11 @06@lsuknksuh&¼10½
ward,Ward 11 – Senadoni,Senadoni,बसंती देवी,,,,,gazette | UR | F,,UR,F,false,11,Giridih,6,11,112921,clarh nsoh,fxfjMhg@11 @06@lsuknksuh&¼11½
ward,Ward 1 – Jitpur,Jitpur,प्रमीला देवी,,,,,gazette | UR | F | unopposed,,,F,true,11,Giridih,7,1,112905,izehyk nsoh,fxfjMhg@11 @07@thriqj&¼1½
ward,Ward 2 – Jitpur,Jitpur,पुषपा देवी,,,,,gazette | UR | F | unopposed,,UR,F,true,11,Giridih,7,2,112905,"iq""ik nsoh",fxfjMhg@11 @07@thriqj&¼2½
ward,Ward 3 – Jitpur,Jitpur,अनीता दवे ी,,,,,gazette | UR | F,,UR,F,false,11,Giridih,7,3,112905,vuhrk nos h,fxfjMhg@11 @07@thriqj&¼3½
ward,Ward 4 – Jitpur,Jitpur,दीपक कुमार यादव,,,,,gazette | UR | M,,UR,M,false,11,Giridih,7,4,112905,nhid dqekj ;kno,fxfjMhg@11 @07@thriqj&¼4½
ward,Ward 5 – Jitpur,Jitpur,सरिता सोरेन,,,,,gazette | UR | F | unopposed,,,F,true,11,Giridih,7,5,112905,lfjrk lksjsu,fxfjMhg@11 @07@thriqj&¼5½
ward,Ward 6 – Jitpur,Jitpur,सोनाराम मां>ी,,,,,gazette | UR | M,,UR,M,false,11,Giridih,7,6,112905,lksukjke eka>h,fxfjMhg@11 @07@thriqj&¼6½
ward,Ward 7 – Jitpur,Jitpur,श्रीमति सुनिता बेसरा,,,,,gazette | UR | F,,,F,false,11,Giridih,7,7,112905,Jhefr lqfurk csljk,fxfjMhg@11 @07@thriqj&¼7½
ward,Ward 8 – Jitpur,Jitpur,राजू प्रसाद वमार्,,,,,gazette | UR | M,,UR,M,false,11,Giridih,7,8,112905,jktw izlkn oekZ,fxfjMhg@11 @07@thriqj&¼8½
ward,Ward 9 – Jitpur,Jitpur,रीना वमार्,,,,,gazette | UR | F | unopposed,,UR,F,true,11,Giridih,7,9,112905,jhuk oekZ,fxfjMhg@11 @07@thriqj&¼9½
ward,Ward 10 – Jitpur,Jitpur,पवन कुमार मंडल,,,,,gazette | UR | M,,UR,M,false,11,Giridih,7,10,112905,iou dqekj eaMy,fxfjMhg@11 @07@thriqj&¼10½
ward,Ward 11 – Jitpur,Jitpur,कमार् टुडु,,,,,gazette | UR | M | unopposed,,,M,true,11,Giridih,7,11,112905,dekZ VqMq,fxfjMhg@11 @07@thriqj&¼11½
ward,Ward 12 – Jitpur,Jitpur,सरिता देवी,,,,,gazette | UR | F,,UR,F,false,11,Giridih,7,12,112905,lfjrk nsoh,fxfjMhg@11 @07@thriqj&¼12½
ward,Ward 1 – Badgunda Khurd,Badgunda Khurd,जीसु टडु ू,,,,,gazette | UR | M,,UR,M,false,11,Giridih,8,1,112892,thlq VMq w,fxfjMhg@11 @08@cnxqUnk[kqnZ&¼1½
ward,Ward 2 – Badgunda Khurd,Badgunda Khurd,लोगन सोरेन,,,,,gazette | UR | M | unopposed,,,M,true,11,Giridih,8,2,112892,yksxu lksjsu,fxfjMhg@11 @08@cnxqUnk[kqnZ&¼2½
ward,Ward 3 – Badgunda Khurd,Badgunda Khurd,चमपा मुमूर्,,,,,gazette | UR | F | unopposed,,,F,true,11,Giridih,8,3,112892,pEik eqewZ,fxfjMhg@11 @08@cnxqUnk[kqnZ&¼3½
ward,Ward 4 – Badgunda Khurd,Badgunda Khurd,बुधानी देवी,,,,,gazette | UR | F,,,F,false,11,Giridih,8,4,112892,cq/kuh nsoh,fxfjMhg@11 @08@cnxqUnk[kqnZ&¼4½
ward,Ward 5 – Badgunda Khurd,Badgunda Khurd,मंगु टुडू,,,,,gazette | UR | M | unopposed,,,M,true,11,Giridih,8,5,112892,eaxq VqMw,fxfjMhg@11 @08@cnxqUnk[kqnZ&¼5½
ward,Ward 6 – Badgunda Khurd,Badgunda Khurd,सुनिता देवी,,,,,gazette | UR | F,,UR,F,false,11,Giridih,8,6,112892,lqfurk nsoh,fxfjMhg@11 @08@cnxqUnk[kqnZ&¼6½
ward,Ward 7 – Badgunda Khurd,Badgunda Khurd,सरिता देवी,,,,,gazette | UR | F,,UR,F,false,11,Giridih,8,7,112892,lfjrk nsoh,fxfjMhg@11 @08@cnxqUnk[kqnZ&¼7½
ward,Ward 8 – Badgunda Khurd,Badgunda Khurd,फुलमनी देवी,,,,,gazette | UR | F | unopposed,,,F,true,11,Giridih,8,8,112892,Qqyeuh nsoh,fxfjMhg@11 @08@cnxqUnk[kqnZ&¼8½
ward,Ward 9 – Badgunda Khurd,Badgunda Khurd,गिरिधाारी प्रसाद यादव,,,,,gazette | UR | M,,UR,M,false,11,Giridih,8,9,112892,fxfj/kkjh izlkn ;kno,fxfjMhg@11 @08@cnxqUnk[kqnZ&¼9½
ward,Ward 10 – Badgunda Khurd,Badgunda Khurd,सुनीता दवे ी,,,,,gazette | UR | F,,UR,F,false,11,Giridih,8,10,112892,lquhrk nos h,fxfjMhg@11@08@cnxqUnk[kqnZ&¼10½
ward,Ward 1 – Berdonga,Berdonga,शिवलाल मुमर् ू,,,,,gazette | UR | M,,,M,false,11,Giridih,9,1,112896,f'koyky eqeZ w,fxfjMhg@11 @09@csjnkxsa k&¼1½
ward,Ward 2 – Berdonga,Berdonga,सबिता हांसदा,,,,,gazette | UR | F,,UR,F,false,11,Giridih,9,2,112896,lfcrk gkalnk,fxfjMhg@11 @09@csjnkxsa k&¼2½
ward,Ward 3 – Berdonga,Berdonga,सोनी बास्के,,,,,gazette | UR | F | unopposed,,,F,true,11,Giridih,9,3,112896,lksuh ckLds,fxfjMhg@11 @09@csjnkxsa k&¼3½
ward,Ward 4 – Berdonga,Berdonga,लीलावती देवी,,,,,gazette | UR | F,,UR,F,false,11,Giridih,9,4,112896,yhykorh nsoh,fxfjMhg@11 @09@csjnkxsa k&¼4½
ward,Ward 5 – Berdonga,Berdonga,डेगलाल पंडित,,,,,gazette | UR | M,,UR,M,false,11,Giridih,9,5,112896,Msxyky iafMr,fxfjMhg@11 @09@csjnksxa k&¼5½
ward,Ward 6 – Berdonga,Berdonga,हेमन्ती देवी,,,,,gazette | UR | F | unopposed,,,F,true,11,Giridih,9,6,112896,gseUrh nsoh,fxfjMhg@11 @09@csjnkxsa k&¼6½
ward,Ward 7 – Berdonga,Berdonga,घनशयाम दास,,,,,gazette | UR | M,,UR,M,false,11,Giridih,9,7,112896,?ku';ke nkl,fxfjMhg@11 @09@csjnkxsa k&¼7½
ward,Ward 8 – Berdonga,Berdonga,गीता देवी,,,,,gazette | UR | F,,,F,false,11,Giridih,9,8,112896,xhrk nsoh,fxfjMhg@11 @09@csjnkxsa k&¼8½
ward,Ward 1 – Palmo,Palmo,नुनीवाला देवी,,,,,gazette | UR | F,,UR,F,false,11,Giridih,10,1,112914,uquhokyk nsoh,fxfjMhg@11 @10@ikyeks&¼1½
ward,Ward 2 – Palmo,Palmo,पाचु साव,,,,,gazette | UR | M | unopposed,,UR,M,true,11,Giridih,10,2,112914,ikpq lko,fxfjMhg@11 @10@ikyeks&¼2½
ward,Ward 3 – Palmo,Palmo,मामुनी देवी,,,,,gazette | UR | F,,UR,F,false,11,Giridih,10,3,112914,ekequh nsoh,fxfjMhg@11 @10@ikyeks&¼3½
ward,Ward 4 – Palmo,Palmo,रेशमी देवी,,,,,gazette | UR | F | unopposed,,,F,true,11,Giridih,10,4,112914,js'keh nsoh,fxfjMhg@11 @10@ikyeks&¼4½
ward,Ward 5 – Palmo,Palmo,सरिता देवी,,,,,gazette | UR | F | unopposed,,UR,F,true,11,Giridih,10,5,112914,lfjrk nsoh,fxfjMhg@11 @10@ikyeks&¼5½
ward,Ward 6 – Palmo,Palmo,जय प्रकाश नरायण,,,,,gazette | UR | M,,UR,M,false,11,Giridih,10,6,112914,t; izdk'k ujk;.k,fxfjMhg@11 @10@ikyeks&¼6½
ward,Ward 7 – Palmo,Palmo,मधाु देवी,,,,,gazette | UR | F,,UR,F,false,11,Giridih,10,7,112914,e/kq nsoh,fxfjMhg@11 @10@ikyeks&¼7½
ward,Ward 8 – Palmo,Palmo,सुरेश राय,,,,,gazette | UR | M,,UR,M,false,11,Giridih,10,8,112914,lqjs'k jk;,fxfjMhg@11 @10@ikyeks&¼8½
ward,Ward 9 – Palmo,Palmo,बड़की देवी,,,,,gazette | UR | F,,,F,false,11,Giridih,10,9,112914,cM+dh nsoh,fxfjMhg@11 @10@ikyeks&¼9½
ward,Ward 10 – Palmo,Palmo,बालिका देवी,,,,,gazette | UR | F,,UR,F,false,11,Giridih,10,10,112914,ckfydk nsoh,fxfjMhg@11 @10@ikyeks&¼10½
ward,Ward 1 – Barahmoriya,Barahmoriya,फूलमती दवे ी,,,,,gazette | UR | F | unopposed,,UR,F,true,11,Giridih,11,1,112894,Qwyerh nos h,fxfjMhg@11 @11@cjgeksfj;k&¼1½
ward,Ward 2 – Barahmoriya,Barahmoriya,सुदामा देवी,,,,,gazette | UR | F | unopposed,,UR,F,true,11,Giridih,11,2,112894,lqnkek nsoh,fxfjMhg@11 @11@cjgeksfj;k&¼2½
ward,Ward 4 – Barahmoriya,Barahmoriya,बसंती देवी,,,,,gazette | UR | F,,UR,F,false,11,Giridih,11,4,112894,clarh nsoh,fxfjMhg@11 @11@cjgeksfj;k&¼4½
ward,Ward 6 – Barahmoriya,Barahmoriya,खाुशी बास्के,,,,,gazette | UR | F | unopposed,,,F,true,11,Giridih,11,6,112894,[kq'kh ckLds,fxfjMhg@11 @11@cjgeksfj;k&¼6½
ward,Ward 7 – Barahmoriya,Barahmoriya,नंद लाल टुडू,,,,,gazette | UR | M,,,M,false,11,Giridih,11,7,112894,uan yky VqMw,fxfjMhg@11 @11@cjgeksfj;k&¼7½
ward,Ward 8 – Barahmoriya,Barahmoriya,संजय कु0 साव,,,,,gazette | UR | M,,UR,M,false,11,Giridih,11,8,112894,lat; dq0 lko,fxfjMhg@11 @11@cjgeksfj;k&¼8½
ward,Ward 9 – Barahmoriya,Barahmoriya,कौशल्या देवी,,,,,gazette | UR | F,,,F,false,11,Giridih,11,9,112894,dkS'kY;k nsoh,fxfjMhg@11 @11@cjgeksfj;k&¼9½
ward,Ward 10 – Barahmoriya,Barahmoriya,किशुन कुमार,,,,,gazette | UR | M,,UR,M,false,11,Giridih,11,10,112894,fd'kqu dqekj,fxfjMhg@11 @11@cjgeksfj;k&¼10½
ward,Ward 11 – Barahmoriya,Barahmoriya,संगीता देवी,,,,,gazette | UR | F | unopposed,,UR,F,true,11,Giridih,11,11,112894,laxhrk nsoh,fxfjMhg@11 @11@cjgeksfj;k&¼11½
ward,Ward 12 – Barahmoriya,Barahmoriya,मनीषाा कुमारी,,,,,gazette | UR | M,,UR,M,false,11,Giridih,11,12,112894,"euh""kk dqekjh",fxfjMhg@11 @11@cjgeksfj;k&¼12½
ward,Ward 13 – Barahmoriya,Barahmoriya,अनिता ममु ूर्,,,,,gazette | UR | F,,UR,F,false,11,Giridih,11,13,112894,vfurk eeq wZ,fxfjMhg@11 @11@cjgeksfj;k&¼13½
ward,Ward 1 – Karharbari,Karharbari,सेलिना टुडू,,,,,gazette | UR | F | unopposed,,UR,F,true,11,Giridih,12,1,112906,lsfyuk VqMw,fxfjMhg@11 @12@djgjckjh&¼1½
ward,Ward 2 – Karharbari,Karharbari,रबिया बानो,,,,,gazette | UR | F,,UR,F,false,11,Giridih,12,2,112906,jfc;k ckuks,fxfjMhg@11 @12@djgjckjh&¼2½
ward,Ward 3 – Karharbari,Karharbari,शबाना प्रवीण,,,,,gazette | UR | F,,UR,F,false,11,Giridih,12,3,112906,'kckuk izoh.k,fxfjMhg@11 @12@djgjckjh&¼3½
ward,Ward 4 – Karharbari,Karharbari,मो0 फरीद हसन,,,,,gazette | UR | M,,UR,M,false,11,Giridih,12,4,112906,eks0 Qjhn glu,fxfjMhg@11 @12@djgjckjh&¼4½
ward,Ward 5 – Karharbari,Karharbari,अफसाना प्रवीन,,,,,gazette | UR | F,,UR,F,false,11,Giridih,12,5,112906,vQlkuk izohu,fxfjMhg@11 @12@djgjckjh&¼5½
ward,Ward 6 – Karharbari,Karharbari,लखान चौधारी,,,,,gazette | UR | M,,UR,M,false,11,Giridih,12,6,112906,y[ku pkS/kjh,fxfjMhg@11 @12@djgjckjh&¼6½
ward,Ward 7 – Karharbari,Karharbari,सहजादी बानो,,,,,gazette | UR | M,,UR,M,false,11,Giridih,12,7,112906,lgtknh ckuks,fxfjMhg@11 @12@djgjckjh&¼7½
ward,Ward 8 – Karharbari,Karharbari,शबाना प्रवीन,,,,,gazette | UR | F,,UR,F,false,11,Giridih,12,8,112906,'kckuk izohu,fxfjMhg@11 @12@djgjckjh&¼8½
ward,Ward 9 – Karharbari,Karharbari,संगीता हाँसदा,,,,,gazette | UR | F,,,F,false,11,Giridih,12,9,112906,laxhrk gk¡lnk,fxfjMhg@11 @12@djgjckjh&¼9½
ward,Ward 10 – Karharbari,Karharbari,सोनु दवे ी,,,,,gazette | UR | F | unopposed,,,F,true,11,Giridih,12,10,112906,lksuq nos h,fxfjMhg@11 @12@djgjckjh&¼10½
ward,Ward 11 – Karharbari,Karharbari,चालीर्स हेमब्रोम,,,,,gazette | UR | M,,,M,false,11,Giridih,12,11,112906,pkyhZl gsEczkse,fxfjMhg@11 @12@djgjckjh&¼11½
ward,Ward 12 – Karharbari,Karharbari,मुस्तकीम अंसारी,,,,,gazette | UR | M,,UR,M,false,11,Giridih,12,12,112906,eqLrdhe valkjh,fxfjMhg@11 @12@djgjckjh&¼12½
ward,Ward 14 – Karharbari,Karharbari,अमन बेसरा,,,,,gazette | UR | M | unopposed,,,M,true,11,Giridih,12,14,112906,veu csljk,fxfjMhg@11 @12@djgjckjh&¼14½
ward,Ward 15 – Karharbari,Karharbari,बबिता दवे ी,,,,,gazette | UR | M,,,M,false,11,Giridih,12,15,112906,cfcrk nos h,fxfjMhg@11 @12@djgjckjh&¼15½
ward,Ward 16 – Karharbari,Karharbari,निशा गुप्ता,,,,,gazette | UR | F | unopposed,,UR,F,true,11,Giridih,12,16,112906,fu'kk xqIrk,fxfjMhg@11 @12@djgjckjh&¼16½
ward,Ward 17 – Karharbari,Karharbari,अनीता दवे ी,,,,,gazette | UR | F | unopposed,,,F,true,11,Giridih,12,17,112906,vuhrk nos h,fxfjMhg@11 @12@djgjckjh&¼17½
ward,Ward 1 – Telodih,Telodih,रेहाना खाातुन,,,,,gazette | UR | F,,UR,F,false,11,Giridih,13,1,112926,jsgkuk [kkrqu,fxfjMhg@11 @13@rsyksMhg&¼1½
ward,Ward 2 – Telodih,Telodih,मरीयम खाातनू,,,,,gazette | UR | F,,UR,F,false,11,Giridih,13,2,112926,ejh;e [kkruw,fxfjMhg@11 @13@rsyksMhg&¼2½
ward,Ward 3 – Telodih,Telodih,मो0 रिजवान अंसारी,,,,,gazette | UR | M,,UR,M,false,11,Giridih,13,3,112926,eks0 fjtoku valkjh,fxfjMhg@11 @13@rsyksMhg&¼3½
ward,Ward 4 – Telodih,Telodih,मो0 नईमुÌीन अंसारी,,,,,gazette | UR | M,,UR,M,false,11,Giridih,13,4,112926,eks0 ubZeqÌhu valkjh,fxfjMhg@11 @13@rsyksMhg&¼4½
ward,Ward 5 – Telodih,Telodih,हालीमा खाातुन,,,,,gazette | UR | F,,UR,F,false,11,Giridih,13,5,112926,gkyhek [kkrqu,fxfjMhg@11 @13@rsyksMhg&¼5½
ward,Ward 6 – Telodih,Telodih,मो0 नवाजिश,,,,,gazette | UR | M,,UR,M,false,11,Giridih,13,6,112926,eks0 uokft'k,fxfjMhg@11 @13@rsyksMhg&¼6½
ward,Ward 7 – Telodih,Telodih,सकीना खाातुन,,,,,gazette | UR | F,,UR,F,false,11,Giridih,13,7,112926,ldhuk [kkrqu,fxfjMhg@11 @13@rsyksMhg&¼7½
ward,Ward 8 – Telodih,Telodih,शमीमा खाातून,,,,,gazette | UR | F,,UR,F,false,11,Giridih,13,8,112926,'kehek [kkrwu,fxfjMhg@11 @13@rsyksMhg&¼8½
ward,Ward 9 – Telodih,Telodih,:कशाना प्रवीण,,,,,gazette | UR | F,,UR,F,false,11,Giridih,13,9,112926,:d'kkuk izoh.k,fxfjMhg@11 @13@rsyksMhg&¼9½
ward,Ward 10 – Telodih,Telodih,सकीना प्रवीन,,,,,gazette | UR | F,,UR,F,false,11,Giridih,13,10,112926,ldhuk izohu,fxfjMhg@11 @13@rsyksMhg&¼10½
ward,Ward 11 – Telodih,Telodih,तसलीम आरिफ,,,,,gazette | UR | M,,UR,M,false,11,Giridih,13,11,112926,rlyhe vkfjQ,fxfjMhg@11 @13@rsyksMhg&¼11½
ward,Ward 12 – Telodih,Telodih,मनोज कुमार सिंह,,,,,gazette | UR | M,,UR,M,false,11,Giridih,13,12,112926,eukst dqekj flag,fxfjMhg@11 @13@rsyksMhg&¼12½
ward,Ward 13 – Telodih,Telodih,अब्दुल कुÌुस अंसारी,,,,,gazette | UR | M,,UR,M,false,11,Giridih,13,13,112926,vCnqy dqÌql valkjh,fxfjMhg@11 @13@rsyksMhg&¼13½
ward,Ward 14 – Telodih,Telodih,",जाज अहमद अंसारी",,,,,gazette | UR | M,,UR,M,false,11,Giridih,13,14,112926,",tkt vgen valkjh",fxfjMhg@11 @13@rsyksMhg&¼14½
ward,Ward 15 – Telodih,Telodih,नुरजहाँ खाातुन,,,,,gazette | UR | F,,UR,F,false,11,Giridih,13,15,112926,uqjtgk¡ [kkrqu,fxfjMhg@11 @13@rsyksMhg&¼15½
ward,Ward 16 – Telodih,Telodih,शमभुनाथा साव,,,,,gazette | UR | M,,UR,M,false,11,Giridih,13,16,112926,'kEHkqukFk lko,fxfjMhg@11 @13@rsyksMhg&¼16½
ward,Ward 1 – Khawa,Khawa,पती महतो,,,,,gazette | UR | M,,UR,M,false,11,Giridih,14,1,112907,irh egrks,fxfjMhg@11 @14@[kkok&¼1½
ward,Ward 2 – Khawa,Khawa,दुखान मंडल,,,,,gazette | UR | M,,UR,M,false,11,Giridih,14,2,112907,nq[ku eaMy,fxfjMhg@11 @14@[kkok&¼2½
ward,Ward 3 – Khawa,Khawa,अनु कुमारी,,,,,gazette | UR | F,,UR,F,false,11,Giridih,14,3,112907,vuq dqekjh,fxfjMhg@11 @14@[kkok&¼3½
ward,Ward 4 – Khawa,Khawa,बासुदेव मंडल,,,,,gazette | UR | M,,UR,M,false,11,Giridih,14,4,112907,cklqnso eaMy,fxfjMhg@11 @14@[kkok&¼4½
ward,Ward 5 – Khawa,Khawa,कंचन देवी,,,,,gazette | UR | F,,UR,F,false,11,Giridih,14,5,112907,dapu nsoh,fxfjMhg@11 @14@[kkok&¼5½
ward,Ward 6 – Khawa,Khawa,बसन्ती देवी,,,,,gazette | UR | F,,,F,false,11,Giridih,14,6,112907,clUrh nsoh,fxfjMhg@11 @14@[kkok&¼6½
ward,Ward 7 – Khawa,Khawa,सविता देवी,,,,,gazette | UR | F,,UR,F,false,11,Giridih,14,7,112907,lfork nsoh,fxfjMhg@11 @14@[kkok&¼7½
ward,Ward 8 – Khawa,Khawa,कुलदीप कुमार मिश्रा,,,,,gazette | UR | M,,UR,M,false,11,Giridih,14,8,112907,dqynhi dqekj feJk,fxfjMhg@11 @14@[kkok&¼8½
ward,Ward 9 – Khawa,Khawa,रीता कोल्ह,,,,,gazette | UR | F,,,F,false,11,Giridih,14,9,112907,jhrk dksYg,fxfjMhg@11 @14@[kkok&¼9½
ward,Ward 10 – Khawa,Khawa,गुड़िया खाातुन,,,,,gazette | UR | F,,UR,F,false,11,Giridih,14,10,112907,xqfM+;k [kkrqu,fxfjMhg@11 @14@[kkok&¼10½
ward,Ward 11 – Khawa,Khawa,सुरेन्द्र रजक,,,,,gazette | UR | M,,,M,false,11,Giridih,14,11,112907,lqjsUnz jtd,fxfjMhg@11 @14@[kkok&¼11½
ward,Ward 12 – Khawa,Khawa,पेमिया देवी,,,,,gazette | UR | F,,UR,F,false,11,Giridih,14,12,112907,isfe;k nsoh,fxfjMhg@11 @14@[kkok&¼12½
ward,Ward 13 – Khawa,Khawa,पि्रति देवी,,,,,gazette | UR | F,,UR,F,false,11,Giridih,14,13,112907,fizfr nsoh,fxfjMhg@11 @14@[kkok&¼13½
ward,Ward 14 – Khawa,Khawa,बहादुर प्रसाद,,,,,gazette | UR | M,,UR,M,false,11,Giridih,14,14,112907,cgknqj izlkn,fxfjMhg@11 @14@[kkok&¼14½
ward,Ward 1 – Pindatand,Pindatand,प्रेमा देवी,,,,,gazette | UR | F,,UR,F,false,11,Giridih,15,1,112919,izsek nsoh,fxfjMhg@11 @15@fi.MkVkMa &¼1½
ward,Ward 2 – Pindatand,Pindatand,लखान तुरी,,,,,gazette | UR | M,,UR,M,false,11,Giridih,15,2,112919,y[ku rqjh,fxfjMhg@11 @15@fi.MkVkMa &¼2½
ward,Ward 3 – Pindatand,Pindatand,गोपल प्रसाद विशवकमार्,,,,,gazette | UR | M,,UR,M,false,11,Giridih,15,3,112919,xksiy izlkn fo'odekZ,fxfjMhg@11 @15@fi.MkVkMa &¼3½
ward,Ward 4 – Pindatand,Pindatand,गेन्िदया देवी,,,,,gazette | UR | F,,,F,false,11,Giridih,15,4,112919,xsfUn;k nsoh,fxfjMhg@11 @15@fi.MkVkMa &¼4½
ward,Ward 5 – Pindatand,Pindatand,सविता कुमारी,,,,,gazette | UR | F,,UR,F,false,11,Giridih,15,5,112919,lfork dqekjh,fxfjMhg@11 @15@fi.MkVkMa &¼5½
ward,Ward 6 – Pindatand,Pindatand,पोदीना देवी,,,,,gazette | UR | F,,UR,F,false,11,Giridih,15,6,112919,iksnhuk nsoh,fxfjMhg@11 @15@fi.MkVkMa &¼6½
ward,Ward 7 – Pindatand,Pindatand,छठु महतो,,,,,gazette | UR | M,,UR,M,false,11,Giridih,15,7,112919,NBq egrks,fxfjMhg@11 @15@fi.MkVkMa &¼7½
ward,Ward 8 – Pindatand,Pindatand,व`न्दा दवे ी,,,,,gazette | UR | F | unopposed,,UR,F,true,11,Giridih,15,8,112919,o`Unk nos h,fxfjMhg@11 @15@fi.MkVkMa &¼8½
ward,Ward 9 – Pindatand,Pindatand,महावीर साव,,,,,gazette | UR | M,,UR,M,false,11,Giridih,15,9,112919,egkohj lko,fxfjMhg@11 @15@fi.MkVkMa &¼9½
ward,Ward 10 – Pindatand,Pindatand,शीतल कुमारी,,,,,gazette | UR | F,,UR,F,false,11,Giridih,15,10,112919,'khry dqekjh,fxfjMhg@11 @15@fi.MkVkMa &¼10½
ward,Ward 11 – Pindatand,Pindatand,गौरी देवी,,,,,gazette | UR | F,,UR,F,false,11,Giridih,15,11,112919,xkSjh nsoh,fxfjMhg@11 @15@fi.MkVkMa &¼11½
ward,Ward 12 – Pindatand,Pindatand,प्रमीला देवी,,,,,gazette | UR | F,,UR,F,false,11,Giridih,15,12,112919,izehyk nsoh,fxfjMhg@11 @15@fi.MkVkMa &¼12½
ward,Ward 13 – Pindatand,Pindatand,चिंतामणि महतो,,,,,gazette | UR | M,,UR,M,false,11,Giridih,15,13,112919,fparkef.k egrks,fxfjMhg@11 @15@fi.MkVkMa &¼13½
ward,Ward 1 – Sikdardih,Sikdardih,साजिया प्रवीन,,,,,gazette | UR | F,,UR,F,false,11,Giridih,16,1,112923,lkft;k izohu,fxfjMhg@11@16@fldnkjMhg& ¼1½
ward,Ward 2 – Sikdardih,Sikdardih,मुनेसा खाातुन,,,,,gazette | UR | F,,UR,F,false,11,Giridih,16,2,112923,equslk [kkrqu,fxfjMhg@11@16@fldnkjMhg& ¼2½
ward,Ward 3 – Sikdardih,Sikdardih,मुस्ताक अंसारी,,,,,gazette | UR | M,,UR,M,false,11,Giridih,16,3,112923,eqLrkd valkjh,fxfjMhg@11@16@fldnkjMhg& ¼3½
ward,Ward 4 – Sikdardih,Sikdardih,फगेन्द्र कुमार दास,,,,,gazette | UR | M,,,M,false,11,Giridih,16,4,112923,QxsUnz dqekj nkl,fxfjMhg@11@16@fldnkjMhg& ¼4½
ward,Ward 5 – Sikdardih,Sikdardih,रामदुलारी देवी,,,,,gazette | UR | F,,,F,false,11,Giridih,16,5,112923,jkenqykjh nsoh,fxfjMhg@11@16@fldnkjMhg& ¼5½
ward,Ward 6 – Sikdardih,Sikdardih,राजु रविदास,,,,,gazette | UR | M | unopposed,,UR,M,true,11,Giridih,16,6,112923,jktq jfonkl,fxfjMhg@11@16@fldnkjMhg& ¼6½
ward,Ward 7 – Sikdardih,Sikdardih,राखाी देवी,,,,,gazette | UR | F,,UR,F,false,11,Giridih,16,7,112923,jk[kh nsoh,fxfjMhg@11@16@fldnkjMhg& ¼7½
ward,Ward 8 – Sikdardih,Sikdardih,नीतु देवी,,,,,gazette | UR | F | unopposed,,UR,F,true,11,Giridih,16,8,112923,uhrq nsoh,fxfjMhg@11@16@fldnkjMhg& ¼8½
ward,Ward 9 – Sikdardih,Sikdardih,राधिाका देवी,,,,,gazette | UR | F | unopposed,,,F,true,11,Giridih,16,9,112923,jkf/kdk nsoh,fxfjMhg@11@16@fldnkjMhg& ¼9½
ward,Ward 1 – Parsatand,Parsatand,मुन्ना देवी,,,,,gazette | UR | F | unopposed,,UR,F,true,11,Giridih,17,1,112917,eqUuk nsoh,fxfjMhg@11@17@ijlkVkMa &+ ¼1½
ward,Ward 2 – Parsatand,Parsatand,दिलीप कुमार वमार्,,,,,gazette | UR | M,,UR,M,false,11,Giridih,17,2,112917,fnyhi dqekj oekZ,fxfjMhg@11@17@ijlkVkMa &+ ¼2½
ward,Ward 3 – Parsatand,Parsatand,संगीता देवी,,,,,gazette | UR | F,,UR,F,false,11,Giridih,17,3,112917,laxhrk nsoh,fxfjMhg@11@17@ijlkVkMa &+ ¼3½
ward,Ward 4 – Parsatand,Parsatand,बेबी वमा र्,,,,,gazette | UR | F,,UR,F,false,11,Giridih,17,4,112917,csch oek Z,fxfjMhg@11@17@ijlkVkMa &+ ¼4½
ward,Ward 5 – Parsatand,Parsatand,जागेशवरी उफर् पुषपा,,,,,gazette | UR | M,,UR,M,false,11,Giridih,17,5,112917,"tkxs'ojh mQZ iq""ik",fxfjMhg@11@17@ijlkVkMa &+ ¼5½
ward,Ward 6 – Parsatand,Parsatand,राजु दास,,,,,gazette | UR | M,,UR,M,false,11,Giridih,17,6,112917,jktq nkl,fxfjMhg@11@17@ijlkVkMa &+ ¼6½
ward,Ward 7 – Parsatand,Parsatand,संगीता कुमारी,,,,,gazette | UR | F,,,F,false,11,Giridih,17,7,112917,laxhrk dqekjh,fxfjMhg@11@17@ijlkVkMa &+ ¼7½
ward,Ward 8 – Parsatand,Parsatand,धाीरज कुमार,,,,,gazette | UR | M,,,M,false,11,Giridih,17,8,112917,/khjt dqekj,fxfjMhg@11@17@ijlkVkMa &+ ¼8½
ward,Ward 9 – Parsatand,Parsatand,रेणु देवी,,,,,gazette | UR | F,,UR,F,false,11,Giridih,17,9,112917,js.kq nsoh,fxfjMhg@11@17@ijlkVkMa &+ ¼9½
ward,Ward 10 – Parsatand,Parsatand,रेशमा खाातनु,,,,,gazette | UR | F,,UR,F,false,11,Giridih,17,10,112917,js'kek [kkruq,fxfjMhg@11@17@ijlkVkMa &+ ¼10½
ward,Ward 1 – Maheshlundi,Maheshlundi,रेणु देवी,,,,,gazette | UR | F,,UR,F,false,11,Giridih,18,1,112909,js.kq nsoh,fxfjMhg@11 @18@egs'kyq.Mh&¼1½
ward,Ward 2 – Maheshlundi,Maheshlundi,नेहा गुप्ता,,,,,gazette | UR | F,,UR,F,false,11,Giridih,18,2,112909,usgk xqIrk,fxfjMhg@11 @18@egs'kyq.Mh&¼2½
ward,Ward 3 – Maheshlundi,Maheshlundi,अनिल कुमार,,,,,gazette | UR | M,,UR,M,false,11,Giridih,18,3,112909,vfuy dqekj,fxfjMhg@11 @18@egs'kyq.Mh&¼3½
ward,Ward 4 – Maheshlundi,Maheshlundi,किरण देवी,,,,,gazette | UR | F,,UR,F,false,11,Giridih,18,4,112909,fdj.k nsoh,fxfjMhg@11 @18@egs'ky.q Mh&¼4½
ward,Ward 5 – Maheshlundi,Maheshlundi,रमेश कुमार कंधावे,,,,,gazette | UR | M,,UR,M,false,11,Giridih,18,5,112909,jes'k dqekj da/kos,fxfjMhg@11 @18@egs'kyq.Mh&¼5½
ward,Ward 6 – Maheshlundi,Maheshlundi,:न>ुन देवी,,,,,gazette | UR | F | unopposed,,,F,true,11,Giridih,18,6,112909,:u>qu nsoh,fxfjMhg@11 @18@egs'kyq.Mh&¼6½
ward,Ward 7 – Maheshlundi,Maheshlundi,गोबिन्द दास,,,,,gazette | UR | M | unopposed,,,M,true,11,Giridih,18,7,112909,xksfcUn nkl,fxfjMhg@11 @18@egs'kyq.Mh&¼7½
ward,Ward 8 – Maheshlundi,Maheshlundi,विनय कुमार सिंह,,,,,gazette | UR | M,,UR,M,false,11,Giridih,18,8,112909,fou; dqekj flag,fxfjMhg@11 @18@egs'kyq.Mh&¼8½
ward,Ward 9 – Maheshlundi,Maheshlundi,संजय ठाकुर,,,,,gazette | UR | M,,UR,M,false,11,Giridih,18,9,112909,lat; Bkdqj,fxfjMhg@11 @18@egs'kyq.Mh&¼9½
ward,Ward 10 – Maheshlundi,Maheshlundi,कलावती देवी,,,,,gazette | UR | F,,,F,false,11,Giridih,18,10,112909,dykorh nsoh,fxfjMhg@11 @18@egs'kyq.Mh&¼10½
ward,Ward 11 – Maheshlundi,Maheshlundi,रिजवाना प्रवीन,,,,,gazette | UR | F,,UR,F,false,11,Giridih,18,11,112909,fjtokuk izohu,fxfjMhg@11 @18@egs'kyq.Mh&¼11½
ward,Ward 12 – Maheshlundi,Maheshlundi,जगदीश दास,,,,,gazette | UR | M,,,M,false,11,Giridih,18,12,112909,txnh'k nkl,fxfjMhg@11 @18@egs'kyq.Mh&¼12½
ward,Ward 13 – Maheshlundi,Maheshlundi,मो0 इसरार हुसैन,,,,,gazette | UR | M,,UR,M,false,11,Giridih,18,13,112909,eks0 bljkj gqlSu,fxfjMhg@11 @18@egs'kyq.Mh&¼13½
ward,Ward 14 – Maheshlundi,Maheshlundi,अम`ता देवी,,,,,gazette | UR | F,,UR,F,false,11,Giridih,18,14,112909,ve`rk nsoh,fxfjMhg@11 @18@egs'kyq.Mh&¼14½
ward,Ward 15 – Maheshlundi,Maheshlundi,पुनम देवी,,,,,gazette | UR | F,,UR,F,false,11,Giridih,18,15,112909,ique nsoh,fxfjMhg@11 @18@egs'kyq.Mh&¼15½
ward,Ward 1 – Akdoni Kala,Akdoni Kala,चंचला देवी,,,,,gazette | UR | F,,UR,F,false,11,Giridih,19,1,112889,papyk nsoh,fxfjMhg@11@19@vdnksuhdyk&¼1½
ward,Ward 2 – Akdoni Kala,Akdoni Kala,लक्षमी देवी,,,,,gazette | UR | F,,UR,F,false,11,Giridih,19,2,112889,y{eh nsoh,fxfjMhg@11@19@vdnksuhdyk&¼2½
ward,Ward 3 – Akdoni Kala,Akdoni Kala,अनीता दवे ी,,,,,gazette | UR | F,,UR,F,false,11,Giridih,19,3,112889,vuhrk nos h,fxfjMhg@11@19@vdnksuhdyk&¼3½
ward,Ward 4 – Akdoni Kala,Akdoni Kala,गीता देवी,,,,,gazette | UR | F | unopposed,,,F,true,11,Giridih,19,4,112889,xhrk nsoh,fxfjMhg@11@19@vdnksuhdyk&¼4½
ward,Ward 5 – Akdoni Kala,Akdoni Kala,उमिर्ला दवे ी,,,,,gazette | UR | M | unopposed,,UR,M,true,11,Giridih,19,5,112889,mfeZyk nos h,fxfjMhg@11@19@vdnksuhdyk&¼5½
ward,Ward 6 – Akdoni Kala,Akdoni Kala,पवन कुमार यादव,,,,,gazette | UR | M,,UR,M,false,11,Giridih,19,6,112889,iou dqekj ;kno,fxfjMhg@11@19@vdnksuhdyk&¼6½
ward,Ward 7 – Akdoni Kala,Akdoni Kala,राकेश यादव,,,,,gazette | UR | M,,UR,M,false,11,Giridih,19,7,112889,jkds'k ;kno,fxfjMhg@11@19@vdnksuhdyk&¼7½
ward,Ward 8 – Akdoni Kala,Akdoni Kala,प्रदीप शमार्,,,,,gazette | UR | M | unopposed,,UR,M,true,11,Giridih,19,8,112889,iznhi 'kekZ,fxfjMhg@11@19@vdnksuhdyk&¼8½
ward,Ward 9 – Akdoni Kala,Akdoni Kala,सिंधाु देवी,,,,,gazette | UR | F,,UR,F,false,11,Giridih,19,9,112889,fla/kq nsoh,fxfjMhg@11@19@vdnksuhdyk&¼9½
ward,Ward 10 – Akdoni Kala,Akdoni Kala,नगीना देवी,,,,,gazette | UR | F | unopposed,,,F,true,11,Giridih,19,10,112889,uxhuk nsoh,fxfjMhg@11@19@vdnksuhdyk&¼10½
ward,Ward 11 – Akdoni Kala,Akdoni Kala,राजेश दास,,,,,gazette | UR | M,,,M,false,11,Giridih,19,11,112889,jkts'k nkl,fxfjMhg@11@19@vdnksuhdyk&¼11½
ward,Ward 12 – Akdoni Kala,Akdoni Kala,रीता सिंह,,,,,gazette | UR | F | unopposed,,UR,F,true,11,Giridih,19,12,112889,jhrk flag,fxfjMhg@11@19@vdnksuhdyk& ¼12½
ward,Ward 1 – Matrukha,Matrukha,मो0 सÌाम अंसारी,,,,,gazette | UR | M,,UR,M,false,11,Giridih,20,1,112911,eks0 lÌke valkjh,fxfjMhg@11 @20@eV:[kk&¼1½
ward,Ward 2 – Matrukha,Matrukha,निशा देवी,,,,,gazette | UR | F | unopposed,,,F,true,11,Giridih,20,2,112911,fu'kk nsoh,fxfjMhg@11 @20@eV:[kk&¼2½
ward,Ward 3 – Matrukha,Matrukha,रफीदा खाातुन,,,,,gazette | UR | F,,UR,F,false,11,Giridih,20,3,112911,jQhnk [kkrqu,fxfjMhg@11 @20@eV:[kk&¼3½
ward,Ward 4 – Matrukha,Matrukha,:बीना परवीन,,,,,gazette | UR | F,,UR,F,false,11,Giridih,20,4,112911,:chuk ijohu,fxfjMhg@11 @20@eV:[kk&¼4½
ward,Ward 5 – Matrukha,Matrukha,अंजुम आरा,,,,,gazette | UR | F | unopposed,,UR,F,true,11,Giridih,20,5,112911,vatqe vkjk,fxfjMhg@11 @20@eV:[kk&¼5½
ward,Ward 6 – Matrukha,Matrukha,देवचन्द कु0 मंडल,,,,,gazette | UR | M,,UR,M,false,11,Giridih,20,6,112911,nsopUn dq0 eaMy,fxfjMhg@11 @20@eV:[kk&¼6½
ward,Ward 7 – Matrukha,Matrukha,विजय कुमार राणा,,,,,gazette | UR | M,,UR,M,false,11,Giridih,20,7,112911,fot; dqekj jk.kk,fxfjMhg@11 @20@eV:[kk&¼7½
ward,Ward 8 – Matrukha,Matrukha,बासुदेव पंडित,,,,,gazette | UR | M,,UR,M,false,11,Giridih,20,8,112911,cklqnso iafMr,fxfjMhg@11 @20@eV:[kk&¼8½
ward,Ward 9 – Matrukha,Matrukha,मीरा देवी,,,,,gazette | UR | F | unopposed,,,F,true,11,Giridih,20,9,112911,ehjk nsoh,fxfjMhg@11 @20@eV:[kk&¼9½
ward,Ward 10 – Matrukha,Matrukha,चमपा देवी,,,,,gazette | UR | F,,UR,F,false,11,Giridih,20,10,112911,pEik nsoh,fxfjMhg@11 @20@eV:[kk&¼10½
ward,Ward 11 – Matrukha,Matrukha,जागेशवर मडं ल,,,,,gazette | UR | M,,UR,M,false,11,Giridih,20,11,112911,tkxs'oj eMa y,fxfjMhg@11 @20@eV:[kk&¼11½
ward,Ward 12 – Matrukha,Matrukha,राजु कोल्ह,,,,,gazette | UR | M | unopposed,,,M,true,11,Giridih,20,12,112911,jktq dksYg,fxfjMhg@11 @20@eV:[kk&¼12½
ward,Ward 13 – Matrukha,Matrukha,क:णा देवी,,,,,gazette | UR | F,,UR,F,false,11,Giridih,20,13,112911,d:.kk nsoh,fxfjMhg@11 @20@eV:[kk&¼13½
ward,Ward 14 – Matrukha,Matrukha,सुमिता देवी,,,,,gazette | UR | F | unopposed,,UR,F,true,11,Giridih,20,14,112911,lqferk nsoh,fxfjMhg@11 @20@eV:[kk&¼14½
ward,Ward 15 – Matrukha,Matrukha,जय प्रकाश मंडल,,,,,gazette | UR | M,,UR,M,false,11,Giridih,20,15,112911,t; izdk'k eaMy,fxfjMhg@11 @20@eV:[kk&¼15½
ward,Ward 16 – Matrukha,Matrukha,डूमरचन्द दास,,,,,gazette | UR | M,,,M,false,11,Giridih,20,16,112911,MwejpUn nkl,fxfjMhg@11 @20@eV:[kk&¼16½
ward,Ward 1 – Purnanagar,Purnanagar,राजु दास,,,,,gazette | UR | M | unopposed,,,M,true,11,Giridih,21,1,112920,jktq nkl,fxfjMhg@11@21@iqjukuxj& ¼1½
ward,Ward 2 – Purnanagar,Purnanagar,अंजली कुमारी,,,,,gazette | UR | F,,,F,false,11,Giridih,21,2,112920,vatyh dqekjh,fxfjMhg@11@21@iqjukuxj& ¼2½
ward,Ward 3 – Purnanagar,Purnanagar,खिा: दास,,,,,gazette | UR | M,,UR,M,false,11,Giridih,21,3,112920,f[k: nkl,fxfjMhg@11@21@iqjukuxj& ¼3½
ward,Ward 4 – Purnanagar,Purnanagar,रेणु देवी,,,,,gazette | UR | F,,UR,F,false,11,Giridih,21,4,112920,js.kq nsoh,fxfjMhg@11@21@iqjukuxj& ¼4½
ward,Ward 5 – Purnanagar,Purnanagar,फुलवंती देवी,,,,,gazette | UR | F,,UR,F,false,11,Giridih,21,5,112920,Qqyoarh nsoh,fxfjMhg@11@21@iqjukuxj& ¼5½
ward,Ward 6 – Purnanagar,Purnanagar,नौसाद अंसारी,,,,,gazette | UR | M,,UR,M,false,11,Giridih,21,6,112920,ukSlkn valkjh,fxfjMhg@11@21@iqjukuxj& ¼6½
ward,Ward 7 – Purnanagar,Purnanagar,सुनील कुमार साव,,,,,gazette | UR | M,,UR,M,false,11,Giridih,21,7,112920,lquhy dqekj lko,fxfjMhg@11@21@iqjukuxj& ¼7½
ward,Ward 8 – Purnanagar,Purnanagar,सावित्री देवी,,,,,gazette | UR | F,,UR,F,false,11,Giridih,21,8,112920,lkfo=h nsoh,fxfjMhg@11@21@iqjukuxj& ¼8½
ward,Ward 9 – Purnanagar,Purnanagar,चंपा देवी,,,,,gazette | UR | F | unopposed,,UR,F,true,11,Giridih,21,9,112920,paik nsoh,fxfjMhg@11@21@iqjukuxj& ¼9½
ward,Ward 10 – Purnanagar,Purnanagar,उज्जवल कुमार तिवारी,,,,,gazette | UR | M,,UR,M,false,11,Giridih,21,10,112920,mTtoy dqekj frokjh,fxfjMhg@11@21@iqjukuxj& ¼10½
ward,Ward 11 – Purnanagar,Purnanagar,नन्द किशोर पा.डे,,,,,gazette | UR | M,,UR,M,false,11,Giridih,21,11,112920,uUn fd'kksj ik.Ms,fxfjMhg@11@21@iqjukuxj& ¼11½
ward,Ward 12 – Purnanagar,Purnanagar,सुलोचना दवे ी,,,,,gazette | UR | F,,UR,F,false,11,Giridih,21,12,112920,lqykspuk nos h,fxfjMhg@11@21@iqjukuxj& ¼12½
ward,Ward 13 – Purnanagar,Purnanagar,सुकरा मुमूर्,,,,,gazette | UR | M | unopposed,,,M,true,11,Giridih,21,13,112920,lqdjk eqewZ,fxfjMhg@11@21@iqjukuxj& ¼13½
ward,Ward 14 – Purnanagar,Purnanagar,सोनामुनी दवे ी,,,,,gazette | UR | F,,,F,false,11,Giridih,21,14,112920,lksukequh nos h,fxfjMhg@11@21@iqjukuxj& ¼14½
ward,Ward 1 – Chunjaka,Chunjaka,देवान मां>ी,,,,,gazette | UR | M,,UR,M,false,11,Giridih,22,1,112899,nsoku eka>h,fxfjMhg@11@22@pq¡tdk& ¼1½
ward,Ward 2 – Chunjaka,Chunjaka,नीलम देवी,,,,,gazette | UR | F | unopposed,,UR,F,true,11,Giridih,22,2,112899,uhye nsoh,fxfjMhg@11@22@pq¡tdk& ¼2½
ward,Ward 5 – Chunjaka,Chunjaka,सुमित्रा कुमारी,,,,,gazette | UR | F,,,F,false,11,Giridih,22,5,112899,lqfe=k dqekjh,fxfjMhg@11@22@pq¡tdk& ¼5½
ward,Ward 6 – Chunjaka,Chunjaka,ज्योति कुमारी,,,,,gazette | UR | F,,,F,false,11,Giridih,22,6,112899,T;ksfr dqekjh,fxfjMhg@11@22@pq¡tdk& ¼6½
ward,Ward 7 – Chunjaka,Chunjaka,गोविन्द राय,,,,,gazette | UR | M,,UR,M,false,11,Giridih,22,7,112899,xksfoUn jk;,fxfjMhg@11@22@pq¡tdk& ¼7½
ward,Ward 9 – Chunjaka,Chunjaka,नागेशवर पासवान,,,,,gazette | UR | M,,UR,M,false,11,Giridih,22,9,112899,ukxs'oj ikloku,fxfjMhg@11@22@pq¡tdk& ¼9½
ward,Ward 10 – Chunjaka,Chunjaka,कैलाश दास,,,,,gazette | UR | M | unopposed,,,M,true,11,Giridih,22,10,112899,dSyk'k nkl,fxfjMhg@11@22@pq¡tdk& ¼10½
ward,Ward 11 – Chunjaka,Chunjaka,सुशीला देवी,,,,,gazette | UR | F | unopposed,,UR,F,true,11,Giridih,22,11,112899,lq'khyk nsoh,fxfjMhg@11@22@pq¡tdk& ¼11½
ward,Ward 12 – Chunjaka,Chunjaka,नाजिया प्रवीण,,,,,gazette | UR | F,,UR,F,false,11,Giridih,22,12,112899,ukft;k izoh.k,fxfjMhg@11@22@pq¡tdk& ¼12½
ward,Ward 13 – Chunjaka,Chunjaka,ललिता दवे ी,,,,,gazette | UR | F,,UR,F,false,11,Giridih,22,13,112899,yfyrk nos h,fxfjMhg@11@22@pq¡tdk& ¼13½
ward,Ward 14 – Chunjaka,Chunjaka,कौशल्या कुमारी,,,,,gazette | UR | F,,,F,false,11,Giridih,22,14,112899,dkS'kY;k dqekjh,fxfjMhg@11@22@pq¡tdk& ¼14½
ward,Ward 15 – Chunjaka,Chunjaka,मो0 शदाब अखतर,,,,,gazette | UR | M,,UR,M,false,11,Giridih,22,15,112899,eks0 'knkc v[rj,fxfjMhg@11@22@pq¡tdk& ¼15½
ward,Ward 16 – Chunjaka,Chunjaka,सममा परवीन,,,,,gazette | UR | F,,UR,F,false,11,Giridih,22,16,112899,lEek ijohu,fxfjMhg@11@22@pq¡tdk& ¼16½
ward,Ward 17 – Chunjaka,Chunjaka,मो0 मुखतार अंसारी,,,,,gazette | UR | M,,UR,M,false,11,Giridih,22,17,112899,eks0 eq[rkj valkjh,fxfjMhg@11@22@pq¡tdk& ¼17½
ward,Ward 18 – Chunjaka,Chunjaka,:बी साव,,,,,gazette | UR | F,,UR,F,false,11,Giridih,22,18,112899,:ch lko,fxfjMhg@11@22@pq¡tdk& ¼18½
ward,Ward 1 – Akdoni Khurd,Akdoni Khurd,सोनी देवी,,,,,gazette | UR | F,,,F,false,11,Giridih,23,1,112890,lksuh nsoh,fxfjMhg@11@23@vdnksuh[kqnZ& ¼1½
ward,Ward 2 – Akdoni Khurd,Akdoni Khurd,सुरजकला देवी,,,,,gazette | UR | M,,UR,M,false,11,Giridih,23,2,112890,lqjtdyk nsoh,fxfjMhg@11@23@vdnksuh[kqnZ& ¼2½
ward,Ward 3 – Akdoni Khurd,Akdoni Khurd,सुनीता दवे ी,,,,,gazette | UR | M | unopposed,,UR,M,true,11,Giridih,23,3,112890,lquhrk nos h,fxfjMhg@11@23@vdnksuh[kqnZ& ¼3½
ward,Ward 4 – Akdoni Khurd,Akdoni Khurd,निमर्ला देवी,,,,,gazette | UR | F | unopposed,,,F,true,11,Giridih,23,4,112890,fueZyk nsoh,fxfjMhg@11@23@vdnksuh[kqnZ& ¼4½
ward,Ward 5 – Akdoni Khurd,Akdoni Khurd,भुनेशवर दास,,,,,gazette | UR | M | unopposed,,,M,true,11,Giridih,23,5,112890,Hkqus'oj nkl,VIIfxfjMhg@11@23@vdnksuh[kqnZ& ¼5½
ward,Ward 6 – Akdoni Khurd,Akdoni Khurd,राजेश कुमार दास,,,,,gazette | UR | M,,,M,false,11,Giridih,23,6,112890,jkts'k dqekj nkl,fxfjMhg@11@23@vdnksuh[kqnZ& ¼6½
ward,Ward 7 – Akdoni Khurd,Akdoni Khurd,अशोक कुमार दास,,,,,gazette | UR | M,,UR,M,false,11,Giridih,23,7,112890,v'kksd dqekj nkl,fxfjMhg@11@23@vdnksuh[kqnZ& ¼7½
ward,Ward 8 – Akdoni Khurd,Akdoni Khurd,कुसुम देवी,,,,,gazette | UR | F,,,F,false,11,Giridih,23,8,112890,dqlqe nsoh,fxfjMhg@11@23@vdnksuh[kqnZ& ¼8½
ward,Ward 9 – Akdoni Khurd,Akdoni Khurd,रीता देवी,,,,,gazette | UR | F | unopposed,,,F,true,11,Giridih,23,9,112890,jhrk nsoh,fxfjMhg@11@23@vdnksuh[kqnZ& ¼9½
ward,Ward 10 – Akdoni Khurd,Akdoni Khurd,सरोज देवी,,,,,gazette | UR | F,,UR,F,false,11,Giridih,23,10,112890,ljkst nsoh,fxfjMhg@11@23@vdnksuh[kqnZ&¼10½
ward,Ward 11 – Akdoni Khurd,Akdoni Khurd,दुगार् कुमारी,,,,,gazette | UR | F,,UR,F,false,11,Giridih,23,11,112890,nqxkZ dqekjh,fxfjMhg@11@23@vdnksuh[kqnZ&¼11½
ward,Ward 12 – Akdoni Khurd,Akdoni Khurd,संगीता देवी,,,,,gazette | UR | F,,UR,F,false,11,Giridih,23,12,112890,laxhrk nsoh,fxfjMhg@11@23@vdnksuh[kqnZ&¼12½
ward,Ward 13 – Akdoni Khurd,Akdoni Khurd,रोशीला सिंह,,,,,gazette | UR | F,,UR,F,false,11,Giridih,23,13,112890,jks'khyk flag,fxfjMhg@11@23@vdnksuh[kqnZ&¼13½
ward,Ward 1 – Mangarodih,Mangarodih,सुभाषा प्रसाद वमार्,,,,,gazette | UR | M,,UR,M,false,11,Giridih,24,1,112910,"lqHkk""k izlkn oekZ",fxfjMhg@11@24@exa jksMhg& ¼1½
ward,Ward 3 – Mangarodih,Mangarodih,छोटेलाल मरांडी,,,,,gazette | UR | M,,,M,false,11,Giridih,24,3,112910,NksVsyky ejkaMh,fxfjMhg@11@24@exa jksMhg& ¼3½
ward,Ward 4 – Mangarodih,Mangarodih,रेखाा चौड़ंे,,,,,gazette | UR | F | unopposed,,UR,F,true,11,Giridih,24,4,112910,js[kk pkSM+as,fxfjMhg@11@24@exa jksMhg& ¼4½
ward,Ward 5 – Mangarodih,Mangarodih,यशोदा देवी,,,,,gazette | UR | F,,UR,F,false,11,Giridih,24,5,112910,;'kksnk nsoh,fxfjMhg@11@24@exa jksMhg& ¼5½
ward,Ward 6 – Mangarodih,Mangarodih,आेमकार नाथा,,,,,gazette | UR | M,,UR,M,false,11,Giridih,24,6,112910,vksedkj ukFk,fxfjMhg@11@24@exa jksMhg& ¼6½
ward,Ward 7 – Mangarodih,Mangarodih,अनिला देवी,,,,,gazette | UR | F,,UR,F,false,11,Giridih,24,7,112910,vfuyk nsoh,fxfjMhg@11@24@exa jksMhg& ¼7½
ward,Ward 8 – Mangarodih,Mangarodih,सुरेश पासवान,,,,,gazette | UR | M,,,M,false,11,Giridih,24,8,112910,lqjs'k ikloku,fxfjMhg@11@24@exa jksMhg& ¼8½
ward,Ward 9 – Mangarodih,Mangarodih,मालती देवी,,,,,gazette | UR | F,,UR,F,false,11,Giridih,24,9,112910,ekyrh nsoh,fxfjMhg@11@24@exa jksMhg& ¼9½
ward,Ward 10 – Mangarodih,Mangarodih,पूनम देवी,,,,,gazette | UR | F,,UR,F,false,11,Giridih,24,10,112910,iwue nsoh,fxfjMhg@11@24@exa jksMhg& ¼10½
ward,Ward 11 – Mangarodih,Mangarodih,चंदन कुमार शमार्,,,,,gazette | UR | M,,UR,M,false,11,Giridih,24,11,112910,panu dqekj 'kekZ,fxfjMhg@11@24@exa jksMhg& ¼11½
ward,Ward 12 – Mangarodih,Mangarodih,अविनाश कु0 पा.डेय,,,,,gazette | UR | M,,UR,M,false,11,Giridih,24,12,112910,vfouk'k dq0 ik.Ms;,fxfjMhg@11@24@exa jksMhg& ¼12½
ward,Ward 13 – Mangarodih,Mangarodih,संगीता देवी,,,,,gazette | UR | F | unopposed,,,F,true,11,Giridih,24,13,112910,laxhrk nsoh,fxfjMhg@11@24@exa jksMhg& ¼13½
ward,Ward 1 – Patrodih,Patrodih,पिंकी देवी,,,,,gazette | UR | F,,UR,F,false,11,Giridih,25,1,112918,fiadh nsoh,fxfjMhg@11@25@irjksMhg& ¼1½
ward,Ward 2 – Patrodih,Patrodih,पुनम कुमारी,,,,,gazette | UR | F,,UR,F,false,11,Giridih,25,2,112918,ique dqekjh,fxfjMhg@11@25@irjksMhg& ¼2½
ward,Ward 3 – Patrodih,Patrodih,किशुन रजक,,,,,gazette | UR | M | unopposed,,,M,true,11,Giridih,25,3,112918,fd'kqu jtd,fxfjMhg@11@25@irjksMhg& ¼3½
ward,Ward 4 – Patrodih,Patrodih,अनिल कुमार दास,,,,,gazette | UR | M,,UR,M,false,11,Giridih,25,4,112918,vfuy dqekj nkl,fxfjMhg@11@25@irjksMhg& ¼4½
ward,Ward 5 – Patrodih,Patrodih,:कमणी देवी,,,,,gazette | UR | F,,,F,false,11,Giridih,25,5,112918,:de.kh nsoh,fxfjMhg@11@25@irjksMhg& ¼5½
ward,Ward 6 – Patrodih,Patrodih,शंकर दास,,,,,gazette | UR | M | unopposed,,UR,M,true,11,Giridih,25,6,112918,'kadj nkl,fxfjMhg@11@25@irjksMhg& ¼6½
ward,Ward 7 – Patrodih,Patrodih,राखाी देवी,,,,,gazette | UR | F | unopposed,,,F,true,11,Giridih,25,7,112918,jk[kh nsoh,fxfjMhg@11@25@irjksMhg& ¼7½
ward,Ward 8 – Patrodih,Patrodih,आशा दवे ी,,,,,gazette | UR | M | unopposed,,,M,true,11,Giridih,25,8,112918,vk'kk nos h,fxfjMhg@11@25@irjksMhg& ¼8½
ward,Ward 9 – Patrodih,Patrodih,फरहत नाज,,,,,gazette | UR | F,,UR,F,false,11,Giridih,25,9,112918,Qjgr ukt,fxfjMhg@11@25@irjksMhg& ¼9½
ward,Ward 10 – Patrodih,Patrodih,शमीमा बानो,,,,,gazette | UR | F,,UR,F,false,11,Giridih,25,10,112918,'kehek ckuks,fxfjMhg@11@25@irjksMhg& ¼10½
ward,Ward 11 – Patrodih,Patrodih,मो0 शहीद अंसारी,,,,,gazette | UR | M,,UR,M,false,11,Giridih,25,11,112918,eks0 'kghn valkjh,fxfjMhg@11@25@irjksMhg& ¼11½
ward,Ward 12 – Patrodih,Patrodih,मुस्तकीम अंसारी,,,,,gazette | UR | M,,UR,M,false,11,Giridih,25,12,112918,eqLrdhe valkjh,fxfjMhg@11@25@irjksMhg& ¼12½
ward,Ward 13 – Patrodih,Patrodih,रोशन आरा,,,,,gazette | UR | F | unopposed,,UR,F,true,11,Giridih,25,13,112918,jks'ku vkjk,fxfjMhg@11@25@irjksMhg& ¼13½
ward,Ward 14 – Patrodih,Patrodih,मो0 अफताब आलम,,,,,gazette | UR | M,,UR,M,false,11,Giridih,25,14,112918,eks0 vQrkc vkye,fxfjMhg@11@25@irjksMhg& ¼14½
ward,Ward 15 – Patrodih,Patrodih,जरीना खाातुन,,,,,gazette | UR | F,,UR,F,false,11,Giridih,25,15,112918,tjhuk [kkrqu,fxfjMhg@11@25@irjksMhg& ¼15½
ward,Ward 1 – Udanabad,Udanabad,सुनीता दवे ी,,,,,gazette | UR | F,,UR,F,false,11,Giridih,26,1,112927,lquhrk nos h,fxfjMhg@11@26@mnukckn& ¼1½
ward,Ward 2 – Udanabad,Udanabad,प्रकाश कुमार केवट,,,,,gazette | UR | M,,UR,M,false,11,Giridih,26,2,112927,izdk'k dqekj dsoV,fxfjMhg@11@26@mnukckn& ¼2½
ward,Ward 3 – Udanabad,Udanabad,रिंकु देवी,,,,,gazette | UR | F,,UR,F,false,11,Giridih,26,3,112927,fjadq nsoh,fxfjMhg@11@26@mnukckn& ¼3½
ward,Ward 4 – Udanabad,Udanabad,क`षण कुमार त्रिवेदी,,,,,gazette | UR | M,,UR,M,false,11,Giridih,26,4,112927,"d`"".k dqekj f=osnh",fxfjMhg@11@26@mnukckn& ¼4½
ward,Ward 5 – Udanabad,Udanabad,जितेन्द्र कु0 चौबे,,,,,gazette | UR | M,,UR,M,false,11,Giridih,26,5,112927,ftrsUnz dq0 pkScs,fxfjMhg@11@26@mnukckn& ¼5½
ward,Ward 6 – Udanabad,Udanabad,गीता देवी,,,,,gazette | UR | F | unopposed,,UR,F,true,11,Giridih,26,6,112927,xhrk nsoh,fxfjMhg@11@26@mnukckn& ¼6½
ward,Ward 7 – Udanabad,Udanabad,आरती कुमारी,,,,,gazette | UR | F,,,F,false,11,Giridih,26,7,112927,vkjrh dqekjh,fxfjMhg@11@26@mnukckn& ¼7½
ward,Ward 8 – Udanabad,Udanabad,सुलेखाा देवी,,,,,gazette | UR | F,,UR,F,false,11,Giridih,26,8,112927,lqys[kk nsoh,fxfjMhg@11@26@mnukckn& ¼8½
ward,Ward 9 – Udanabad,Udanabad,सुनिता हेमब्रम,,,,,gazette | UR | F,,,F,false,11,Giridih,26,9,112927,lqfurk gsEcze,fxfjMhg@11@26@mnukckn& ¼9½
ward,Ward 10 – Udanabad,Udanabad,मुन्नी देवी,,,,,gazette | UR | F,,UR,F,false,11,Giridih,26,10,112927,eqUuh nsoh,fxfjMhg@11@26@mnukckn& ¼10½
ward,Ward 11 – Udanabad,Udanabad,जगदीश वमार्,,,,,gazette | UR | M,,UR,M,false,11,Giridih,26,11,112927,txnh'k oekZ,fxfjMhg@11@26@mnukckn& ¼11½
ward,Ward 12 – Udanabad,Udanabad,पुषपा देवी,,,,,gazette | UR | F,,UR,F,false,11,Giridih,26,12,112927,"iq""ik nsoh",fxfjMhg@11@26@mnukckn& ¼12½
ward,Ward 13 – Udanabad,Udanabad,सरिता देवी,,,,,gazette | UR | F,,,F,false,11,Giridih,26,13,112927,lfjrk nsoh,fxfjMhg@11@26@mnukckn& ¼13½
ward,Ward 14 – Udanabad,Udanabad,उदय कुमार,,,,,gazette | UR | M | unopposed,,UR,M,true,11,Giridih,26,14,112927,mn; dqekj,fxfjMhg@11@26@mnukckn& ¼14½
ward,Ward 15 – Udanabad,Udanabad,किरण देवी,,,,,gazette | UR | F | unopposed,,UR,F,true,11,Giridih,26,15,112927,fdj.k nsoh,fxfjMhg@11@26@mnukckn& ¼15½
ward,Ward 16 – Udanabad,Udanabad,गणेश कुमार तुरी,,,,,gazette | UR | M,,,M,false,11,Giridih,26,16,112927,x.ks'k dqekj rqjh,fxfjMhg@11@26@mnukckn& ¼16½
ward,Ward 17 – Udanabad,Udanabad,उदय शंकर मरा.डी,,,,,gazette | UR | M,,,M,false,11,Giridih,26,17,112927,mn; 'kadj ejk.Mh,fxfjMhg@11@26@mnukckn& ¼17½
ward,Ward 1 – Mohanpur,Mohanpur,दिनेश कुमार सिन्हा,,,,,gazette | UR | M,,UR,M,false,11,Giridih,27,1,112912,fnus'k dqekj flUgk,fxfjMhg@11@27@eksguiqj& ¼1½
ward,Ward 2 – Mohanpur,Mohanpur,गायत्री दवे ी,,,,,gazette | UR | F | unopposed,,UR,F,true,11,Giridih,27,2,112912,xk;=h nos h,fxfjMhg@11@27@eksguiqj& ¼2½
ward,Ward 3 – Mohanpur,Mohanpur,जीरवा दवे ी,,,,,gazette | UR | F | unopposed,,UR,F,true,11,Giridih,27,3,112912,thjok nos h,fxfjMhg@11@27@eksguiqj& ¼3½
ward,Ward 4 – Mohanpur,Mohanpur,छोटेलाल हजाम,,,,,gazette | UR | M,,UR,M,false,11,Giridih,27,4,112912,NksVsyky gtke,fxfjMhg@11@27@eksguiqj& ¼4½
ward,Ward 5 – Mohanpur,Mohanpur,तोतीया देवी,,,,,gazette | UR | F,,UR,F,false,11,Giridih,27,5,112912,rksrh;k nsoh,fxfjMhg@11@27@eksguiqj& ¼5½
ward,Ward 6 – Mohanpur,Mohanpur,अम`ता वमार्,,,,,gazette | UR | F,,UR,F,false,11,Giridih,27,6,112912,ve`rk oekZ,fxfjMhg@11@27@eksguiqj& ¼6½
ward,Ward 7 – Mohanpur,Mohanpur,रीना कुमारी,,,,,gazette | UR | F,,UR,F,false,11,Giridih,27,7,112912,jhuk dqekjh,fxfjMhg@11@27@eksguiqj& ¼7½
ward,Ward 8 – Mohanpur,Mohanpur,किरण देवी,,,,,gazette | UR | F | unopposed,,,F,true,11,Giridih,27,8,112912,fdj.k nsoh,fxfjMhg@11@27@eksguiqj& ¼8½
ward,Ward 9 – Mohanpur,Mohanpur,दानेशवर कुमार साव,,,,,gazette | UR | M,,UR,M,false,11,Giridih,27,9,112912,nkus'oj dqekj lko,fxfjMhg@11@27@eksguiqj& ¼9½
ward,Ward 10 – Mohanpur,Mohanpur,भगवतीया देवी,,,,,gazette | UR | F,,UR,F,false,11,Giridih,27,10,112912,Hkxorh;k nsoh,fxfjMhg@11@27@eksguiqj& ¼10½
ward,Ward 11 – Mohanpur,Mohanpur,आशा दवे ी,,,,,gazette | UR | F | unopposed,,UR,F,true,11,Giridih,27,11,112912,vk'kk nos h,fxfjMhg@11@27@eksguiqj& ¼11½
ward,Ward 12 – Mohanpur,Mohanpur,संजय कुमार राणा,,,,,gazette | UR | M,,UR,M,false,11,Giridih,27,12,112912,lat; dqekj jk.kk,fxfjMhg@11@27@eksguiqj& ¼12½
ward,Ward 13 – Mohanpur,Mohanpur,प्रदीप कुमार शमार्,,,,,gazette | UR | M,,UR,M,false,11,Giridih,27,13,112912,iznhi dqekj 'kekZ,fxfjMhg@11@27@eksguiqj& ¼13½
ward,Ward 14 – Mohanpur,Mohanpur,छोटकी मुमूर्,,,,,gazette | UR | F,,,F,false,11,Giridih,27,14,112912,NksVdh eqewZ,fxfjMhg@11@27@eksguiqj& ¼14½
ward,Ward 1 – Gadi Srirampur,Gadi Srirampur,मो0 इनाम,,,,,gazette | UR | M,,UR,M,false,11,Giridih,28,1,112902,eks0 buke,fxfjMhg@11@28@xknhJhjkeiqj&¼1½
ward,Ward 2 – Gadi Srirampur,Gadi Srirampur,कमली देवी,,,,,gazette | UR | F | unopposed,,,F,true,11,Giridih,28,2,112902,deyh nsoh,fxfjMhg@11@28@xknhJhjkeiqj&¼2½
ward,Ward 3 – Gadi Srirampur,Gadi Srirampur,बबलू कुमार,,,,,gazette | UR | M,,UR,M,false,11,Giridih,28,3,112902,ccyw dqekj,fxfjMhg@11@28@xknhJhjkeiqj&¼3½
ward,Ward 4 – Gadi Srirampur,Gadi Srirampur,मो0 अजाद आलम,,,,,gazette | UR | M,,UR,M,false,11,Giridih,28,4,112902,eks0 vtkn vkye,fxfjMhg@11@28@xknhJhjkeiqj&¼4½
ward,Ward 5 – Gadi Srirampur,Gadi Srirampur,सरस्वती देवी,,,,,gazette | UR | M,,UR,M,false,11,Giridih,28,5,112902,ljLorh nsoh,fxfjMhg@11@28@xknhJhjkeiqj&¼5½
ward,Ward 6 – Gadi Srirampur,Gadi Srirampur,जुगनु देवी,,,,,gazette | UR | F | unopposed,,UR,F,true,11,Giridih,28,6,112902,tqxuq nsoh,fxfjMhg@11@28@xknhJhjkeiqj&¼6½
ward,Ward 7 – Gadi Srirampur,Gadi Srirampur,कंचन देवी,,,,,gazette | UR | F | unopposed,,UR,F,true,11,Giridih,28,7,112902,dapu nsoh,fxfjMhg@11@28@xknhJhjkeiqj&¼7½
ward,Ward 8 – Gadi Srirampur,Gadi Srirampur,मोनादीप कु0 साव,,,,,gazette | UR | M,,UR,M,false,11,Giridih,28,8,112902,eksuknhi dq0 lko,fxfjMhg@11@28@xknhJhjkeiqj&¼8½
ward,Ward 9 – Gadi Srirampur,Gadi Srirampur,निलम देवी,,,,,gazette | UR | F,,UR,F,false,11,Giridih,28,9,112902,fuye nsoh,fxfjMhg@11@28@xknhJhjkeiqj&¼9½
ward,Ward 10 – Gadi Srirampur,Gadi Srirampur,सनोद्री देवी,,,,,gazette | UR | F | unopposed,,,F,true,11,Giridih,28,10,112902,luksnzh nsoh,fxfjMhg@11@28@xknhJhjkeiqj&¼10½
ward,Ward 11 – Gadi Srirampur,Gadi Srirampur,लीला देवी,,,,,gazette | UR | F | unopposed,,,F,true,11,Giridih,28,11,112902,yhyk nsoh,fxfjMhg@11@28@xknhJhjkeiqj&¼11½
ward,Ward 12 – Gadi Srirampur,Gadi Srirampur,सुषामा देवी,,,,,gazette | UR | F,,UR,F,false,11,Giridih,28,12,112902,"lq""kek nsoh",fxfjMhg@11@28@xknhJhjkeiqj&¼12½
ward,Ward 13 – Gadi Srirampur,Gadi Srirampur,बनजीर् तुरी,,,,,gazette | UR | M | unopposed,,,M,true,11,Giridih,28,13,112902,cuthZ rqjh,fxfjMhg@11@28@xknhJhjkeiqj&¼13½
ward,Ward 14 – Gadi Srirampur,Gadi Srirampur,गुडडी देवी,,,,,gazette | UR | F,,UR,F,false,11,Giridih,28,14,112902,xqMMh nsoh,fxfjMhg@11@28@xknhJhjkeiqj&¼14½
