seat_type,seat_name,area_name,winner,runner_up,votes,runner_up_votes,tagged_party,tag_source,tag_confidence
panchayat_samiti,PS Seat 1 – Pirtand,Pirtand,संगीता देवी,,,,,gazette | SC | F,
panchayat_samiti,PS Seat 2 – Pirtand,Pirtand,चाँदभैरो सोरेन,,,,,gazette | UR | M,
panchayat_samiti,PS Seat 3 – Pirtand,Pirtand,पूनम देवी,,,,,gazette | UR | M,
panchayat_samiti,PS Seat 4 – Pirtand,Pirtand,सविता टुडू,,,,,gazette | UR | F | unopposed,
panchayat_samiti,PS Seat 5 – Pirtand,Pirtand,चमपा देवी,,,,,gazette | UR | F,
panchayat_samiti,PS Seat 6 – Pirtand,Pirtand,लेका तुरी,,,,,gazette | SC | M,
panchayat_samiti,PS Seat 7 – Pirtand,Pirtand,अनिता किस्कू,,,,,gazette | UR | F,
panchayat_samiti,PS Seat 8 – Pirtand,Pirtand,नवीन कुमार सिंह,,,,,gazette | UR | M,
panchayat_samiti,PS Seat 9 – Pirtand,Pirtand,योगेन्द्र तिवारी,,,,,gazette | UR | M,
panchayat_samiti,PS Seat 10 – Pirtand,Pirtand,सीता देवी,,,,,gazette | UR | F,
panchayat_samiti,PS Seat 11 – Pirtand,Pirtand,गीता देवी,,,,,gazette | UR | F,
panchayat_samiti,PS Seat 12 – Pirtand,Pirtand,अलका कुमारी,,,,,gazette | UR | F,
panchayat_samiti,PS Seat 13 – Pirtand,Pirtand,जैबुन निशा,,,,,gazette | UR | F,
panchayat_samiti,PS Seat 14 – Pirtand,Pirtand,रिंकी देवी,,,,,gazette | UR | M,
panchayat_samiti,PS Seat 15 – Pirtand,Pirtand,भवानी दवे ी,,,,,gazette | UR | F,
panchayat_samiti,PS Seat 16 – Pirtand,Pirtand,सोनामनी हाश्सदा,,,,,gazette | UR | F,
panchayat_samiti,PS Seat 17 – Pirtand,Pirtand,रीता देवी,,,,,gazette | UR | F,
panchayat_samiti,PS Seat 18 – Pirtand,Pirtand,केशव कुमार पाठक,,,,,gazette | UR | M,
panchayat_samiti,PS Seat 19 – Pirtand,Pirtand,"सुशील सामु,ल
टुडू",,,,,gazette | UR | M,
panchayat_samiti,PS Seat 20 – Pirtand,Pirtand,बिनोद किस्कू,,,,,gazette | UR | M,
panchayat_samiti,PS Seat 21 – Pirtand,Pirtand,महेन्द्र प्रसाद,,,,,gazette | UR | M,
panchayat_samiti,PS Seat 22 – Pirtand,Pirtand,कमली मुमूर्,,,,,gazette | UR | F,
panchayat_samiti,PS Seat 1 – Giridih,Giridih,:पा मरा.डी,,,,,gazette | UR | F,
panchayat_samiti,PS Seat 2 – Giridih,Giridih,नागेशवरी देवी,,,,,gazette | UR | F,
panchayat_samiti,PS Seat 3 – Giridih,Giridih,शोभा कुमारी,,,,,gazette | UR | F,
panchayat_samiti,PS Seat 4 – Giridih,Giridih,आरती दवे ी,,,,,gazette | UR | F,
panchayat_samiti,PS Seat 5 – Giridih,Giridih,गुलमोहममद अंसारी,,,,,gazette | UR | M,
panchayat_samiti,PS Seat 6 – Giridih,Giridih,दीपक राम,,,,,gazette | UR | M,
panchayat_samiti,PS Seat 7 – Giridih,Giridih,शयामलाल महतो,,,,,gazette | UR | M,
panchayat_samiti,PS Seat 8 – Giridih,Giridih,सुनिता दवे ी,,,,,gazette | UR | F,
panchayat_samiti,PS Seat 9 – Giridih,Giridih,रिझे कोल,,,,,gazette | UR | M,
panchayat_samiti,PS Seat 10 – Giridih,Giridih,क्रांति देवी,,,,,gazette | UR | F,
panchayat_samiti,PS Seat 11 – Giridih,Giridih,बेनीलाल मां>ी,,,,,gazette | UR | M,
panchayat_samiti,PS Seat 12 – Giridih,Giridih,रिजवाना खाातून,,,,,gazette | UR | F,
panchayat_samiti,PS Seat 13 – Giridih,Giridih,मनोज दास,,,,,gazette | SC | M,
panchayat_samiti,PS Seat 14 – Giridih,Giridih,मो0 समशाद अंसारी,,,,,gazette | UR | M,
panchayat_samiti,PS Seat 15 – Giridih,Giridih,अमीर अली,,,,,gazette | UR | M,
panchayat_samiti,PS Seat 16 – Giridih,Giridih,बसंत कुमार यादव,,,,,gazette | UR | M,
panchayat_samiti,PS Seat 17 – Giridih,Giridih,तेजस्वी दवे ी,,,,,gazette | UR | F,
panchayat_samiti,PS Seat 18 – Giridih,Giridih,अविनाश कुमार,,,,,gazette | UR | M,
panchayat_samiti,PS Seat 19 – Giridih,Giridih,कंचन देवी,,,,,gazette | UR | F,
panchayat_samiti,PS Seat 20 – Giridih,Giridih,रीना कुमारी,,,,,gazette | UR | F,
panchayat_samiti,PS Seat 21 – Giridih,Giridih,कंचन देवी,,,,,gazette | UR | F,
panchayat_samiti,PS Seat 22 – Giridih,Giridih,पुनम देवी,,,,,gazette | SC | M | unopposed,
panchayat_samiti,PS Seat 23 – Giridih,Giridih,मो0 फिरोज अन्सारी,,,,,gazette | UR | M,
panchayat_samiti,PS Seat 24 – Giridih,Giridih,कमला कान्त मंडल,,,,,gazette | UR | M,
panchayat_samiti,PS Seat 25 – Giridih,Giridih,दिलीप साव,,,,,gazette | UR | M,
panchayat_samiti,PS Seat 26 – Giridih,Giridih,खाुशबु कुमारी,,,,,gazette | UR | F,
panchayat_samiti,PS Seat 27 – Giridih,Giridih,देवंती कुमारी,,,,,gazette | SC | F,
panchayat_samiti,PS Seat 28 – Giridih,Giridih,सविता दवे ी,,,,,gazette | SC | F,
panchayat_samiti,PS Seat 29 – Giridih,Giridih,राजू दास,,,,,gazette | SC | M | unopposed,
panchayat_samiti,PS Seat 30 – Giridih,Giridih,दुलारी देवी,,,,,gazette | UR | F,
panchayat_samiti,PS Seat 31 – Giridih,Giridih,मीना कुमारी,,,,,gazette | SC | F,
panchayat_samiti,PS Seat 32 – Giridih,Giridih,अबुल कलाम,,,,,gazette | UR | M,
panchayat_samiti,PS Seat 33 – Giridih,Giridih,कुमार सौरभ,,,,,gazette | UR | M,
panchayat_samiti,PS Seat 34 – Giridih,Giridih,रीणा देवी,,,,,gazette | SC | F | unopposed,
panchayat_samiti,PS Seat 35 – Giridih,Giridih,पिंकी देवी,,,,,gazette | UR | F,
panchayat_samiti,PS Seat 36 – Giridih,Giridih,शुभांकर कुमार गुप्ता,,,,,gazette | UR | M,
panchayat_samiti,PS Seat 37 – Giridih,Giridih,गायत्री देवी,,,,,gazette | UR | F,
panchayat_samiti,PS Seat 38 – Giridih,Giridih,मीना देवी,,,,,gazette | UR | F,
panchayat_samiti,PS Seat 39 – Giridih,Giridih,फुलमुनी दवे ी,,,,,gazette | UR | M,
mukhiya,Mukhiya – Kumharlalo,Kumharlalo,अनिता वणर्वाल,,,,,gazette | UR | F,
mukhiya,Mukhiya – Bharati Chalkari,Bharati Chalkari,अनामिका हांसदा,,,,,gazette | ST | F,
mukhiya,Mukhiya – Chirki,Chirki,सोमरा हेमब्रम,,,,,gazette | ST | M,
mukhiya,Mukhiya – Madhuban,Madhuban,कविता दवे ी,,,,,gazette | SC | F,
mukhiya,Mukhiya – Bandh,Bandh,कौशल्या टुडू,,,,,gazette | ST | F,
mukhiya,Mukhiya – Chilga,Chilga,सोमी देवी,,,,,gazette | UR | F,
mukhiya,Mukhiya – Palganj,Palganj,शशिबाला देवी,,,,,gazette | UR | F,
mukhiya,Mukhiya – Nawadih,Nawadih,सुंदर किस्कू,,,,,gazette | UR | M,
mukhiya,Mukhiya – Bishunpur,Bishunpur,अनूप कुमार मिश्रा,,,,,gazette | UR | M,
mukhiya,Mukhiya – Kharpoka,Kharpoka,मोहममद तनवीर,,,,,gazette | UR | M,
mukhiya,Mukhiya – Simarkothi,Simarkothi,सैमुन खाातून,,,,,gazette | UR | F,
mukhiya,Mukhiya – Harladih,Harladih,चान्दमनी देवी,,,,,gazette | ST | F,
mukhiya,Mukhiya – Mandaro,Mandaro,प्रमिला हेमब्रोम,,,,,gazette | ST | F,
mukhiya,Mukhiya – Khukhara,Khukhara,सुनैना पाठक,,,,,gazette | UR | M,
mukhiya,Mukhiya – Tuiyo,Tuiyo,राम सागर किस्कू,,,,,gazette | ST | M,
mukhiya,Mukhiya – Badgawan,Badgawan,कन्छान मीरा देवी,,,,,gazette | UR | F,
mukhiya,Mukhiya – Kudko,Kudko,मन्टु मुमर् ू,,,,,gazette | ST | M,
mukhiya,Mukhiya – Pahadpur,Pahadpur,मुन्नी हेमब्रम,,,,,gazette | ST | F,
mukhiya,Mukhiya – Sindwariya,Sindwariya,रामेशवर प्रसाद वमार्,,,,,gazette | UR | M,
mukhiya,Mukhiya – Leda,Leda,शोभा देवी,,,,,gazette | UR | F,
mukhiya,Mukhiya – Bajto,Bajto,अनीता वमार्,,,,,gazette | UR | F,
mukhiya,Mukhiya – Algunda,Algunda,भागिरथा मंडल,,,,,gazette | UR | M,
mukhiya,Mukhiya – Senadoni,Senadoni,बालेशवर यादव,,,,,gazette | UR | M,
mukhiya,Mukhiya – Jitpur,Jitpur,बीरवल मंडल,,,,,gazette | UR | M,
mukhiya,Mukhiya – Badgunda Khurd,Badgunda Khurd,फूलचंद बास्के,,,,,gazette | ST | M,
mukhiya,Mukhiya – Berdonga,Berdonga,अजूर्न मर.डी,,,,,gazette | ST | M,
mukhiya,Mukhiya – Palmo,Palmo,किनी देवी,,,,,gazette | UR | F,
mukhiya,Mukhiya – Barahmoriya,Barahmoriya,मुना लाल,,,,,gazette | UR | M,
mukhiya,Mukhiya – Karharbari,Karharbari,सहारा खाातुन,,,,,gazette | UR | F,
mukhiya,Mukhiya – Telodih,Telodih,शब्बीर आलम,,,,,gazette | UR | M,
mukhiya,Mukhiya – Khawa,Khawa,मोहन मंडल,,,,,gazette | UR | M,
mukhiya,Mukhiya – Pindatand,Pindatand,पुषपा देवी,,,,,gazette | UR | F,
mukhiya,Mukhiya – Sikdardih,Sikdardih,जमीला खाातुन,,,,,gazette | UR | F,
mukhiya,Mukhiya – Parsatand,Parsatand,कुंती देवी,,,,,gazette | UR | F,
mukhiya,Mukhiya – Maheshlundi,Maheshlundi,शिवनाथा साव,,,,,gazette | UR | M,
mukhiya,Mukhiya – Akdoni Kala,Akdoni Kala,मनोज पासी,,,,,gazette | SC | M,
mukhiya,Mukhiya – Matrukha,Matrukha,रवीन्द्र कुमार,,,,,gazette | UR | M,
mukhiya,Mukhiya – Purnanagar,Purnanagar,मीना देवी,,,,,gazette | SC | F,
mukhiya,Mukhiya – Chunjaka,Chunjaka,सवित्री देवी,,,,,gazette | SC | F,
mukhiya,Mukhiya – Akdoni Khurd,Akdoni Khurd,मेघलाल दास,,,,,gazette | SC | M,
mukhiya,Mukhiya – Mangarodih,Mangarodih,आशा देवी,,,,,gazette | UR | F,
mukhiya,Mukhiya – Patrodih,Patrodih,इन्दू कुमारी,,,,,gazette | SC | F,
mukhiya,Mukhiya – Udanabad,Udanabad,काजल देवी,,,,,gazette | UR | F,
mukhiya,Mukhiya – Mohanpur,Mohanpur,मालती देवी,,,,,gazette | UR | F,
mukhiya,Mukhiya – Gadi Srirampur,Gadi Srirampur,कंचन देवी,,,,,gazette | UR | F,
mukhiya,Mukhiya – Jaspur,Jaspur,बुधानी दवे ी,,,,,gazette | ST | F,
mukhiya,Mukhiya – Phulchi,Phulchi,चंपा मरा.डी,,,,,gazette | ST | F,
ward,Ward 1 – Kumharlalo,Kumharlalo,श्रीमती छोटकी देवी,,,,,gazette | UR | F,
ward,Ward 2 – Kumharlalo,Kumharlalo,श्रीमती गीता मुमर्ू,,,,,gazette | UR | F,
ward,Ward 3 – Kumharlalo,Kumharlalo,श्रीमती अनिता सोरेन,,,,,gazette | UR | F,
ward,Ward 4 – Kumharlalo,Kumharlalo,श्रीमती किरण मुमर्ू,,,,,gazette | UR | M,
ward,Ward 5 – Kumharlalo,Kumharlalo,श्रीमती मीना देवी,,,,,gazette | UR | F,
ward,Ward 6 – Kumharlalo,Kumharlalo,श्री संजय रवानी,,,,,gazette | UR | M,
ward,Ward 7 – Kumharlalo,Kumharlalo,श्री हीरालाल मरा.डी,,,,,gazette | UR | M,
ward,Ward 8 – Kumharlalo,Kumharlalo,श्री सुनील रजवार,,,,,gazette | UR | M,
ward,Ward 9 – Kumharlalo,Kumharlalo,श्रीमती कौशल्या दवे ी,,,,,gazette | UR | F,
ward,Ward 10 – Kumharlalo,Kumharlalo,श्री नी: साव,,,,,gazette | UR | M,
ward,Ward 11 – Kumharlalo,Kumharlalo,श्रीमती नगीना कुमारी,,,,,gazette | UR | F,
ward,Ward 12 – Kumharlalo,Kumharlalo,श्री गणेश कुमार वमार्,,,,,gazette | UR | M,
ward,Ward 1 – Bharati Chalkari,Bharati Chalkari,श्री नरेश राय,,,,,gazette | UR | M,
ward,Ward 2 – Bharati Chalkari,Bharati Chalkari,श्रीमती सोमरी दवे ी,,,,,gazette | UR | F,
ward,Ward 3 – Bharati Chalkari,Bharati Chalkari,श्रीमती लक्षमी सोरेन,,,,,gazette | UR | F,
ward,Ward 4 – Bharati Chalkari,Bharati Chalkari,श्री :पलाल राय,,,,,gazette | UR | M,
ward,Ward 5 – Bharati Chalkari,Bharati Chalkari,श्रीमती मालो हेमब्रम,,,,,gazette | UR | F,
ward,Ward 6 – Bharati Chalkari,Bharati Chalkari,श्री बुधान सोरेन,,,,,gazette | UR | M,
ward,Ward 7 – Bharati Chalkari,Bharati Chalkari,श्रीमती हिरोमुनी मरांडी,,,,,gazette | UR | M,
ward,Ward 8 – Bharati Chalkari,Bharati Chalkari,श्रीमती देवन्ती दवे ी,,,,,gazette | UR | F,
ward,Ward 9 – Bharati Chalkari,Bharati Chalkari,श्रीमती संगीता देवी,,,,,gazette | UR | F,
ward,Ward 10 – Bharati Chalkari,Bharati Chalkari,श्री रामलाल मुमूर्,,,,,gazette | UR | M,
ward,Ward 11 – Bharati Chalkari,Bharati Chalkari,श्रीमती छोटकी देवी,,,,,gazette | UR | F,
ward,Ward 12 – Bharati Chalkari,Bharati Chalkari,श्री रोबिन टुडु,,,,,gazette | UR | M,
ward,Ward 13 – Bharati Chalkari,Bharati Chalkari,श्रीमति बाहामुनी हांसदा,,,,,gazette | UR | F,
ward,Ward 1 – Chirki,Chirki,श्रीमती सुनिता बेसरा,,,,,gazette | UR | F,
ward,Ward 2 – Chirki,Chirki,श्री माशर्ल मुमर्ू,,,,,gazette | UR | M,
ward,Ward 3 – Chirki,Chirki,श्रीमती बहमूनी मरांडी,,,,,gazette | UR | F,
ward,Ward 4 – Chirki,Chirki,श्रीमती बिनीता सोरेन,,,,,gazette | UR | F,
ward,Ward 5 – Chirki,Chirki,श्री सुखादेव महतो,,,,,gazette | UR | M,
ward,Ward 6 – Chirki,Chirki,श्री भिमा टुडू,,,,,gazette | UR | M | unopposed,
ward,Ward 7 – Chirki,Chirki,श्रीमती भगिया देवी,,,,,gazette | UR | F,
ward,Ward 8 – Chirki,Chirki,श्री फुचा राय,,,,,gazette | UR | M,
ward,Ward 10 – Chirki,Chirki,श्री अमित कुमार,,,,,gazette | UR | M,
ward,Ward 11 – Chirki,Chirki,श्रीमती कलावती दवे ी,,,,,gazette | UR | F,
ward,Ward 12 – Chirki,Chirki,श्रीमती मैना देवी,,,,,gazette | UR | F,
ward,Ward 14 – Chirki,Chirki,श्री नारायण महतो,,,,,gazette | UR | M,
ward,Ward 15 – Chirki,Chirki,श्रीमती काजल देवी,,,,,gazette | UR | M,
ward,Ward 1 – Madhuban,Madhuban,श्रीमती सलीना टुडू,,,,,gazette | UR | F,
ward,Ward 2 – Madhuban,Madhuban,श्री >रीलाल महतो,,,,,gazette | UR | M,
ward,Ward 3 – Madhuban,Madhuban,श्रीमती सोहोदी बास्के,,,,,gazette | UR | M,
ward,Ward 4 – Madhuban,Madhuban,श्रीमती सुगिया देवी,,,,,gazette | UR | M,
ward,Ward 5 – Madhuban,Madhuban,श्री अनिल कुमार तुरी,,,,,gazette | UR | M,
ward,Ward 6 – Madhuban,Madhuban,श्रीमती हेमन्ती देवी,,,,,gazette | UR | F,
ward,Ward 7 – Madhuban,Madhuban,श्री दशरथा किस्कु,,,,,gazette | UR | M,
ward,Ward 8 – Madhuban,Madhuban,श्रीमती चन्दरी देवी,,,,,gazette | UR | F,
ward,Ward 9 – Madhuban,Madhuban,श्रीमती मालवा देवी,,,,,gazette | UR | F,
ward,Ward 10 – Madhuban,Madhuban,श्रीमती दिओया कुमारी,,,,,gazette | UR | F,
ward,Ward 11 – Madhuban,Madhuban,श्री कुंदन कुमार तुरी,,,,,gazette | UR | M,
ward,Ward 12 – Madhuban,Madhuban,श्रीमती रेखाा देवी,,,,,gazette | UR | M,
ward,Ward 13 – Madhuban,Madhuban,श्रीमती दशमी देवी,,,,,gazette | UR | F,
ward,Ward 14 – Madhuban,Madhuban,श्रीमती ललिता देवी,,,,,gazette | UR | F,
ward,Ward 15 – Madhuban,Madhuban,श्रीमती पानो सोरेन,,,,,gazette | UR | F,
ward,Ward 16 – Madhuban,Madhuban,श्रीमती जोबा टुडु,,,,,gazette | UR | F,
ward,Ward 17 – Madhuban,Madhuban,श्रीमती सोनिया देवी,,,,,gazette | UR | F,
ward,Ward 1 – Bandh,Bandh,श्री चिन्तामनी महतो,,,,,gazette | UR | M,
ward,Ward 2 – Bandh,Bandh,श्रीमती बसंती दवे ी,,,,,gazette | UR | F,
ward,Ward 3 – Bandh,Bandh,श्री दिनेश मरांडी,,,,,gazette | UR | M,
ward,Ward 4 – Bandh,Bandh,श्री नुनुलाल मुमूर्,,,,,gazette | UR | M,
ward,Ward 5 – Bandh,Bandh,श्रीमती पूनम देवी,,,,,gazette | UR | F,
ward,Ward 6 – Bandh,Bandh,श्रीमती सीतामनी देवी,,,,,gazette | UR | F,
ward,Ward 9 – Bandh,Bandh,श्रीमती कान्ित दवे ी,,,,,gazette | UR | F,
ward,Ward 1 – Chilga,Chilga,श्री सुशील मुमूर्,,,,,gazette | UR | M,
ward,Ward 2 – Chilga,Chilga,श्रीमती सै:न निशा,,,,,gazette | UR | F,
ward,Ward 3 – Chilga,Chilga,श्रीमती सुनीता देवी,,,,,gazette | UR | F,
ward,Ward 4 – Chilga,Chilga,श्रीमती चन्द्रप्रभा सिन्हा,,,,,gazette | UR | F,
ward,Ward 5 – Chilga,Chilga,श्रीमती सुनीता देवी,,,,,gazette | UR | F,
ward,Ward 6 – Chilga,Chilga,श्री सुयर्ुलाल मरांडी,,,,,gazette | UR | M,
ward,Ward 7 – Chilga,Chilga,सुश्री जासो कुमारी,,,,,gazette | UR | F,
ward,Ward 8 – Chilga,Chilga,श्री सुनील मरान्डी,,,,,gazette | UR | M,
ward,Ward 9 – Chilga,Chilga,श्रीमती अवनी देवी,,,,,gazette | UR | F,
ward,Ward 10 – Chilga,Chilga,श्रीमती साजदा प्रवीण,,,,,gazette | UR | M,
ward,Ward 11 – Chilga,Chilga,श्रीमती सावित्री दवे ी,,,,,gazette | UR | F,
ward,Ward 12 – Chilga,Chilga,श्री मोहन राय,,,,,gazette | UR | M,
ward,Ward 1 – Palganj,Palganj,श्री मणि लाल दास,,,,,gazette | UR | M,
ward,Ward 2 – Palganj,Palganj,श्रीमती कलावती दवे ी,,,,,gazette | UR | F,
ward,Ward 3 – Palganj,Palganj,श्री बिरमा सोरेन,,,,,gazette | UR | M,
ward,Ward 4 – Palganj,Palganj,श्री जितेन्द ्र पंडित,,,,,gazette | UR | M,
ward,Ward 5 – Palganj,Palganj,श्रीमती ममता दवे ी,,,,,gazette | UR | F,
ward,Ward 6 – Palganj,Palganj,श्री भोला कुमार साव,,,,,gazette | UR | M,
ward,Ward 7 – Palganj,Palganj,श्री सकून टुडू,,,,,gazette | UR | F,
ward,Ward 8 – Palganj,Palganj,श्री मनोहर साहू,,,,,gazette | UR | M,
ward,Ward 9 – Palganj,Palganj,श्रीमती नूतन देवी,,,,,gazette | UR | F,
ward,Ward 10 – Palganj,Palganj,श्रीमती बंधानी दवे ी,,,,,gazette | UR | F,
ward,Ward 11 – Palganj,Palganj,श्रीमती मीना देवी,,,,,gazette | UR | F,
ward,Ward 1 – Nawadih,Nawadih,श्रीमती रेखाा देवी,,,,,gazette | UR | F,
ward,Ward 2 – Nawadih,Nawadih,श्री केदार राय,,,,,gazette | UR | M,
ward,Ward 3 – Nawadih,Nawadih,श्री किसुन कोल्ह,,,,,gazette | UR | M,
ward,Ward 4 – Nawadih,Nawadih,श्री सुधाीर पंडित,,,,,gazette | UR | M,
ward,Ward 5 – Nawadih,Nawadih,श्रीमती सुनिता दवे ी,,,,,gazette | UR | F,
ward,Ward 6 – Nawadih,Nawadih,श्रीमती पूजा कुमारी,,,,,gazette | UR | F,
ward,Ward 7 – Nawadih,Nawadih,श्रीमती कंचन देवी,,,,,gazette | UR | F,
ward,Ward 9 – Nawadih,Nawadih,श्रीमती सरीता देवी,,,,,gazette | UR | F,
ward,Ward 10 – Nawadih,Nawadih,श्रीमती सुकन्ती देवी,,,,,gazette | UR | F,
ward,Ward 11 – Nawadih,Nawadih,श्री शिवलाल मुमर्ू,,,,,gazette | UR | M,
ward,Ward 12 – Nawadih,Nawadih,श्री भीम सोरेन,,,,,gazette | UR | M,
ward,Ward 1 – Bishunpur,Bishunpur,श्रीमती सुनीता देवी,,,,,gazette | UR | F,
ward,Ward 2 – Bishunpur,Bishunpur,श्री गोपाल कोल्ह,,,,,gazette | UR | M,
ward,Ward 3 – Bishunpur,Bishunpur,श्री मधाुसुधान पांडे,,,,,gazette | UR | M,
ward,Ward 4 – Bishunpur,Bishunpur,श्री करमचंद मरा.डी,,,,,gazette | UR | M,
ward,Ward 5 – Bishunpur,Bishunpur,श्रीमती बेबी देवी,,,,,gazette | UR | F,
ward,Ward 6 – Bishunpur,Bishunpur,श्रीमती माधाुरी कुमारी,,,,,gazette | UR | F,
ward,Ward 7 – Bishunpur,Bishunpur,श्री कातिर्क दास,,,,,gazette | UR | M,
ward,Ward 8 – Bishunpur,Bishunpur,श्रीमती सुनीता मुमर्ू,,,,,gazette | UR | F,
ward,Ward 9 – Bishunpur,Bishunpur,श्री राजेश सोरेन,,,,,gazette | UR | M,
ward,Ward 10 – Bishunpur,Bishunpur,श्रीमती कांती देवी,,,,,gazette | UR | F,
ward,Ward 11 – Bishunpur,Bishunpur,श्री भोला मरीक,,,,,gazette | UR | M,
ward,Ward 12 – Bishunpur,Bishunpur,श्रीमती सीमा दवे ी,,,,,gazette | UR | F,
ward,Ward 13 – Bishunpur,Bishunpur,श्रीमती मंदिरा किस्कू,,,,,gazette | UR | F,
ward,Ward 14 – Bishunpur,Bishunpur,श्रीमती भुलवा देवी,,,,,gazette | UR | F,
ward,Ward 1 – Kharpoka,Kharpoka,श्रीमती :पा दवे ी,,,,,gazette | UR | F,
ward,Ward 2 – Kharpoka,Kharpoka,श्री लाल मोहममद,,,,,gazette | UR | M,
ward,Ward 3 – Kharpoka,Kharpoka,श्रीमती बानु खाातुन,,,,,gazette | UR | F,
ward,Ward 4 – Kharpoka,Kharpoka,श्रीमती मुनिया खाातुन,,,,,gazette | UR | F,
ward,Ward 5 – Kharpoka,Kharpoka,श्रीमती सफीना खाातुन,,,,,gazette | UR | F,
ward,Ward 6 – Kharpoka,Kharpoka,श्रीमती हकीमन खाातून,,,,,gazette | UR | F,
ward,Ward 7 – Kharpoka,Kharpoka,श्री जहांगीर अंसारी,,,,,gazette | UR | M,
ward,Ward 8 – Kharpoka,Kharpoka,श्रीमती शहनाज खाातुन,,,,,gazette | UR | F,
ward,Ward 9 – Kharpoka,Kharpoka,श्रीमती कुन्ती देवी,,,,,gazette | UR | F,
ward,Ward 10 – Kharpoka,Kharpoka,श्री मिठू ठाकुर,,,,,gazette | UR | M,
ward,Ward 11 – Kharpoka,Kharpoka,श्री चुरामन कोल्ह,,,,,gazette | UR | M,
ward,Ward 13 – Kharpoka,Kharpoka,श्री राजु साव,,,,,gazette | UR | M,
ward,Ward 16 – Kharpoka,Kharpoka,श्रीमती ज्योति देवी,,,,,gazette | UR | F,
ward,Ward 17 – Kharpoka,Kharpoka,श्री मनीलाल टुडू,,,,,gazette | UR | M,
ward,Ward 1 – Simarkothi,Simarkothi,श्रीमती कविता सोरेन,,,,,gazette | UR | F,
ward,Ward 2 – Simarkothi,Simarkothi,श्रीमती गुड़िया दवे ी,,,,,gazette | UR | F,
ward,Ward 3 – Simarkothi,Simarkothi,श्री मुन्ना सोरने,,,,,gazette | UR | M,
ward,Ward 4 – Simarkothi,Simarkothi,श्रीमती आरती देवी,,,,,gazette | UR | F,
ward,Ward 6 – Simarkothi,Simarkothi,बेगम खाातुन,,,,,gazette | UR | F,
ward,Ward 7 – Simarkothi,Simarkothi,श्रीमती अनिता देवी,,,,,gazette | UR | F,
ward,Ward 8 – Simarkothi,Simarkothi,श्रीमती ममता किस्कू,,,,,gazette | UR | M,
ward,Ward 10 – Simarkothi,Simarkothi,अताउल्लाह अंसारी,,,,,gazette | UR | M,
ward,Ward 11 – Simarkothi,Simarkothi,श्रीमती अमीता देवी,,,,,gazette | UR | F,
ward,Ward 12 – Simarkothi,Simarkothi,श्री लालबहादुर मर.डी,,,,,gazette | UR | M,
ward,Ward 13 – Simarkothi,Simarkothi,श्रीमती जुलेखाा बीबी,,,,,gazette | UR | M,
ward,Ward 14 – Simarkothi,Simarkothi,श्रीमती फुलमनि देवी,,,,,gazette | UR | F,
ward,Ward 1 – Harladih,Harladih,श्रीमती भारती कुमारी,,,,,gazette | UR | F,
ward,Ward 2 – Harladih,Harladih,श्रीमती मिठू देवी,,,,,gazette | UR | F,
ward,Ward 3 – Harladih,Harladih,श्री शनिचर हेमब्रम,,,,,gazette | UR | M,
ward,Ward 4 – Harladih,Harladih,श्रीमती सुनिता दवे ी,,,,,gazette | UR | F,
ward,Ward 5 – Harladih,Harladih,श्री बिरेन्द्र मुमूर्,,,,,gazette | UR | M,
ward,Ward 6 – Harladih,Harladih,श्रीमती संगीता देवी,,,,,gazette | UR | F,
ward,Ward 7 – Harladih,Harladih,श्रीमती शोभामुनी देवी,,,,,gazette | UR | F,
ward,Ward 8 – Harladih,Harladih,श्रीमती गीता देवी,,,,,gazette | UR | M,
ward,Ward 9 – Harladih,Harladih,श्रीमती पावर्ती देवी,,,,,gazette | UR | F,
ward,Ward 10 – Harladih,Harladih,श्री मुकेश किस्कु,,,,,gazette | UR | M,
ward,Ward 11 – Harladih,Harladih,श्रीमती सुमित्रा मुमर् ू,,,,,gazette | UR | M,
ward,Ward 12 – Harladih,Harladih,श्रीमती बड़की दवे ी,,,,,gazette | UR | F,
ward,Ward 13 – Harladih,Harladih,श्री दवे ीलाल किस्कु,,,,,gazette | UR | M,
ward,Ward 1 – Mandaro,Mandaro,श्री बलराम सोरेन,,,,,gazette | UR | M,
ward,Ward 2 – Mandaro,Mandaro,श्रीमती मुनिया देवी,,,,,gazette | UR | F,
ward,Ward 3 – Mandaro,Mandaro,श्रीमती चमेली कुमारी,,,,,gazette | UR | F,
ward,Ward 4 – Mandaro,Mandaro,श्रीमती वीणा देवी,,,,,gazette | UR | F,
ward,Ward 5 – Mandaro,Mandaro,श्रीमती शान्ित म.डल,,,,,gazette | UR | M,
ward,Ward 6 – Mandaro,Mandaro,श्री फुलचंद मरा.डी,,,,,gazette | UR | M,
ward,Ward 7 – Mandaro,Mandaro,श्रीमती देवकी दवे ी,,,,,gazette | UR | F,
ward,Ward 1 – Khukhara,Khukhara,श्रीमती टुकनी देवी,,,,,gazette | UR | F,
ward,Ward 2 – Khukhara,Khukhara,श्रीमती उमिर्ला देवी,,,,,gazette | UR | F,
ward,Ward 3 – Khukhara,Khukhara,श्री बजरगं ी साव,,,,,gazette | UR | M,
ward,Ward 4 – Khukhara,Khukhara,श्रीमती लोगोनी देवी,,,,,gazette | UR | M,
ward,Ward 5 – Khukhara,Khukhara,श्री राजेन्द्र ठाकुर,,,,,gazette | UR | M,
ward,Ward 6 – Khukhara,Khukhara,श्रीमती आसमा खाातुन,,,,,gazette | UR | F,
ward,Ward 7 – Khukhara,Khukhara,श्रीमती मुनिया देवी,,,,,gazette | UR | F,
ward,Ward 8 – Khukhara,Khukhara,श्रीमती आशा देवी,,,,,gazette | UR | F,
ward,Ward 9 – Khukhara,Khukhara,श्री नीरज कुमार,,,,,gazette | UR | M,
ward,Ward 11 – Khukhara,Khukhara,श्री गोवधार्न रजक,,,,,gazette | UR | M,
ward,Ward 1 – Tuiyo,Tuiyo,श्रीमती बबीता देवी,,,,,gazette | UR | F,
ward,Ward 2 – Tuiyo,Tuiyo,शहाबु}ीन अंसारी,,,,,gazette | UR | M,
ward,Ward 3 – Tuiyo,Tuiyo,श्रीमती समुन्दरी देवी,,,,,gazette | UR | F,
ward,Ward 4 – Tuiyo,Tuiyo,मोहममद सदाकत,,,,,gazette | UR | M,
ward,Ward 5 – Tuiyo,Tuiyo,श्रीमती मेह:न बीबी,,,,,gazette | UR | F,
ward,Ward 6 – Tuiyo,Tuiyo,श्री सुरेन्द्र सोरेन,,,,,gazette | UR | M,
ward,Ward 7 – Tuiyo,Tuiyo,श्री सुधाीर हेमब्रम,,,,,gazette | UR | M,
ward,Ward 8 – Tuiyo,Tuiyo,श्रीमती रीना टुडु,,,,,gazette | UR | M,
ward,Ward 9 – Tuiyo,Tuiyo,श्रीमती मती मुमूर्,,,,,gazette | UR | F,
ward,Ward 12 – Tuiyo,Tuiyo,श्रीमती सरिता देवी,,,,,gazette | UR | F,
ward,Ward 13 – Tuiyo,Tuiyo,श्रीमती लीलावती दवे ी,,,,,gazette | UR | F,
ward,Ward 1 – Badgawan,Badgawan,सलमा प्रवीण,,,,,gazette | UR | F,
ward,Ward 2 – Badgawan,Badgawan,मो0 साजिद अंसारी,,,,,gazette | UR | M,
ward,Ward 3 – Badgawan,Badgawan,श्रीमती पावर्ती देवी,,,,,gazette | UR | F,
ward,Ward 4 – Badgawan,Badgawan,श्री निसार अहमद,,,,,gazette | UR | M,
ward,Ward 5 – Badgawan,Badgawan,श्री सोनाराम टुडू,,,,,gazette | UR | M,
ward,Ward 6 – Badgawan,Badgawan,श्री विशाल कमर्कार,,,,,gazette | UR | M,
ward,Ward 7 – Badgawan,Badgawan,श्रीमती नागशे वरी कुमारी,,,,,gazette | UR | F,
ward,Ward 9 – Badgawan,Badgawan,श्री योगेश प्र0 महतो,,,,,gazette | UR | M,
ward,Ward 10 – Badgawan,Badgawan,श्रीमती बसंती दवे ी,,,,,gazette | UR | M,
ward,Ward 1 – Kudko,Kudko,श्री नारायण कोल्ह,,,,,gazette | UR | M,
ward,Ward 2 – Kudko,Kudko,श्री सीताराम महतो,,,,,gazette | UR | M,
ward,Ward 3 – Kudko,Kudko,श्रीमती दशमी कुमारी,,,,,gazette | UR | F,
ward,Ward 4 – Kudko,Kudko,श्रीमती रितु टडु ू,,,,,gazette | UR | F,
ward,Ward 5 – Kudko,Kudko,श्रीमती धानेशवरी देवी,,,,,gazette | UR | F,
ward,Ward 6 – Kudko,Kudko,श्री सुरेश कोल्ह,,,,,gazette | UR | M,
ward,Ward 7 – Kudko,Kudko,श्रीमती शान्ित दवे ी,,,,,gazette | UR | F,
ward,Ward 8 – Kudko,Kudko,श्रीमती सुनीता देवी,,,,,gazette | UR | F,
ward,Ward 9 – Kudko,Kudko,श्री चुन्नीलाल मुमूर्,,,,,gazette | UR | M,
ward,Ward 10 – Kudko,Kudko,श्रीमती संजोती हांसदा,,,,,gazette | UR | F,
ward,Ward 11 – Kudko,Kudko,श्री महाबली मरा.डी,,,,,gazette | UR | M,
ward,Ward 12 – Kudko,Kudko,श्री नमे चन्द्र हाश्स्दा,,,,,gazette | UR | M,
ward,Ward 13 – Kudko,Kudko,श्रीमती पबिता कुमारी,,,,,gazette | UR | F,
ward,Ward 14 – Kudko,Kudko,श्रीमती रीता दवे ी,,,,,gazette | UR | F,
ward,Ward 15 – Kudko,Kudko,श्री अजय बेसरा,,,,,gazette | UR | M,
ward,Ward 1 – Pahadpur,Pahadpur,:कमनी देवी,,,,,gazette | UR | F,
ward,Ward 2 – Pahadpur,Pahadpur,प्रयाग मंडल,,,,,gazette | UR | M,
ward,Ward 3 – Pahadpur,Pahadpur,देवी लाल मुमूर्,,,,,gazette | UR | M,
ward,Ward 4 – Pahadpur,Pahadpur,सिकर बेसरा,,,,,gazette | UR | M | unopposed,
ward,Ward 5 – Pahadpur,Pahadpur,वहामुनी देवी,,,,,gazette | UR | F,
ward,Ward 6 – Pahadpur,Pahadpur,बिरामुनी मरांडी,,,,,gazette | UR | F,
ward,Ward 7 – Pahadpur,Pahadpur,सोनामणि देवी,,,,,gazette | UR | F,
ward,Ward 8 – Pahadpur,Pahadpur,तालेशवर प्रसाद वमार्,,,,,gazette | UR | M,
ward,Ward 9 – Pahadpur,Pahadpur,किशोर मुमूर्,,,,,gazette | UR | M | unopposed,
ward,Ward 10 – Pahadpur,Pahadpur,पावर्ती कुमारी,,,,,gazette | UR | F,
ward,Ward 11 – Pahadpur,Pahadpur,कलावती देवी,,,,,gazette | UR | F,
ward,Ward 12 – Pahadpur,Pahadpur,तारा देवी,,,,,gazette | UR | F,
ward,Ward 13 – Pahadpur,Pahadpur,शकुन्तला देवी उफर्,,,,,gazette | UR | F,
ward,Ward 1 – Sindwariya,Sindwariya,गायत्री दवे ी,,,,,gazette | UR | F | unopposed,
ward,Ward 2 – Sindwariya,Sindwariya,सुनैना देवी,,,,,gazette | UR | F,
ward,Ward 3 – Sindwariya,Sindwariya,मनीषाा वमार्,,,,,gazette | UR | F,
ward,Ward 4 – Sindwariya,Sindwariya,चंदा देवी,,,,,gazette | UR | F,
ward,Ward 5 – Sindwariya,Sindwariya,रामलाल टुडु,,,,,gazette | UR | M,
ward,Ward 6 – Sindwariya,Sindwariya,रीता पा.डेय,,,,,gazette | UR | F,
ward,Ward 7 – Sindwariya,Sindwariya,कामली हंस्ादा,,,,,gazette | UR | F,
ward,Ward 8 – Sindwariya,Sindwariya,डीलचंद प्रसाद वमार्,,,,,gazette | UR | M,
ward,Ward 9 – Sindwariya,Sindwariya,बिनोद प्रसाद यादव,,,,,gazette | UR | M,
ward,Ward 10 – Sindwariya,Sindwariya,राज किशोर सिंह,,,,,gazette | UR | M,
ward,Ward 11 – Sindwariya,Sindwariya,समीना खाातुन,,,,,gazette | UR | F,
ward,Ward 12 – Sindwariya,Sindwariya,प्रयाग प्रसाद वमार्,,,,,gazette | UR | M,
ward,Ward 1 – Leda,Leda,केदार यादव,,,,,gazette | UR | M,
ward,Ward 2 – Leda,Leda,दशर्न टुडू,,,,,gazette | UR | M,
ward,Ward 3 – Leda,Leda,सुशीला टुडू,,,,,gazette | UR | F | unopposed,
ward,Ward 4 – Leda,Leda,माधाुरी देवी,,,,,gazette | UR | F,
ward,Ward 5 – Leda,Leda,डोमन रजक,,,,,gazette | UR | M | unopposed,
ward,Ward 7 – Leda,Leda,मीना देवी,,,,,gazette | UR | F,
ward,Ward 8 – Leda,Leda,मालती देवी,,,,,gazette | UR | F,
ward,Ward 9 – Leda,Leda,शंकर तुरी,,,,,gazette | UR | M,
ward,Ward 10 – Leda,Leda,रीना देवी,,,,,gazette | UR | F,
ward,Ward 11 – Leda,Leda,बाबूलाल प्रसाद वमार्,,,,,gazette | UR | M,
ward,Ward 1 – Bajto,Bajto,रेणु देवी,,,,,gazette | UR | F,
ward,Ward 2 – Bajto,Bajto,अनिल कुमार कुशवाहा,,,,,gazette | UR | M,
ward,Ward 3 – Bajto,Bajto,गणेश कुमार,,,,,gazette | UR | M,
ward,Ward 4 – Bajto,Bajto,हीरामुनी देवी,,,,,gazette | UR | F,
ward,Ward 5 – Bajto,Bajto,गीता देवी,,,,,gazette | UR | F,
ward,Ward 6 – Bajto,Bajto,संगीता कुमारी,,,,,gazette | UR | F,
ward,Ward 7 – Bajto,Bajto,:कवा देवी,,,,,gazette | UR | F | unopposed,
ward,Ward 8 – Bajto,Bajto,रामजी प्रसाद वमार्,,,,,gazette | UR | M,
ward,Ward 9 – Bajto,Bajto,मो0 जुमराती अंसारी,,,,,gazette | UR | M,
ward,Ward 10 – Bajto,Bajto,अझेला देवी,,,,,gazette | UR | F,
ward,Ward 11 – Bajto,Bajto,पंकज कुमार वमार्,,,,,gazette | UR | M,
ward,Ward 12 – Bajto,Bajto,:पा देवी,,,,,gazette | UR | F,
ward,Ward 1 – Algunda,Algunda,आशा बास्के,,,,,gazette | UR | F | unopposed,
ward,Ward 2 – Algunda,Algunda,भरत यादव,,,,,gazette | UR | M,
ward,Ward 3 – Algunda,Algunda,अलका देवी,,,,,gazette | UR | F,
ward,Ward 4 – Algunda,Algunda,बिन्देशवरी देवी,,,,,gazette | UR | F,
ward,Ward 5 – Algunda,Algunda,सुदमिया देवी,,,,,gazette | UR | F,
ward,Ward 6 – Algunda,Algunda,सुशीला सोरेन,,,,,gazette | UR | F,
ward,Ward 7 – Algunda,Algunda,चांदनी खाातुन,,,,,gazette | UR | F,
ward,Ward 8 – Algunda,Algunda,रीना देवी,,,,,gazette | UR | F,
ward,Ward 9 – Algunda,Algunda,बाबूलाल महतो,,,,,gazette | UR | M,
ward,Ward 10 – Algunda,Algunda,किशुन सोरेन,,,,,gazette | UR | M,
ward,Ward 11 – Algunda,Algunda,द्रोपती देवी,,,,,gazette | UR | M,
ward,Ward 1 – Senadoni,Senadoni,सावित्री देवी,,,,,gazette | UR | F | unopposed,
ward,Ward 2 – Senadoni,Senadoni,रोहित कुमार यादव,,,,,gazette | UR | M,
ward,Ward 3 – Senadoni,Senadoni,प्रीति कुमारी,,,,,gazette | UR | M,
ward,Ward 4 – Senadoni,Senadoni,सुकर मुन्नी दवे ी,,,,,gazette | UR | F,
ward,Ward 5 – Senadoni,Senadoni,बेबी देवी,,,,,gazette | UR | F | unopposed,
ward,Ward 6 – Senadoni,Senadoni,जय प्रकाश देव,,,,,gazette | UR | M,
ward,Ward 7 – Senadoni,Senadoni,अनीता दवे ी,,,,,gazette | UR | F,
ward,Ward 8 – Senadoni,Senadoni,किताबून खाातुन,,,,,gazette | UR | F,
ward,Ward 9 – Senadoni,Senadoni,गुड़िया देवी,,,,,gazette | UR | M,
ward,Ward 10 – Senadoni,Senadoni,पंकज कु0 वमार्,,,,,gazette | UR | M,
ward,Ward 11 – Senadoni,Senadoni,बसंती देवी,,,,,gazette | UR | F,
ward,Ward 1 – Jitpur,Jitpur,प्रमीला देवी,,,,,gazette | UR | F | unopposed,
ward,Ward 2 – Jitpur,Jitpur,पुषपा देवी,,,,,gazette | UR | F | unopposed,
ward,Ward 3 – Jitpur,Jitpur,अनीता दवे ी,,,,,gazette | UR | F,
ward,Ward 4 – Jitpur,Jitpur,दीपक कुमार यादव,,,,,gazette | UR | M,
ward,Ward 5 – Jitpur,Jitpur,सरिता सोरेन,,,,,gazette | UR | F | unopposed,
ward,Ward 6 – Jitpur,Jitpur,सोनाराम मां>ी,,,,,gazette | UR | M,
ward,Ward 7 – Jitpur,Jitpur,श्रीमति सुनिता बेसरा,,,,,gazette | UR | F,
ward,Ward 8 – Jitpur,Jitpur,राजू प्रसाद वमार्,,,,,gazette | UR | M,
ward,Ward 9 – Jitpur,Jitpur,रीना वमार्,,,,,gazette | UR | F | unopposed,
ward,Ward 10 – Jitpur,Jitpur,पवन कुमार मंडल,,,,,gazette | UR | M,
ward,Ward 11 – Jitpur,Jitpur,कमार् टुडु,,,,,gazette | UR | M | unopposed,
ward,Ward 12 – Jitpur,Jitpur,सरिता देवी,,,,,gazette | UR | F,
ward,Ward 1 – Badgunda Khurd,Badgunda Khurd,जीसु टडु ू,,,,,gazette | UR | M,
ward,Ward 2 – Badgunda Khurd,Badgunda Khurd,लोगन सोरेन,,,,,gazette | UR | M | unopposed,
ward,Ward 3 – Badgunda Khurd,Badgunda Khurd,चमपा मुमूर्,,,,,gazette | UR | F | unopposed,
ward,Ward 4 – Badgunda Khurd,Badgunda Khurd,बुधानी देवी,,,,,gazette | UR | F,
ward,Ward 5 – Badgunda Khurd,Badgunda Khurd,मंगु टुडू,,,,,gazette | UR | M | unopposed,
ward,Ward 6 – Badgunda Khurd,Badgunda Khurd,सुनिता देवी,,,,,gazette | UR | F,
ward,Ward 7 – Badgunda Khurd,Badgunda Khurd,सरिता देवी,,,,,gazette | UR | F,
ward,Ward 8 – Badgunda Khurd,Badgunda Khurd,फुलमनी देवी,,,,,gazette | UR | F | unopposed,
ward,Ward 9 – Badgunda Khurd,Badgunda Khurd,गिरिधाारी प्रसाद यादव,,,,,gazette | UR | M,
ward,Ward 10 – Badgunda Khurd,Badgunda Khurd,सुनीता दवे ी,,,,,gazette | UR | F,
ward,Ward 1 – Berdonga,Berdonga,शिवलाल मुमर् ू,,,,,gazette | UR | M,
ward,Ward 2 – Berdonga,Berdonga,सबिता हांसदा,,,,,gazette | UR | F,
ward,Ward 3 – Berdonga,Berdonga,सोनी बास्के,,,,,gazette | UR | F | unopposed,
ward,Ward 4 – Berdonga,Berdonga,लीलावती देवी,,,,,gazette | UR | F,
ward,Ward 5 – Berdonga,Berdonga,डेगलाल पंडित,,,,,gazette | UR | M,
ward,Ward 6 – Berdonga,Berdonga,हेमन्ती देवी,,,,,gazette | UR | F | unopposed,
ward,Ward 7 – Berdonga,Berdonga,घनशयाम दास,,,,,gazette | UR | M,
ward,Ward 8 – Berdonga,Berdonga,गीता देवी,,,,,gazette | UR | F,
ward,Ward 1 – Palmo,Palmo,नुनीवाला देवी,,,,,gazette | UR | F,
ward,Ward 2 – Palmo,Palmo,पाचु साव,,,,,gazette | UR | M | unopposed,
ward,Ward 3 – Palmo,Palmo,मामुनी देवी,,,,,gazette | UR | F,
ward,Ward 4 – Palmo,Palmo,रेशमी देवी,,,,,gazette | UR | F | unopposed,
ward,Ward 5 – Palmo,Palmo,सरिता देवी,,,,,gazette | UR | F | unopposed,
ward,Ward 6 – Palmo,Palmo,जय प्रकाश नरायण,,,,,gazette | UR | M,
ward,Ward 7 – Palmo,Palmo,मधाु देवी,,,,,gazette | UR | F,
ward,Ward 8 – Palmo,Palmo,सुरेश राय,,,,,gazette | UR | M,
ward,Ward 9 – Palmo,Palmo,बड़की देवी,,,,,gazette | UR | F,
ward,Ward 10 – Palmo,Palmo,बालिका देवी,,,,,gazette | UR | F,
ward,Ward 1 – Barahmoriya,Barahmoriya,फूलमती दवे ी,,,,,gazette | UR | F | unopposed,
ward,Ward 2 – Barahmoriya,Barahmoriya,सुदामा देवी,,,,,gazette | UR | F | unopposed,
ward,Ward 4 – Barahmoriya,Barahmoriya,बसंती देवी,,,,,gazette | UR | F,
ward,Ward 6 – Barahmoriya,Barahmoriya,खाुशी बास्के,,,,,gazette | UR | F | unopposed,
ward,Ward 7 – Barahmoriya,Barahmoriya,नंद लाल टुडू,,,,,gazette | UR | M,
ward,Ward 8 – Barahmoriya,Barahmoriya,संजय कु0 साव,,,,,gazette | UR | M,
ward,Ward 9 – Barahmoriya,Barahmoriya,कौशल्या देवी,,,,,gazette | UR | F,
ward,Ward 10 – Barahmoriya,Barahmoriya,किशुन कुमार,,,,,gazette | UR | M,
ward,Ward 11 – Barahmoriya,Barahmoriya,संगीता देवी,,,,,gazette | UR | F | unopposed,
ward,Ward 12 – Barahmoriya,Barahmoriya,मनीषाा कुमारी,,,,,gazette | UR | M,
ward,Ward 13 – Barahmoriya,Barahmoriya,अनिता ममु ूर्,,,,,gazette | UR | F,
ward,Ward 1 – Karharbari,Karharbari,सेलिना टुडू,,,,,gazette | UR | F | unopposed,
ward,Ward 2 – Karharbari,Karharbari,रबिया बानो,,,,,gazette | UR | F,
ward,Ward 3 – Karharbari,Karharbari,शबाना प्रवीण,,,,,gazette | UR | F,
ward,Ward 4 – Karharbari,Karharbari,मो0 फरीद हसन,,,,,gazette | UR | M,
ward,Ward 5 – Karharbari,Karharbari,अफसाना प्रवीन,,,,,gazette | UR | F,
ward,Ward 6 – Karharbari,Karharbari,लखान चौधारी,,,,,gazette | UR | M,
ward,Ward 7 – Karharbari,Karharbari,सहजादी बानो,,,,,gazette | UR | M,
ward,Ward 8 – Karharbari,Karharbari,शबाना प्रवीन,,,,,gazette | UR | F,
ward,Ward 9 – Karharbari,Karharbari,संगीता हाँसदा,,,,,gazette | UR | F,
ward,Ward 10 – Karharbari,Karharbari,सोनु दवे ी,,,,,gazette | UR | F | unopposed,
ward,Ward 11 – Karharbari,Karharbari,चालीर्स हेमब्रोम,,,,,gazette | UR | M,
ward,Ward 12 – Karharbari,Karharbari,मुस्तकीम अंसारी,,,,,gazette | UR | M,
ward,Ward 14 – Karharbari,Karharbari,अमन बेसरा,,,,,gazette | UR | M | unopposed,
ward,Ward 15 – Karharbari,Karharbari,बबिता दवे ी,,,,,gazette | UR | M,
ward,Ward 16 – Karharbari,Karharbari,निशा गुप्ता,,,,,gazette | UR | F | unopposed,
ward,Ward 17 – Karharbari,Karharbari,अनीता दवे ी,,,,,gazette | UR | F | unopposed,
ward,Ward 1 – Telodih,Telodih,रेहाना खाातुन,,,,,gazette | UR | F,
ward,Ward 2 – Telodih,Telodih,मरीयम खाातनू,,,,,gazette | UR | F,
ward,Ward 3 – Telodih,Telodih,मो0 रिजवान अंसारी,,,,,gazette | UR | M,
ward,Ward 4 – Telodih,Telodih,मो0 नईमुÌीन अंसारी,,,,,gazette | UR | M,
ward,Ward 5 – Telodih,Telodih,हालीमा खाातुन,,,,,gazette | UR | F,
ward,Ward 6 – Telodih,Telodih,मो0 नवाजिश,,,,,gazette | UR | M,
ward,Ward 7 – Telodih,Telodih,सकीना खाातुन,,,,,gazette | UR | F,
ward,Ward 8 – Telodih,Telodih,शमीमा खाातून,,,,,gazette | UR | F,
ward,Ward 9 – Telodih,Telodih,:कशाना प्रवीण,,,,,gazette | UR | F,
ward,Ward 10 – Telodih,Telodih,सकीना प्रवीन,,,,,gazette | UR | F,
ward,Ward 11 – Telodih,Telodih,तसलीम आरिफ,,,,,gazette | UR | M,
ward,Ward 12 – Telodih,Telodih,मनोज कुमार सिंह,,,,,gazette | UR | M,
ward,Ward 13 – Telodih,Telodih,अब्दुल कुÌुस अंसारी,,,,,gazette | UR | M,
ward,Ward 14 – Telodih,Telodih,",जाज अहमद अंसारी",,,,,gazette | UR | M,
ward,Ward 15 – Telodih,Telodih,नुरजहाँ खाातुन,,,,,gazette | UR | F,
ward,Ward 16 – Telodih,Telodih,शमभुनाथा साव,,,,,gazette | UR | M,
ward,Ward 1 – Khawa,Khawa,पती महतो,,,,,gazette | UR | M,
ward,Ward 2 – Khawa,Khawa,दुखान मंडल,,,,,gazette | UR | M,
ward,Ward 3 – Khawa,Khawa,अनु कुमारी,,,,,gazette | UR | F,
ward,Ward 4 – Khawa,Khawa,बासुदेव मंडल,,,,,gazette | UR | M,
ward,Ward 5 – Khawa,Khawa,कंचन देवी,,,,,gazette | UR | F,
ward,Ward 6 – Khawa,Khawa,बसन्ती देवी,,,,,gazette | UR | F,
ward,Ward 7 – Khawa,Khawa,सविता देवी,,,,,gazette | UR | F,
ward,Ward 8 – Khawa,Khawa,कुलदीप कुमार मिश्रा,,,,,gazette | UR | M,
ward,Ward 9 – Khawa,Khawa,रीता कोल्ह,,,,,gazette | UR | F,
ward,Ward 10 – Khawa,Khawa,गुड़िया खाातुन,,,,,gazette | UR | F,
ward,Ward 11 – Khawa,Khawa,सुरेन्द्र रजक,,,,,gazette | UR | M,
ward,Ward 12 – Khawa,Khawa,पेमिया देवी,,,,,gazette | UR | F,
ward,Ward 13 – Khawa,Khawa,पि्रति देवी,,,,,gazette | UR | F,
ward,Ward 14 – Khawa,Khawa,बहादुर प्रसाद,,,,,gazette | UR | M,
ward,Ward 1 – Pindatand,Pindatand,प्रेमा देवी,,,,,gazette | UR | F,
ward,Ward 2 – Pindatand,Pindatand,लखान तुरी,,,,,gazette | UR | M,
ward,Ward 3 – Pindatand,Pindatand,गोपल प्रसाद विशवकमार्,,,,,gazette | UR | M,
ward,Ward 4 – Pindatand,Pindatand,गेन्िदया देवी,,,,,gazette | UR | F,
ward,Ward 5 – Pindatand,Pindatand,सविता कुमारी,,,,,gazette | UR | F,
ward,Ward 6 – Pindatand,Pindatand,पोदीना देवी,,,,,gazette | UR | F,
ward,Ward 7 – Pindatand,Pindatand,छठु महतो,,,,,gazette | UR | M,
ward,Ward 8 – Pindatand,Pindatand,व`न्दा दवे ी,,,,,gazette | UR | F | unopposed,
ward,Ward 9 – Pindatand,Pindatand,महावीर साव,,,,,gazette | UR | M,
ward,Ward 10 – Pindatand,Pindatand,शीतल कुमारी,,,,,gazette | UR | F,
ward,Ward 11 – Pindatand,Pindatand,गौरी देवी,,,,,gazette | UR | F,
ward,Ward 12 – Pindatand,Pindatand,प्रमीला देवी,,,,,gazette | UR | F,
ward,Ward 13 – Pindatand,Pindatand,चिंतामणि महतो,,,,,gazette | UR | M,
ward,Ward 1 – Sikdardih,Sikdardih,साजिया प्रवीन,,,,,gazette | UR | F,
ward,Ward 2 – Sikdardih,Sikdardih,मुनेसा खाातुन,,,,,gazette | UR | F,
ward,Ward 3 – Sikdardih,Sikdardih,मुस्ताक अंसारी,,,,,gazette | UR | M,
ward,Ward 4 – Sikdardih,Sikdardih,फगेन्द्र कुमार दास,,,,,gazette | UR | M,
ward,Ward 5 – Sikdardih,Sikdardih,रामदुलारी देवी,,,,,gazette | UR | F,
ward,Ward 6 – Sikdardih,Sikdardih,राजु रविदास,,,,,gazette | UR | M | unopposed,
ward,Ward 7 – Sikdardih,Sikdardih,राखाी देवी,,,,,gazette | UR | F,
ward,Ward 8 – Sikdardih,Sikdardih,नीतु देवी,,,,,gazette | UR | F | unopposed,
ward,Ward 9 – Sikdardih,Sikdardih,राधिाका देवी,,,,,gazette | UR | F | unopposed,
ward,Ward 1 – Parsatand,Parsatand,मुन्ना देवी,,,,,gazette | UR | F | unopposed,
ward,Ward 2 – Parsatand,Parsatand,दिलीप कुमार वमार्,,,,,gazette | UR | M,
ward,Ward 3 – Parsatand,Parsatand,संगीता देवी,,,,,gazette | UR | F,
ward,Ward 4 – Parsatand,Parsatand,बेबी वमा र्,,,,,gazette | UR | F,
ward,Ward 5 – Parsatand,Parsatand,जागेशवरी उफर् पुषपा,,,,,gazette | UR | M,
ward,Ward 6 – Parsatand,Parsatand,राजु दास,,,,,gazette | UR | M,
ward,Ward 7 – Parsatand,Parsatand,संगीता कुमारी,,,,,gazette | UR | F,
ward,Ward 8 – Parsatand,Parsatand,धाीरज कुमार,,,,,gazette | UR | M,
ward,Ward 9 – Parsatand,Parsatand,रेणु देवी,,,,,gazette | UR | F,
ward,Ward 10 – Parsatand,Parsatand,रेशमा खाातनु,,,,,gazette | UR | F,
ward,Ward 1 – Maheshlundi,Maheshlundi,रेणु देवी,,,,,gazette | UR | F,
ward,Ward 2 – Maheshlundi,Maheshlundi,नेहा गुप्ता,,,,,gazette | UR | F,
ward,Ward 3 – Maheshlundi,Maheshlundi,अनिल कुमार,,,,,gazette | UR | M,
ward,Ward 4 – Maheshlundi,Maheshlundi,किरण देवी,,,,,gazette | UR | F,
ward,Ward 5 – Maheshlundi,Maheshlundi,रमेश कुमार कंधावे,,,,,gazette | UR | M,
ward,Ward 6 – Maheshlundi,Maheshlundi,:न>ुन देवी,,,,,gazette | UR | F | unopposed,
ward,Ward 7 – Maheshlundi,Maheshlundi,गोबिन्द दास,,,,,gazette | UR | M | unopposed,
ward,Ward 8 – Maheshlundi,Maheshlundi,विनय कुमार सिंह,,,,,gazette | UR | M,
ward,Ward 9 – Maheshlundi,Maheshlundi,संजय ठाकुर,,,,,gazette | UR | M,
ward,Ward 10 – Maheshlundi,Maheshlundi,कलावती देवी,,,,,gazette | UR | F,
ward,Ward 11 – Maheshlundi,Maheshlundi,रिजवाना प्रवीन,,,,,gazette | UR | F,
ward,Ward 12 – Maheshlundi,Maheshlundi,जगदीश दास,,,,,gazette | UR | M,
ward,Ward 13 – Maheshlundi,Maheshlundi,मो0 इसरार हुसैन,,,,,gazette | UR | M,
ward,Ward 14 – Maheshlundi,Maheshlundi,अम`ता देवी,,,,,gazette | UR | F,
ward,Ward 15 – Maheshlundi,Maheshlundi,पुनम देवी,,,,,gazette | UR | F,
ward,Ward 1 – Akdoni Kala,Akdoni Kala,चंचला देवी,,,,,gazette | UR | F,
ward,Ward 2 – Akdoni Kala,Akdoni Kala,लक्षमी देवी,,,,,gazette | UR | F,
ward,Ward 3 – Akdoni Kala,Akdoni Kala,अनीता दवे ी,,,,,gazette | UR | F,
ward,Ward 4 – Akdoni Kala,Akdoni Kala,गीता देवी,,,,,gazette | UR | F | unopposed,
ward,Ward 5 – Akdoni Kala,Akdoni Kala,उमिर्ला दवे ी,,,,,gazette | UR | M | unopposed,
ward,Ward 6 – Akdoni Kala,Akdoni Kala,पवन कुमार यादव,,,,,gazette | UR | M,
ward,Ward 7 – Akdoni Kala,Akdoni Kala,राकेश यादव,,,,,gazette | UR | M,
ward,Ward 8 – Akdoni Kala,Akdoni Kala,प्रदीप शमार्,,,,,gazette | UR | M | unopposed,
ward,Ward 9 – Akdoni Kala,Akdoni Kala,सिंधाु देवी,,,,,gazette | UR | F,
ward,Ward 10 – Akdoni Kala,Akdoni Kala,नगीना देवी,,,,,gazette | UR | F | unopposed,
ward,Ward 11 – Akdoni Kala,Akdoni Kala,राजेश दास,,,,,gazette | UR | M,
ward,Ward 12 – Akdoni Kala,Akdoni Kala,रीता सिंह,,,,,gazette | UR | F | unopposed,
ward,Ward 1 – Matrukha,Matrukha,मो0 सÌाम अंसारी,,,,,gazette | UR | M,
ward,Ward 2 – Matrukha,Matrukha,निशा देवी,,,,,gazette | UR | F | unopposed,
ward,Ward 3 – Matrukha,Matrukha,रफीदा खाातुन,,,,,gazette | UR | F,
ward,Ward 4 – Matrukha,Matrukha,:बीना परवीन,,,,,gazette | UR | F,
ward,Ward 5 – Matrukha,Matrukha,अंजुम आरा,,,,,gazette | UR | F | unopposed,
ward,Ward 6 – Matrukha,Matrukha,देवचन्द कु0 मंडल,,,,,gazette | UR | M,
ward,Ward 7 – Matrukha,Matrukha,विजय कुमार राणा,,,,,gazette | UR | M,
ward,Ward 8 – Matrukha,Matrukha,बासुदेव पंडित,,,,,gazette | UR | M,
ward,Ward 9 – Matrukha,Matrukha,मीरा देवी,,,,,gazette | UR | F | unopposed,
ward,Ward 10 – Matrukha,Matrukha,चमपा देवी,,,,,gazette | UR | F,
ward,Ward 11 – Matrukha,Matrukha,जागेशवर मडं ल,,,,,gazette | UR | M,
ward,Ward 12 – Matrukha,Matrukha,राजु कोल्ह,,,,,gazette | UR | M | unopposed,
ward,Ward 13 – Matrukha,Matrukha,क:णा देवी,,,,,gazette | UR | F,
ward,Ward 14 – Matrukha,Matrukha,सुमिता देवी,,,,,gazette | UR | F | unopposed,
ward,Ward 15 – Matrukha,Matrukha,जय प्रकाश मंडल,,,,,gazette | UR | M,
ward,Ward 16 – Matrukha,Matrukha,डूमरचन्द दास,,,,,gazette | UR | M,
ward,Ward 1 – Purnanagar,Purnanagar,राजु दास,,,,,gazette | UR | M | unopposed,
ward,Ward 2 – Purnanagar,Purnanagar,अंजली कुमारी,,,,,gazette | UR | F,
ward,Ward 3 – Purnanagar,Purnanagar,खिा: दास,,,,,gazette | UR | M,
ward,Ward 4 – Purnanagar,Purnanagar,रेणु देवी,,,,,gazette | UR | F,
ward,Ward 5 – Purnanagar,Purnanagar,फुलवंती देवी,,,,,gazette | UR | F,
ward,Ward 6 – Purnanagar,Purnanagar,नौसाद अंसारी,,,,,gazette | UR | M,
ward,Ward 7 – Purnanagar,Purnanagar,सुनील कुमार साव,,,,,gazette | UR | M,
ward,Ward 8 – Purnanagar,Purnanagar,सावित्री देवी,,,,,gazette | UR | F,
ward,Ward 9 – Purnanagar,Purnanagar,चंपा देवी,,,,,gazette | UR | F | unopposed,
ward,Ward 10 – Purnanagar,Purnanagar,उज्जवल कुमार तिवारी,,,,,gazette | UR | M,
ward,Ward 11 – Purnanagar,Purnanagar,नन्द किशोर पा.डे,,,,,gazette | UR | M,
ward,Ward 12 – Purnanagar,Purnanagar,सुलोचना दवे ी,,,,,gazette | UR | F,
ward,Ward 13 – Purnanagar,Purnanagar,सुकरा मुमूर्,,,,,gazette | UR | M | unopposed,
ward,Ward 14 – Purnanagar,Purnanagar,सोनामुनी दवे ी,,,,,gazette | UR | F,
ward,Ward 1 – Chunjaka,Chunjaka,देवान मां>ी,,,,,gazette | UR | M,
ward,Ward 2 – Chunjaka,Chunjaka,नीलम देवी,,,,,gazette | UR | F | unopposed,
ward,Ward 5 – Chunjaka,Chunjaka,सुमित्रा कुमारी,,,,,gazette | UR | F,
ward,Ward 6 – Chunjaka,Chunjaka,ज्योति कुमारी,,,,,gazette | UR | F,
ward,Ward 7 – Chunjaka,Chunjaka,गोविन्द राय,,,,,gazette | UR | M,
ward,Ward 9 – Chunjaka,Chunjaka,नागेशवर पासवान,,,,,gazette | UR | M,
ward,Ward 10 – Chunjaka,Chunjaka,कैलाश दास,,,,,gazette | UR | M | unopposed,
ward,Ward 11 – Chunjaka,Chunjaka,सुशीला देवी,,,,,gazette | UR | F | unopposed,
ward,Ward 12 – Chunjaka,Chunjaka,नाजिया प्रवीण,,,,,gazette | UR | F,
ward,Ward 13 – Chunjaka,Chunjaka,ललिता दवे ी,,,,,gazette | UR | F,
ward,Ward 14 – Chunjaka,Chunjaka,कौशल्या कुमारी,,,,,gazette | UR | F,
ward,Ward 15 – Chunjaka,Chunjaka,मो0 शदाब अखतर,,,,,gazette | UR | M,
ward,Ward 16 – Chunjaka,Chunjaka,सममा परवीन,,,,,gazette | UR | F,
ward,Ward 17 – Chunjaka,Chunjaka,मो0 मुखतार अंसारी,,,,,gazette | UR | M,
ward,Ward 18 – Chunjaka,Chunjaka,:बी साव,,,,,gazette | UR | F,
ward,Ward 1 – Akdoni Khurd,Akdoni Khurd,सोनी देवी,,,,,gazette | UR | F,
ward,Ward 2 – Akdoni Khurd,Akdoni Khurd,सुरजकला देवी,,,,,gazette | UR | M,
ward,Ward 3 – Akdoni Khurd,Akdoni Khurd,सुनीता दवे ी,,,,,gazette | UR | M | unopposed,
ward,Ward 4 – Akdoni Khurd,Akdoni Khurd,निमर्ला देवी,,,,,gazette | UR | F | unopposed,
ward,Ward 5 – Akdoni Khurd,Akdoni Khurd,भुनेशवर दास,,,,,gazette | UR | M | unopposed,
ward,Ward 6 – Akdoni Khurd,Akdoni Khurd,राजेश कुमार दास,,,,,gazette | UR | M,
ward,Ward 7 – Akdoni Khurd,Akdoni Khurd,अशोक कुमार दास,,,,,gazette | UR | M,
ward,Ward 8 – Akdoni Khurd,Akdoni Khurd,कुसुम देवी,,,,,gazette | UR | F,
ward,Ward 9 – Akdoni Khurd,Akdoni Khurd,रीता देवी,,,,,gazette | UR | F | unopposed,
ward,Ward 10 – Akdoni Khurd,Akdoni Khurd,सरोज देवी,,,,,gazette | UR | F,
ward,Ward 11 – Akdoni Khurd,Akdoni Khurd,दुगार् कुमारी,,,,,gazette | UR | F,
ward,Ward 12 – Akdoni Khurd,Akdoni Khurd,संगीता देवी,,,,,gazette | UR | F,
ward,Ward 13 – Akdoni Khurd,Akdoni Khurd,रोशीला सिंह,,,,,gazette | UR | F,
ward,Ward 1 – Mangarodih,Mangarodih,सुभाषा प्रसाद वमार्,,,,,gazette | UR | M,
ward,Ward 3 – Mangarodih,Mangarodih,छोटेलाल मरांडी,,,,,gazette | UR | M,
ward,Ward 4 – Mangarodih,Mangarodih,रेखाा चौड़ंे,,,,,gazette | UR | F | unopposed,
ward,Ward 5 – Mangarodih,Mangarodih,यशोदा देवी,,,,,gazette | UR | F,
ward,Ward 6 – Mangarodih,Mangarodih,आेमकार नाथा,,,,,gazette | UR | M,
ward,Ward 7 – Mangarodih,Mangarodih,अनिला देवी,,,,,gazette | UR | F,
ward,Ward 8 – Mangarodih,Mangarodih,सुरेश पासवान,,,,,gazette | UR | M,
ward,Ward 9 – Mangarodih,Mangarodih,मालती देवी,,,,,gazette | UR | F,
ward,Ward 10 – Mangarodih,Mangarodih,पूनम देवी,,,,,gazette | UR | F,
ward,Ward 11 – Mangarodih,Mangarodih,चंदन कुमार शमार्,,,,,gazette | UR | M,
ward,Ward 12 – Mangarodih,Mangarodih,अविनाश कु0 पा.डेय,,,,,gazette | UR | M,
ward,Ward 13 – Mangarodih,Mangarodih,संगीता देवी,,,,,gazette | UR | F | unopposed,
ward,Ward 1 – Patrodih,Patrodih,पिंकी देवी,,,,,gazette | UR | F,
ward,Ward 2 – Patrodih,Patrodih,पुनम कुमारी,,,,,gazette | UR | F,
ward,Ward 3 – Patrodih,Patrodih,किशुन रजक,,,,,gazette | UR | M | unopposed,
ward,Ward 4 – Patrodih,Patrodih,अनिल कुमार दास,,,,,gazette | UR | M,
ward,Ward 5 – Patrodih,Patrodih,:कमणी देवी,,,,,gazette | UR | F,
ward,Ward 6 – Patrodih,Patrodih,शंकर दास,,,,,gazette | UR | M | unopposed,
ward,Ward 7 – Patrodih,Patrodih,राखाी देवी,,,,,gazette | UR | F | unopposed,
ward,Ward 8 – Patrodih,Patrodih,आशा दवे ी,,,,,gazette | UR | M | unopposed,
ward,Ward 9 – Patrodih,Patrodih,फरहत नाज,,,,,gazette | UR | F,
ward,Ward 10 – Patrodih,Patrodih,शमीमा बानो,,,,,gazette | UR | F,
ward,Ward 11 – Patrodih,Patrodih,मो0 शहीद अंसारी,,,,,gazette | UR | M,
ward,Ward 12 – Patrodih,Patrodih,मुस्तकीम अंसारी,,,,,gazette | UR | M,
ward,Ward 13 – Patrodih,Patrodih,रोशन आरा,,,,,gazette | UR | F | unopposed,
ward,Ward 14 – Patrodih,Patrodih,मो0 अफताब आलम,,,,,gazette | UR | M,
ward,Ward 15 – Patrodih,Patrodih,जरीना खाातुन,,,,,gazette | UR | F,
ward,Ward 1 – Udanabad,Udanabad,सुनीता दवे ी,,,,,gazette | UR | F,
ward,Ward 2 – Udanabad,Udanabad,प्रकाश कुमार केवट,,,,,gazette | UR | M,
ward,Ward 3 – Udanabad,Udanabad,रिंकु देवी,,,,,gazette | UR | F,
ward,Ward 4 – Udanabad,Udanabad,क`षण कुमार त्रिवेदी,,,,,gazette | UR | M,
ward,Ward 5 – Udanabad,Udanabad,जितेन्द्र कु0 चौबे,,,,,gazette | UR | M,
ward,Ward 6 – Udanabad,Udanabad,गीता देवी,,,,,gazette | UR | F | unopposed,
ward,Ward 7 – Udanabad,Udanabad,आरती कुमारी,,,,,gazette | UR | F,
ward,Ward 8 – Udanabad,Udanabad,सुलेखाा देवी,,,,,gazette | UR | F,
ward,Ward 9 – Udanabad,Udanabad,सुनिता हेमब्रम,,,,,gazette | UR | F,
ward,Ward 10 – Udanabad,Udanabad,मुन्नी देवी,,,,,gazette | UR | F,
ward,Ward 11 – Udanabad,Udanabad,जगदीश वमार्,,,,,gazette | UR | M,
ward,Ward 12 – Udanabad,Udanabad,पुषपा देवी,,,,,gazette | UR | F,
ward,Ward 13 – Udanabad,Udanabad,सरिता देवी,,,,,gazette | UR | F,
ward,Ward 14 – Udanabad,Udanabad,उदय कुमार,,,,,gazette | UR | M | unopposed,
ward,Ward 15 – Udanabad,Udanabad,किरण देवी,,,,,gazette | UR | F | unopposed,
ward,Ward 16 – Udanabad,Udanabad,गणेश कुमार तुरी,,,,,gazette | UR | M,
ward,Ward 17 – Udanabad,Udanabad,उदय शंकर मरा.डी,,,,,gazette | UR | M,
ward,Ward 1 – Mohanpur,Mohanpur,दिनेश कुमार सिन्हा,,,,,gazette | UR | M,
ward,Ward 2 – Mohanpur,Mohanpur,गायत्री दवे ी,,,,,gazette | UR | F | unopposed,
ward,Ward 3 – Mohanpur,Mohanpur,जीरवा दवे ी,,,,,gazette | UR | F | unopposed,
ward,Ward 4 – Mohanpur,Mohanpur,छोटेलाल हजाम,,,,,gazette | UR | M,
ward,Ward 5 – Mohanpur,Mohanpur,तोतीया देवी,,,,,gazette | UR | F,
ward,Ward 6 – Mohanpur,Mohanpur,अम`ता वमार्,,,,,gazette | UR | F,
ward,Ward 7 – Mohanpur,Mohanpur,रीना कुमारी,,,,,gazette | UR | F,
ward,Ward 8 – Mohanpur,Mohanpur,किरण देवी,,,,,gazette | UR | F | unopposed,
ward,Ward 9 – Mohanpur,Mohanpur,दानेशवर कुमार साव,,,,,gazette | UR | M,
ward,Ward 10 – Mohanpur,Mohanpur,भगवतीया देवी,,,,,gazette | UR | F,
ward,Ward 11 – Mohanpur,Mohanpur,आशा दवे ी,,,,,gazette | UR | F | unopposed,
ward,Ward 12 – Mohanpur,Mohanpur,संजय कुमार राणा,,,,,gazette | UR | M,
ward,Ward 13 – Mohanpur,Mohanpur,प्रदीप कुमार शमार्,,,,,gazette | UR | M,
ward,Ward 14 – Mohanpur,Mohanpur,छोटकी मुमूर्,,,,,gazette | UR | F,
ward,Ward 1 – Gadi Srirampur,Gadi Srirampur,मो0 इनाम,,,,,gazette | UR | M,
ward,Ward 2 – Gadi Srirampur,Gadi Srirampur,कमली देवी,,,,,gazette | UR | F | unopposed,
ward,Ward 3 – Gadi Srirampur,Gadi Srirampur,बबलू कुमार,,,,,gazette | UR | M,
ward,Ward 4 – Gadi Srirampur,Gadi Srirampur,मो0 अजाद आलम,,,,,gazette | UR | M,
ward,Ward 5 – Gadi Srirampur,Gadi Srirampur,सरस्वती देवी,,,,,gazette | UR | M,
ward,Ward 6 – Gadi Srirampur,Gadi Srirampur,जुगनु देवी,,,,,gazette | UR | F | unopposed,
ward,Ward 7 – Gadi Srirampur,Gadi Srirampur,कंचन देवी,,,,,gazette | UR | F | unopposed,
ward,Ward 8 – Gadi Srirampur,Gadi Srirampur,मोनादीप कु0 साव,,,,,gazette | UR | M,
ward,Ward 9 – Gadi Srirampur,Gadi Srirampur,निलम देवी,,,,,gazette | UR | F,
ward,Ward 10 – Gadi Srirampur,Gadi Srirampur,सनोद्री देवी,,,,,gazette | UR | F | unopposed,
ward,Ward 11 – Gadi Srirampur,Gadi Srirampur,लीला देवी,,,,,gazette | UR | F | unopposed,
ward,Ward 12 – Gadi Srirampur,Gadi Srirampur,सुषामा देवी,,,,,gazette | UR | F,
ward,Ward 13 – Gadi Srirampur,Gadi Srirampur,बनजीर् तुरी,,,,,gazette | UR | M | unopposed,
ward,Ward 14 – Gadi Srirampur,Gadi Srirampur,गुडडी देवी,,,,,gazette | UR | F,
