office,name,area_name,term_start,term_end,notes,tagged_party,tag_source
mukhiya,Manoj  Pasi,Akdoni Kala,,,,,
mukhiya,Chanchla  Devi,Akdoni Kala,,,,,
ward,Binod  Murmu,Akdoni Kala,,,,,
ward,Bidyabhushan  Parsad,Akdoni Kala,,,,,
ward,Pawan Kumar Yadav,Akdoni Kala,,,,,
ward,Rajesh  Das,Akdoni Kala,,,,,
ward,Anita  Devi,Akdoni Kala,,,,,
ward,Gita  Devi,Akdoni Kala,,,,,
ward,Rakesh  Yadav,Akdoni Kala,,,,,
ward,Nagina  Devi,Akdoni Kala,,,,,
ward,Pradeep  Sharma,Akdoni Kala,,,,,
ward,Sindhu  Devi,Akdoni Kala,,,,,
ward,Reeta  Singh,Akdoni Kala,,,,,
ward,Urmila  Devi,Akdoni Kala,,,,,
ward,Lakshmi  Devi,Akdoni Kala,,,,,
mukhiya,Meghlal  Das,Akdoni Khurd,,,,,
mukhiya,Durga  Kumari,Akdoni Khurd,,,,,
ward,Ravina  Rana,Akdoni Khurd,,,,,
ward,Soni  Devi,Akdoni Khurd,,,,,
ward,Surjkala  Devi,Akdoni Khurd,,,,,
ward,Sunita  Devi,Akdoni Khurd,,,,,
ward,Bhuneshwar  Das,Akdoni Khurd,,,,,
ward,Kusum  Devi,Akdoni Khurd,,,,,
ward,Rita  Devi,Akdoni Khurd,,,,,
ward,Sangita  Devi,Akdoni Khurd,,,,,
ward,Saroj  Devi,Akdoni Khurd,,,,,
ward,Roshila  Singh,Akdoni Khurd,,,,,
mukhiya,Bhagirath   Mandal,Algunda,,,,,
mukhiya,Bindeshwari   Devi,Algunda,,,,,
ward,Rajendra   Pandit,Algunda,,,,,
ward,Vijay  Kumar  Verma,Algunda,,,,,
ward,Alka   Devi,Algunda,,,,,
ward,Bharat   Yadav,Algunda,,,,,
ward,Sushila   Soren,Algunda,,,,,
ward,Rina   Devi,Algunda,,,,,
ward,Chandani   Khatun,Algunda,,,,,
ward,Dropati   Devi,Algunda,,,,,
ward,Babulal   Mahto,Algunda,,,,,
mukhiya,Fulchand  Baske,Badgunda Khurd,,,,,
mukhiya,Sunita  Devi,Badgunda Khurd,,,,,
ward,Khirochand  Mahto,Badgunda Khurd,,,,,
ward,Santosh Kumaer Saw,Badgunda Khurd,,,,,
ward,Champa  Murmu,Badgunda Khurd,,,,,
ward,Sarita  Devi,Badgunda Khurd,,,,,
ward,Giridhari Prasad Yadav,Badgunda Khurd,,,,,
ward,Budhni  Devi,Badgunda Khurd,,,,,
ward,Jisu  Tudu,Badgunda Khurd,,,,,
ward,Logan  Soren,Badgunda Khurd,,,,,
ward,Mangu  Tudu,Badgunda Khurd,,,,,
ward,Fulmuni  Devi,Badgunda Khurd,,,,,
ward,Sunita  Devi,Badgunda Khurd,,,,,
mukhiya,Anita  Verma,Bajto,,,,,
mukhiya,Ganesh  Kumar,Bajto,,,,,
ward,Bashishtha Kumar Singh,Bajto,,,,,
ward,Dhananjay  Kumar,Bajto,,,,,
ward,Renu  Devi,Bajto,,,,,
ward,Ramji Prasad Verma,Bajto,,,,,
ward,Pankaj Kumar Verma,Bajto,,,,,
ward,Gita  Devi,Bajto,,,,,
ward,Md Jumrati   Ansari,Bajto,,,,,
ward,Ajhola  Devi,Bajto,,,,,
ward,Rukawa  Devi,Bajto,,,,,
ward,Hiramuni  Devi,Bajto,,,,,
ward,Anil Kumar Kushwaha,Bajto,,,,,
ward,Sangita  Kumari,Bajto,,,,,
ward,Rupa  Devi,Bajto,,,,,
ward,Ganesh  Kumar,Bajto,,,,,
mukhiya,Munna  Lal,Barahmoriya,,,,,
mukhiya,Anita  Murmu,Barahmoriya,,,,,
ward,Jayanti Prasad Mandal,Barahmoriya,,,,,
ward,Md Tousif Raza,Barahmoriya,,,,,
ward,Fulamati  Devi,Barahmoriya,,,,,
ward,Sudama  Devi,Barahmoriya,,,,,
ward,Khushi  Baske,Barahmoriya,,,,,
ward,Nand Lal Tudu,Barahmoriya,,,,,
ward,Sanjay  Kumar  Saw,Barahmoriya,,,,,
ward,Kaushlaya  Devi,Barahmoriya,,,,,
ward,Kishun   Kumar,Barahmoriya,,,,,
ward,Sangita  Devi,Barahmoriya,,,,,
ward,Manisha  Kumari,Barahmoriya,,,,,
ward,Basanti   Devi,Barahmoriya,,,,,
mukhiya,Arjun   Marandi,Berdonga,,,,,
mukhiya,Deglal   Pandit,Berdonga,,,,,
ward,Bashisht  Singh,Berdonga,,,,,
ward,Md Tahir   Husain,Berdonga,,,,,
ward,Shivlal   Murmu,Berdonga,,,,,
mukhiya,Savitri   Devi,Chunjaka,,,,,
ward,Rubi  Saw,Chunjaka,,,,,
ward,Jyoti  Kumari,Chunjaka,,,,,
mukhiya,Champa   Marandi,Phulchi,,,,,
mukhiya,Kanchan   Devi,Gadi Srirampur,,,,,
mukhiya,Guddi Devi,Gadi Srirampur,,,,,
ward,Uday Kumar Bharti,Gadi Srirampur,,,,,
ward,Nilam   Devi,Gadi Srirampur,,,,,
ward,Md Ajad Alam,Gadi Srirampur,,,,,
ward,Kalicharan   Soren,Gadi Srirampur,,,,,
ward,Kanchan   Devi,Gadi Srirampur,,,,,
ward,Banarjee  Turi,Gadi Srirampur,,,,,
ward,Sarswati  Devi,Gadi Srirampur,,,,,
ward,Kamli  Devi,Gadi Srirampur,,,,,
ward,Sushma  Devi,Gadi Srirampur,,,,,
ward,Bablu  Kumar,Gadi Srirampur,,,,,
mukhiya,Budhni   Devi,Jaspur,,,,,
mukhiya,Birbal  Mandal,Jitpur,,,,,
mukhiya,Sunita  Besra,Jitpur,,,,,
ward,Matlu  Besra,Jitpur,,,,,
ward,Anil  Ram,Jitpur,,,,,
ward,Rina  Verma,Jitpur,,,,,
ward,Pawan  Mandal,Jitpur,,,,,
ward,Raju Prasad Verma,Jitpur,,,,,
ward,Deepak Kumar Yadav,Jitpur,,,,,
ward,Sarita  Soren,Jitpur,,,,,
ward,Sarita  Devi,Jitpur,,,,,
ward,Anita  Devi,Jitpur,,,,,
ward,Pramila  Devi,Jitpur,,,,,
ward,Pushpa  Devi,Jitpur,,,,,
mukhiya,Sahara  Khatun,Karharbari,,,,,
ward,Dularchand Prasad Kushwaha,Karharbari,,,,,
ward,Basant Kumar Mandal,Karharbari,,,,,
ward,Shabana   Parween,Karharbari,,,,,
ward,Selina  Tudu,Karharbari,,,,,
ward,Rabia  Bano,Karharbari,,,,,
ward,Md Farid Hasan,Karharbari,,,,,
ward,Afsana  Pravin,Karharbari,,,,,
ward,Sahjadi  Bano,Karharbari,,,,,
ward,Sonu  Devi,Karharbari,,,,,
ward,Charlish  Hembrom,Karharbari,,,,,
ward,Sangeeta  Hansda,Karharbari,,,,,
ward,Mustakim  Ansari,Karharbari,,,,,
ward,Shabana  Parween,Karharbari,,,,,
ward,Aman  Besra,Karharbari,,,,,
ward,Babita  Devi,Karharbari,,,,,
ward,Nisha  Gupta,Karharbari,,,,,
mukhiya,Mohan  Mandal,Khawa,,,,,
mukhiya,Basudeo  Mandal,Khawa,,,,,
ward,Lakhan Prasad  Rajak,Khawa,,,,,
ward,Shankar  Prasad  Verma,Khawa,,,,,
ward,Kuldip Kumar Mishra,Khawa,,,,,
ward,Basanti  Devi,Khawa,,,,,
ward,Priti  Devi,Khawa,,,,,
ward,Bahadur Prasad Verma,Khawa,,,,,
ward,Pemiya  Devi,Khawa,,,,,
ward,Gudiya  Khatun,Khawa,,,,,
ward,Surendra  Rajak,Khawa,,,,,
ward,Savita  Devi,Khawa,,,,,
ward,Anu  Kumari,Khawa,,,,,
ward,Reeta  Kol,Khawa,,,,,
ward,Dukhan  Mandal,Khawa,,,,,
ward,Kanchn  Devi,Khawa,,,,,
ward,Pati  Mahto,Khawa,,,,,
mukhiya,Madhuri   Devi,Leda,,,,,
mukhiya,Madhuri   Devi,Leda,,,,,
ward,Bhuneshwar  Prasad  Verma,Leda,,,,,
ward,Shubheshwar  Prasad  Verma,Leda,,,,,
ward,Kedar   Yadav,Leda,,,,,
ward,Darshan   Tudu,Leda,,,,,
ward,Sushila   Tudu,Leda,,,,,
ward,Madhuri  Devi,Leda,,,,,
ward,Doman   Rajak,Leda,,,,,
ward,Malti   Devi,Leda,,,,,
ward,Mina   Devi,Leda,,,,,
ward,Shankar   Turi,Leda,,,,,
ward,Rina   Devi,Leda,,,,,
ward,Babulal  Prasad  Verma,Leda,,,,,
mukhiya,Shivnath   Saw,Maheshlundi,,,,,
ward,Jagdish  Das,Maheshlundi,,,,,
mukhiya,Asha   Devi,Mangarodih,,,,,
mukhiya,Ravindra   Kumar,Matrukha,,,,,
mukhiya,Malti  Devi,Mohanpur,,,,,
mukhiya,Munni  Hembarom,Pahadpur,,,,,
mukhiya,Rukmani   Devi,Pahadpur,,,,,
ward,Shazeb  Shamim,Pahadpur,,,,,
ward,Sanjit  Kumar,Pahadpur,,,,,
ward,Taleshwar Prasad Verma,Pahadpur,,,,,
ward,Pryag  Mandal,Pahadpur,,,,,
ward,Kalawati  Devi,Pahadpur,,,,,
ward,Kishor  Murmu,Pahadpur,,,,,
ward,Devilal  Murmu,Pahadpur,,,,,
ward,Sakunva  Devi,Pahadpur,,,,,
ward,Sikar  Besara,Pahadpur,,,,,
ward,Biramuni  Marandi,Pahadpur,,,,,
ward,Vahamuni  Devi,Pahadpur,,,,,
ward,Parwati   Kumari,Pahadpur,,,,,
ward,Sonamuni   Devi,Pahadpur,,,,,
ward,Tara  Devi,Pahadpur,,,,,
mukhiya,Kini  Devi,Palmo,,,,,
mukhiya,Nunubala  Devi,Palmo,,,,,
ward,Khirochand   Mahto,Palmo,,,,,
ward,Babita  Kumari,Palmo,,,,,
ward,Suresh  Ray,Palmo,,,,,
ward,Reshmi  Devi,Palmo,,,,,
ward,Sarita  Devi,Palmo,,,,,
ward,Madhu  Devi,Palmo,,,,,
ward,Pachu  Saw,Palmo,,,,,
ward,Badki  Devi,Palmo,,,,,
ward,Nunubala  Devi,Palmo,,,,,
ward,Balika   Devi,Palmo,,,,,
ward,Mamuni  Devi,Palmo,,,,,
ward,Kunti devi Binod verma Mukhiya g,PARSATAND,,,layout=B,,
mukhiya,Indu Kumar Kumari,Patrodih,,,,,
mukhiya,Pushpa  Devi,Pindatand,,,,,
mukhiya,Mahabeer  Saw,Pindatand,,,,,
ward,Rajendra  Pandit,Pindatand,,,,,
ward,Manoranjan  Kumar,Pindatand,,,,,
ward,Prema  Devi,Pindatand,,,,,
ward,Lakhan  Turi,Pindatand,,,,,
ward,Gopal Pr. Vishwakarma,Pindatand,,,,,
ward,Gendiya  Devi,Pindatand,,,,,
ward,Savita  Kumari,Pindatand,,,,,
ward,Podina  Devi,Pindatand,,,,,
ward,Chhathu  Mahto,Pindatand,,,,,
ward,Binda  Devi,Pindatand,,,,,
ward,Mahabeer  Saw,Pindatand,,,,,
ward,Shital  Kumari,Pindatand,,,,,
ward,Gouri  Devi,Pindatand,,,,,
ward,Pramila  Devi,Pindatand,,,,,
ward,Chintamani  Mahto,Pindatand,,,,,
mukhiya,Meena Badri Rajwar Devi,Purnanagar,,,,,
mukhiya,Sunil Kumar Saw,Purnanagar,,,,,
ward,Uday Kumar  Bharti,Purnanagar,,,,,
ward,Nandkishor  Pandey,Purnanagar,,,,,
ward,Champa  Devi,Purnanagar,,,,,
ward,Savitri  Devi,Purnanagar,,,,,
ward,Renu  Devi,Purnanagar,,,,,
ward,Ujjwal Kumar Tiwari,Purnanagar,,,,,
ward,Anjali  Kumari,Purnanagar,,,,,
ward,Sukra  Murmu,Purnanagar,,,,,
ward,Khiru  Kumar,Purnanagar,,,,,
ward,Sonamuni  Devi,Purnanagar,,,,,
ward,Md  Noushad,Purnanagar,,,,,
ward,Fulvanti  Devi,Purnanagar,,,,,
mukhiya,Baleshwar   Yadav,Senadoni,,,,,
mukhiya,Jay Prakash Deo,Senadoni,,,,,
ward,Puran   Manjhi,Senadoni,,,,,
ward,Basanti   Devi,Senadoni,,,,,
ward,Pankaj  Kumar  Verma,Senadoni,,,,,
ward,Anita   Devi,Senadoni,,,,,
ward,Kitabun   Khatun,Senadoni,,,,,
ward,Shukar  Muni Devi,Senadoni,,,,,
ward,Savitri   Devi,Senadoni,,,,,
ward,Bebi  Devi,Senadoni,,,,,
ward,Rohit  Kumar  Yadav,Senadoni,,,,,
ward,Prity   Kumari,Senadoni,,,,,
mukhiya,Jamila  Khatoon,Sikdardih,,,,,
mukhiya,Fagendra Kumar Das,Sikdardih,,,,,
ward,Babujan  Murmu,Sikdardih,,,,,
ward,Sajiya  Praween,Sikdardih,,,,,
ward,Nuresha  Khatoon,Sikdardih,,,,,
ward,Dulari  Devi,Sikdardih,,,,,
ward,Rakhi  Devi,Sikdardih,,,,,
ward,Mustak  Ansari,Sikdardih,,,,,
ward,Raju  Ravidas,Sikdardih,,,,,
ward,Radhika  Devi,Sikdardih,,,,,
mukhiya,Rameshwar  Prasad  Verma,Sindwariya,,,,,
mukhiya,Dilchand  Prasad  Verma,Sindwariya,,,,,
ward,Bhuneshwar Prasad  Verma,Sindwariya,,,,,
ward,Ranjit   Kumar,Sindwariya,,,,,
ward,Manisha   Verma,Sindwariya,,,,,
ward,Chanda  Devi,Sindwariya,,,,,
ward,Gaytri  Devi,Sindwariya,,,,,
ward,Binod  Prasad  Yadav,Sindwariya,,,,,
ward,Prayag Prasad  Verma,Sindwariya,,,,,
ward,Sunaina  Devi,Sindwariya,,,,,
ward,Reeta  Pandey,Sindwariya,,,,,
ward,Ramlal   Tudu,Sindwariya,,,,,
ward,Kamli   Hansda,Sindwariya,,,,,
ward,Raj Kishor Singh,Sindwariya,,,,,
ward,Samina  Khatun,Sindwariya,,,,,
mukhiya,Shabbir  Alam,Telodih,,,,,
mukhiya,Abdul Kuddus Ansari,Telodih,,,,,
ward,Shazeb  Shamim,Telodih,,,,,
ward,Md  Islam,Telodih,,,,,
ward,Rehana  Khatoon,Telodih,,,,,
ward,Mariyam  Khatoon,Telodih,,,,,
ward,Md Rizwan Ansari,Telodih,,,,,
ward,Md Naim Uddin Ansari,Telodih,,,,,
ward,Halima  Khatoon,Telodih,,,,,
ward,Md  Nawazish,Telodih,,,,,
ward,Sakina  Khatun,Telodih,,,,,
ward,Shamima  Khatoon,Telodih,,,,,
ward,Rukshana  Parween,Telodih,,,,,
ward,Sakeena  Parween,Telodih,,,,,
ward,Taslim  Arif,Telodih,,,,,
ward,Manoj Kumar Singh,Telodih,,,,,
ward,Azaz Ahmad Ansari,Telodih,,,,,
ward,Nurjahan  Khatun,Telodih,,,,,
ward,Shambhunath  Sahu,Telodih,,,,,
mukhiya,Kajal  Devi,Udanabad,,,,,
ward,Deepa  Ekka,Udanabad,,,,,
mukhiya,Kanchan Mira  Devi,Badgawan,,,,,
mukhiya,Md Sajid  Ansari,Badgawan,,,,,
ward,Sita Ram Mahto,Badgawan,,,,,
ward,Md Hasrat  Ali,Badgawan,,,,,
ward,Yogesh Prasad Mahto,Badgawan,,,,,
mukhiya,Somi  Devi,Chilga,,,,,
ward,Sukhlal  Mahto,Chilga,,,,,
ward,Avni   Devi,Chilga,,,,,
ward,Surylal  Marandi,Chilga,,,,,
ward,Sunita  Devi,Chilga,,,,,
ward,Mohan  Ray,Chilga,,,,,
ward,Savitri   Devi,Chilga,,,,,
ward,Jaso  Kumari,Chilga,,,,,
ward,Sushil  Murmu,Chilga,,,,,
ward,Sairun  Nisha,Chilga,,,,,
ward,Sajda  Parvin,Chilga,,,,,
mukhiya,Md Tanweer,Kharpoka,,,,,
mukhiya,Mithu Thakur,Kharpoka,,,,,
ward,Nakul Ravidas Puran Ravidas,Kharpoka,,,,,
ward,Uday Kumar Rana,Kharpoka,,,,,
ward,Muniya Khatoon,Kharpoka,,,,,
ward,Banu Khatun,Kharpoka,,,,,
ward,Churaman Kolh,Kharpoka,,,,,
ward,Lal Mohammad,Kharpoka,,,,,
ward,Hakiman Khatun,Kharpoka,,,,,
ward,Safina Bibi,Kharpoka,,,,,
ward,Raju Saw,Kharpoka,,,,,
ward,Sahnaj Khatun,Kharpoka,,,,,
ward,Rupa Devi,Kharpoka,,,,,
ward,Jahangir Ansari,Kharpoka,,,,,
ward,Mithu Thakur,Kharpoka,,,,,
ward,Jyoti Kumari,Kharpoka,,,,,
ward,Not Elected Not Elected,Kharpoka,,,,,
ward,MANTU MURMU SARKAR MURMU,KUDKO,,,layout=B,,
ward,DHANESHWARI DEVI DINESH MAHTO,KUDKO,,,layout=B,,
ward,PALLWI KUMARI MRITUNJAY GUPTA,KUDKO,,,layout=B,,
ward,RAJU RAVIDAS,KUDKO,,,layout=B,,
ward,SONU KUMAR GUPTA,KUDKO,,,layout=B,,
ward,SITARAM MAHTO,KUDKO,,,layout=B,,
ward,NARAYAN KOLH,KUDKO,,,layout=B,,
ward,DHASHMI KUMARI DINESH RAJAK,KUDKO,,,layout=B,,
ward,DHANESHWARI DEVI DINESH MAHTO,KUDKO,,,layout=B,,
ward,SURESH KOLH,KUDKO,,,layout=B,,
ward,SHANTI DEVI,KUDKO,,,layout=B,,
ward,SUNITA DEVI,KUDKO,,,layout=B,,
ward,CHUNILAL MURMU,KUDKO,,,layout=B,,
ward,SANYOJTI  HANSDA,KUDKO,,,layout=B,,
ward,NEMCHAND HANSDA,KUDKO,,,layout=B,,
ward,MAHABALI MARANDI,KUDKO,,,layout=B,,
ward,PABITA KUMARI,KUDKO,,,layout=B,,
ward,RITA DEVI,KUDKO,,,layout=B,,
ward,AJAY BESRA,KUDKO,,,layout=B,,
mukhiya,Anita  Barnwal,Kumharlalo,,,,,
mukhiya,Sunil  Rajwar,Kumharlalo,,,,,
ward,Jai Narayan Choudhary,Kumharlalo,,,,,
ward,Avinash  Keshri,Kumharlalo,,,,,
ward,Sunil  Rajwar,Kumharlalo,,,,,
ward,Kaushalya   Devi,Kumharlalo,,,,,
ward,Niru  Saw,Kumharlalo,,,,,
ward,Sanjay  Rawani,Kumharlalo,,,,,
ward,Mina  Devi,Kumharlalo,,,,,
ward,Ganesh   Verma,Kumharlalo,,,,,
ward,Nagina   Devi,Kumharlalo,,,,,
ward,Chhotki  Devi,Kumharlalo,,,,,
ward,Kiran  Devi,Kumharlalo,,,,,
ward,Hiralal  Marandi,Kumharlalo,,,,,
ward,Anita  Soren,Kumharlalo,,,,,
ward,Gita  Murmu,Kumharlalo,,,,,
mukhiya,Sundar   Kisku,Nawadih,,,,,
mukhiya,Bhim  Soren,Nawadih,,,,,
ward,Kalicharan  Mahto,Nawadih,,,,,
ward,Miraz  Ansari,Nawadih,,,,,
ward,Sudhir   Pandit,Nawadih,,,,,
ward,Rekha   Devi,Nawadih,,,,,
ward,Kedar   Ray,Nawadih,,,,,
ward,Kishun   Kolh,Nawadih,,,,,
ward,Puja   Devi,Nawadih,,,,,
ward,Sunita  Devi,Nawadih,,,,,
ward,Kanchan  Devi,Nawadih,,,,,
ward,Kali   Tudu,Nawadih,,,,,
ward,Sarita   Devi,Nawadih,,,,,
ward,Shivlal   Murmu,Nawadih,,,,,
ward,Sukanti  Devi,Nawadih,,,,,
ward,Md Saba Ansari Yusuf Ansari,SIMARKOTHI,,,layout=B,,
