ac_number,election_label,candidate_name,party_abbr,metric,value,source
32,VS-2014,Nirbhay Kumar Shahabadi,BJP,votes,57450,HLD 1.1 (secondary - re-verify vs Form 20)
32,VS-2014,Sudivya Kumar,JMM,votes,47517,HLD 1.1 (secondary - re-verify vs Form 20)
33,LS-2024,Kamal Prasad,BSP,votes,2626,"ECI Form 20, Dumri LS-2024 (dumri_ls2024_form20.xlsx, Total Votes Polled row)"
33,LS-2024,Kamal Prasad,BSP,postal,0,"ECI Form 20, Dumri LS-2024 (dumri_ls2024_form20.xlsx, Total Votes Polled row)"
33,LS-2024,Chandra Prakash Choudhary,AJSU,votes,55421,"ECI Form 20, Dumri LS-2024 (dumri_ls2024_form20.xlsx, Total Votes Polled row)"
33,LS-2024,Chandra Prakash Choudhary,AJSU,postal,0,"ECI Form 20, Dumri LS-2024 (dumri_ls2024_form20.xlsx, Total Votes Polled row)"
33,LS-2024,Mathura Prasad Mahato,JMM,votes,52193,"ECI Form 20, Dumri LS-2024 (dumri_ls2024_form20.xlsx, Total Votes Polled row)"
33,LS-2024,Mathura Prasad Mahato,JMM,postal,0,"ECI Form 20, Dumri LS-2024 (dumri_ls2024_form20.xlsx, Total Votes Polled row)"
33,LS-2024,Md Ainul Ansari,OTH,votes,1323,"ECI Form 20, Dumri LS-2024 (dumri_ls2024_form20.xlsx, Total Votes Polled row)"
33,LS-2024,Md Ainul Ansari,OTH,postal,0,"ECI Form 20, Dumri LS-2024 (dumri_ls2024_form20.xlsx, Total Votes Polled row)"
33,LS-2024,Gyaneshwar Prasad,OTH,votes,1301,"ECI Form 20, Dumri LS-2024 (dumri_ls2024_form20.xlsx, Total Votes Polled row)"
33,LS-2024,Gyaneshwar Prasad,OTH,postal,0,"ECI Form 20, Dumri LS-2024 (dumri_ls2024_form20.xlsx, Total Votes Polled row)"
33,LS-2024,Pappu Kumar Nishad,OTH,votes,528,"ECI Form 20, Dumri LS-2024 (dumri_ls2024_form20.xlsx, Total Votes Polled row)"
33,LS-2024,Pappu Kumar Nishad,OTH,postal,0,"ECI Form 20, Dumri LS-2024 (dumri_ls2024_form20.xlsx, Total Votes Polled row)"
33,LS-2024,Pramod Ram,OTH,votes,524,"ECI Form 20, Dumri LS-2024 (dumri_ls2024_form20.xlsx, Total Votes Polled row)"
33,LS-2024,Pramod Ram,OTH,postal,0,"ECI Form 20, Dumri LS-2024 (dumri_ls2024_form20.xlsx, Total Votes Polled row)"
33,LS-2024,Shivji Prasad,OTH,votes,827,"ECI Form 20, Dumri LS-2024 (dumri_ls2024_form20.xlsx, Total Votes Polled row)"
33,LS-2024,Shivji Prasad,OTH,postal,0,"ECI Form 20, Dumri LS-2024 (dumri_ls2024_form20.xlsx, Total Votes Polled row)"
33,LS-2024,Subhash Kumar Thakur,OTH,votes,391,"ECI Form 20, Dumri LS-2024 (dumri_ls2024_form20.xlsx, Total Votes Polled row)"
33,LS-2024,Subhash Kumar Thakur,OTH,postal,0,"ECI Form 20, Dumri LS-2024 (dumri_ls2024_form20.xlsx, Total Votes Polled row)"
33,LS-2024,Usha Singh,IND,votes,513,"ECI Form 20, Dumri LS-2024 (dumri_ls2024_form20.xlsx, Total Votes Polled row)"
33,LS-2024,Usha Singh,IND,postal,0,"ECI Form 20, Dumri LS-2024 (dumri_ls2024_form20.xlsx, Total Votes Polled row)"
33,LS-2024,Kalawati Devi,IND,votes,1170,"ECI Form 20, Dumri LS-2024 (dumri_ls2024_form20.xlsx, Total Votes Polled row)"
33,LS-2024,Kalawati Devi,IND,postal,0,"ECI Form 20, Dumri LS-2024 (dumri_ls2024_form20.xlsx, Total Votes Polled row)"
33,LS-2024,Jairam Kumar Mahato,IND,votes,90541,"ECI Form 20, Dumri LS-2024 (dumri_ls2024_form20.xlsx, Total Votes Polled row)"
33,LS-2024,Jairam Kumar Mahato,IND,postal,0,"ECI Form 20, Dumri LS-2024 (dumri_ls2024_form20.xlsx, Total Votes Polled row)"
33,LS-2024,Dwaraka Prasad Lala,IND,votes,1054,"ECI Form 20, Dumri LS-2024 (dumri_ls2024_form20.xlsx, Total Votes Polled row)"
33,LS-2024,Dwaraka Prasad Lala,IND,postal,0,"ECI Form 20, Dumri LS-2024 (dumri_ls2024_form20.xlsx, Total Votes Polled row)"
33,LS-2024,Rameshwar Dusadh,IND,votes,1985,"ECI Form 20, Dumri LS-2024 (dumri_ls2024_form20.xlsx, Total Votes Polled row)"
33,LS-2024,Rameshwar Dusadh,IND,postal,0,"ECI Form 20, Dumri LS-2024 (dumri_ls2024_form20.xlsx, Total Votes Polled row)"
33,LS-2024,Sunita Tudu,IND,votes,1857,"ECI Form 20, Dumri LS-2024 (dumri_ls2024_form20.xlsx, Total Votes Polled row)"
33,LS-2024,Sunita Tudu,IND,postal,0,"ECI Form 20, Dumri LS-2024 (dumri_ls2024_form20.xlsx, Total Votes Polled row)"
33,LS-2024,Subodh Kumar Yadav,IND,votes,2501,"ECI Form 20, Dumri LS-2024 (dumri_ls2024_form20.xlsx, Total Votes Polled row)"
33,LS-2024,Subodh Kumar Yadav,IND,postal,0,"ECI Form 20, Dumri LS-2024 (dumri_ls2024_form20.xlsx, Total Votes Polled row)"
33,LS-2024,NOTA,NOTA,postal,0,"ECI Form 20, Dumri LS-2024 (dumri_ls2024_form20.xlsx, Total Votes Polled row)"
33,LS-2024,,,nota,974,"ECI Form 20, Dumri LS-2024 (dumri_ls2024_form20.xlsx, Total Votes Polled row)"
33,LS-2024,,,total_valid,215729,"ECI Form 20, Dumri LS-2024 (dumri_ls2024_form20.xlsx, Total Votes Polled row)"
33,LS-2024,,,rejected,0,"ECI Form 20, Dumri LS-2024 (dumri_ls2024_form20.xlsx, Total Votes Polled row)"
33,LS-2024,,,postal,0,"ECI Form 20, Dumri LS-2024 (dumri_ls2024_form20.xlsx, Total Votes Polled row)"
33,LS-2024,,,postal_rejected,0,"ECI Form 20, Dumri LS-2024 (dumri_ls2024_form20.xlsx, Total Votes Polled row)"
33,LS-2024,,,votes_polled,215729,"ECI Form 20, Dumri LS-2024 (dumri_ls2024_form20.xlsx, Total Votes Polled row)"
33,VS-2024,Bebi Devi,JMM,votes,83551,"ECI Form 20, Dumri VS-2024 (dumri_vs2024_form20.xlsx, Total Votes Polled row)"
33,VS-2024,Bebi Devi,JMM,postal,596,"ECI Form 20, Dumri VS-2024 (dumri_vs2024_form20.xlsx, Total Votes Polled row)"
33,VS-2024,Yashoda Devi,AJSU,votes,35890,"ECI Form 20, Dumri VS-2024 (dumri_vs2024_form20.xlsx, Total Votes Polled row)"
33,VS-2024,Yashoda Devi,AJSU,postal,234,"ECI Form 20, Dumri VS-2024 (dumri_vs2024_form20.xlsx, Total Votes Polled row)"
33,VS-2024,Abdul Mobin Rizvi,OTH,votes,857,"ECI Form 20, Dumri VS-2024 (dumri_vs2024_form20.xlsx, Total Votes Polled row)"
33,VS-2024,Abdul Mobin Rizvi,OTH,postal,0,"ECI Form 20, Dumri VS-2024 (dumri_vs2024_form20.xlsx, Total Votes Polled row)"
33,VS-2024,Jairam Kumar Mahato,JLKM,votes,94496,"ECI Form 20, Dumri VS-2024 (dumri_vs2024_form20.xlsx, Total Votes Polled row)"
33,VS-2024,Jairam Kumar Mahato,JLKM,postal,1095,"ECI Form 20, Dumri VS-2024 (dumri_vs2024_form20.xlsx, Total Votes Polled row)"
33,VS-2024,Bijay Kumar Mahto,OTH,votes,683,"ECI Form 20, Dumri VS-2024 (dumri_vs2024_form20.xlsx, Total Votes Polled row)"
33,VS-2024,Bijay Kumar Mahto,OTH,postal,0,"ECI Form 20, Dumri VS-2024 (dumri_vs2024_form20.xlsx, Total Votes Polled row)"
33,VS-2024,Mohan Lal Saw,OTH,votes,204,"ECI Form 20, Dumri VS-2024 (dumri_vs2024_form20.xlsx, Total Votes Polled row)"
33,VS-2024,Mohan Lal Saw,OTH,postal,1,"ECI Form 20, Dumri VS-2024 (dumri_vs2024_form20.xlsx, Total Votes Polled row)"
33,VS-2024,Rakib Alam,OTH,votes,154,"ECI Form 20, Dumri VS-2024 (dumri_vs2024_form20.xlsx, Total Votes Polled row)"
33,VS-2024,Rakib Alam,OTH,postal,0,"ECI Form 20, Dumri VS-2024 (dumri_vs2024_form20.xlsx, Total Votes Polled row)"
33,VS-2024,Hari Prasad Mahto,OTH,votes,187,"ECI Form 20, Dumri VS-2024 (dumri_vs2024_form20.xlsx, Total Votes Polled row)"
33,VS-2024,Hari Prasad Mahto,OTH,postal,2,"ECI Form 20, Dumri VS-2024 (dumri_vs2024_form20.xlsx, Total Votes Polled row)"
33,VS-2024,Baijnath Mahto,IND,votes,1183,"ECI Form 20, Dumri VS-2024 (dumri_vs2024_form20.xlsx, Total Votes Polled row)"
33,VS-2024,Baijnath Mahto,IND,postal,1,"ECI Form 20, Dumri VS-2024 (dumri_vs2024_form20.xlsx, Total Votes Polled row)"
33,VS-2024,Mansur Ansari,IND,votes,3732,"ECI Form 20, Dumri VS-2024 (dumri_vs2024_form20.xlsx, Total Votes Polled row)"
33,VS-2024,Mansur Ansari,IND,postal,0,"ECI Form 20, Dumri VS-2024 (dumri_vs2024_form20.xlsx, Total Votes Polled row)"
33,VS-2024,Roshan Lal Turi,IND,votes,812,"ECI Form 20, Dumri VS-2024 (dumri_vs2024_form20.xlsx, Total Votes Polled row)"
33,VS-2024,Roshan Lal Turi,IND,postal,2,"ECI Form 20, Dumri VS-2024 (dumri_vs2024_form20.xlsx, Total Votes Polled row)"
33,VS-2024,Shivshankar Mahto,IND,votes,989,"ECI Form 20, Dumri VS-2024 (dumri_vs2024_form20.xlsx, Total Votes Polled row)"
33,VS-2024,Shivshankar Mahto,IND,postal,2,"ECI Form 20, Dumri VS-2024 (dumri_vs2024_form20.xlsx, Total Votes Polled row)"
33,VS-2024,NOTA,NOTA,postal,5,"ECI Form 20, Dumri VS-2024 (dumri_vs2024_form20.xlsx, Total Votes Polled row)"
33,VS-2024,,,nota,3319,"ECI Form 20, Dumri VS-2024 (dumri_vs2024_form20.xlsx, Total Votes Polled row)"
33,VS-2024,,,total_valid,226057,"ECI Form 20, Dumri VS-2024 (dumri_vs2024_form20.xlsx, Total Votes Polled row)"
33,VS-2024,,,rejected,106,"ECI Form 20, Dumri VS-2024 (dumri_vs2024_form20.xlsx, Total Votes Polled row)"
33,VS-2024,,,postal,1938,"ECI Form 20, Dumri VS-2024 (dumri_vs2024_form20.xlsx, Total Votes Polled row)"
33,VS-2024,,,postal_rejected,106,"ECI Form 20, Dumri VS-2024 (dumri_vs2024_form20.xlsx, Total Votes Polled row)"
33,VS-2024,,,votes_polled,226163,"ECI Form 20, Dumri VS-2024 (dumri_vs2024_form20.xlsx, Total Votes Polled row)"
31,LS-2024,Annpurna Devi,BJP,votes,106702,"ECI Form 20, Gandey LS-2024 (gandey_ls2024_form20.xlsx, Total Votes Polled row)"
31,LS-2024,Annpurna Devi,BJP,postal,0,"ECI Form 20, Gandey LS-2024 (gandey_ls2024_form20.xlsx, Total Votes Polled row)"
31,LS-2024,Sitan Rabidas,BSP,votes,2311,"ECI Form 20, Gandey LS-2024 (gandey_ls2024_form20.xlsx, Total Votes Polled row)"
31,LS-2024,Sitan Rabidas,BSP,postal,0,"ECI Form 20, Gandey LS-2024 (gandey_ls2024_form20.xlsx, Total Votes Polled row)"
31,LS-2024,Akleshwar Saw,OTH,votes,1187,"ECI Form 20, Gandey LS-2024 (gandey_ls2024_form20.xlsx, Total Votes Polled row)"
31,LS-2024,Akleshwar Saw,OTH,postal,0,"ECI Form 20, Gandey LS-2024 (gandey_ls2024_form20.xlsx, Total Votes Polled row)"
31,LS-2024,Ajay Krishna,OTH,votes,1633,"ECI Form 20, Gandey LS-2024 (gandey_ls2024_form20.xlsx, Total Votes Polled row)"
31,LS-2024,Ajay Krishna,OTH,postal,0,"ECI Form 20, Gandey LS-2024 (gandey_ls2024_form20.xlsx, Total Votes Polled row)"
31,LS-2024,Ashish Kumar,OTH,votes,630,"ECI Form 20, Gandey LS-2024 (gandey_ls2024_form20.xlsx, Total Votes Polled row)"
31,LS-2024,Ashish Kumar,OTH,postal,0,"ECI Form 20, Gandey LS-2024 (gandey_ls2024_form20.xlsx, Total Votes Polled row)"
31,LS-2024,Jaynarayan Das,OTH,votes,1107,"ECI Form 20, Gandey LS-2024 (gandey_ls2024_form20.xlsx, Total Votes Polled row)"
31,LS-2024,Jaynarayan Das,OTH,postal,0,"ECI Form 20, Gandey LS-2024 (gandey_ls2024_form20.xlsx, Total Votes Polled row)"
31,LS-2024,Vinod Kumar Singh,CPIML,votes,82251,"ECI Form 20, Gandey LS-2024 (gandey_ls2024_form20.xlsx, Total Votes Polled row)"
31,LS-2024,Vinod Kumar Singh,CPIML,postal,0,"ECI Form 20, Gandey LS-2024 (gandey_ls2024_form20.xlsx, Total Votes Polled row)"
31,LS-2024,Jai Prakash Verma,IND,votes,5005,"ECI Form 20, Gandey LS-2024 (gandey_ls2024_form20.xlsx, Total Votes Polled row)"
31,LS-2024,Jai Prakash Verma,IND,postal,0,"ECI Form 20, Gandey LS-2024 (gandey_ls2024_form20.xlsx, Total Votes Polled row)"
31,LS-2024,Jitlal Kisku,IND,votes,847,"ECI Form 20, Gandey LS-2024 (gandey_ls2024_form20.xlsx, Total Votes Polled row)"
31,LS-2024,Jitlal Kisku,IND,postal,0,"ECI Form 20, Gandey LS-2024 (gandey_ls2024_form20.xlsx, Total Votes Polled row)"
31,LS-2024,Manoj Kumar,IND,votes,2384,"ECI Form 20, Gandey LS-2024 (gandey_ls2024_form20.xlsx, Total Votes Polled row)"
31,LS-2024,Manoj Kumar,IND,postal,0,"ECI Form 20, Gandey LS-2024 (gandey_ls2024_form20.xlsx, Total Votes Polled row)"
31,LS-2024,Rajesh,IND,votes,693,"ECI Form 20, Gandey LS-2024 (gandey_ls2024_form20.xlsx, Total Votes Polled row)"
31,LS-2024,Rajesh,IND,postal,0,"ECI Form 20, Gandey LS-2024 (gandey_ls2024_form20.xlsx, Total Votes Polled row)"
31,LS-2024,Rameshwar Prasad Yadav,IND,votes,1253,"ECI Form 20, Gandey LS-2024 (gandey_ls2024_form20.xlsx, Total Votes Polled row)"
31,LS-2024,Rameshwar Prasad Yadav,IND,postal,0,"ECI Form 20, Gandey LS-2024 (gandey_ls2024_form20.xlsx, Total Votes Polled row)"
31,LS-2024,Md. Sagir,IND,votes,911,"ECI Form 20, Gandey LS-2024 (gandey_ls2024_form20.xlsx, Total Votes Polled row)"
31,LS-2024,Md. Sagir,IND,postal,0,"ECI Form 20, Gandey LS-2024 (gandey_ls2024_form20.xlsx, Total Votes Polled row)"
31,LS-2024,Sahadat Ansari,IND,votes,1478,"ECI Form 20, Gandey LS-2024 (gandey_ls2024_form20.xlsx, Total Votes Polled row)"
31,LS-2024,Sahadat Ansari,IND,postal,0,"ECI Form 20, Gandey LS-2024 (gandey_ls2024_form20.xlsx, Total Votes Polled row)"
31,LS-2024,Surendra Kumar Agrawal,IND,votes,2006,"ECI Form 20, Gandey LS-2024 (gandey_ls2024_form20.xlsx, Total Votes Polled row)"
31,LS-2024,Surendra Kumar Agrawal,IND,postal,0,"ECI Form 20, Gandey LS-2024 (gandey_ls2024_form20.xlsx, Total Votes Polled row)"
31,LS-2024,NOTA,NOTA,postal,0,"ECI Form 20, Gandey LS-2024 (gandey_ls2024_form20.xlsx, Total Votes Polled row)"
31,LS-2024,,,nota,6872,"ECI Form 20, Gandey LS-2024 (gandey_ls2024_form20.xlsx, Total Votes Polled row)"
31,LS-2024,,,total_valid,217270,"ECI Form 20, Gandey LS-2024 (gandey_ls2024_form20.xlsx, Total Votes Polled row)"
31,LS-2024,,,rejected,0,"ECI Form 20, Gandey LS-2024 (gandey_ls2024_form20.xlsx, Total Votes Polled row)"
31,LS-2024,,,postal,0,"ECI Form 20, Gandey LS-2024 (gandey_ls2024_form20.xlsx, Total Votes Polled row)"
31,LS-2024,,,postal_rejected,0,"ECI Form 20, Gandey LS-2024 (gandey_ls2024_form20.xlsx, Total Votes Polled row)"
31,LS-2024,,,votes_polled,217270,"ECI Form 20, Gandey LS-2024 (gandey_ls2024_form20.xlsx, Total Votes Polled row)"
31,VS-2024,Kalpana Murmu Soren,JMM,votes,119372,"ECI Form 20, Gandey VS-2024 (gandey_vs2024_form20.xlsx, Total Votes Polled row)"
31,VS-2024,Kalpana Murmu Soren,JMM,postal,851,"ECI Form 20, Gandey VS-2024 (gandey_vs2024_form20.xlsx, Total Votes Polled row)"
31,VS-2024,Md Kausar Azad,BSP,votes,1104,"ECI Form 20, Gandey VS-2024 (gandey_vs2024_form20.xlsx, Total Votes Polled row)"
31,VS-2024,Md Kausar Azad,BSP,postal,3,"ECI Form 20, Gandey VS-2024 (gandey_vs2024_form20.xlsx, Total Votes Polled row)"
31,VS-2024,Muniya Devi,BJP,votes,102230,"ECI Form 20, Gandey VS-2024 (gandey_vs2024_form20.xlsx, Total Votes Polled row)"
31,VS-2024,Muniya Devi,BJP,postal,669,"ECI Form 20, Gandey VS-2024 (gandey_vs2024_form20.xlsx, Total Votes Polled row)"
31,VS-2024,Arjun Baitha,OTH,votes,2760,"ECI Form 20, Gandey VS-2024 (gandey_vs2024_form20.xlsx, Total Votes Polled row)"
31,VS-2024,Arjun Baitha,OTH,postal,13,"ECI Form 20, Gandey VS-2024 (gandey_vs2024_form20.xlsx, Total Votes Polled row)"
31,VS-2024,Md. Arif Uddin,OTH,votes,263,"ECI Form 20, Gandey VS-2024 (gandey_vs2024_form20.xlsx, Total Votes Polled row)"
31,VS-2024,Md. Arif Uddin,OTH,postal,2,"ECI Form 20, Gandey VS-2024 (gandey_vs2024_form20.xlsx, Total Votes Polled row)"
31,VS-2024,Kameshwar Prasad Saw,OTH,votes,158,"ECI Form 20, Gandey VS-2024 (gandey_vs2024_form20.xlsx, Total Votes Polled row)"
31,VS-2024,Kameshwar Prasad Saw,OTH,postal,0,"ECI Form 20, Gandey VS-2024 (gandey_vs2024_form20.xlsx, Total Votes Polled row)"
31,VS-2024,Mohammad Kudus Ansari,OTH,votes,126,"ECI Form 20, Gandey VS-2024 (gandey_vs2024_form20.xlsx, Total Votes Polled row)"
31,VS-2024,Mohammad Kudus Ansari,OTH,postal,0,"ECI Form 20, Gandey VS-2024 (gandey_vs2024_form20.xlsx, Total Votes Polled row)"
31,VS-2024,Rajesh Kumar,OTH,votes,1086,"ECI Form 20, Gandey VS-2024 (gandey_vs2024_form20.xlsx, Total Votes Polled row)"
31,VS-2024,Rajesh Kumar,OTH,postal,11,"ECI Form 20, Gandey VS-2024 (gandey_vs2024_form20.xlsx, Total Votes Polled row)"
31,VS-2024,Samim Akhtar,OTH,votes,1128,"ECI Form 20, Gandey VS-2024 (gandey_vs2024_form20.xlsx, Total Votes Polled row)"
31,VS-2024,Samim Akhtar,OTH,postal,3,"ECI Form 20, Gandey VS-2024 (gandey_vs2024_form20.xlsx, Total Votes Polled row)"
31,VS-2024,Dinesh Prasad Verma,IND,votes,172,"ECI Form 20, Gandey VS-2024 (gandey_vs2024_form20.xlsx, Total Votes Polled row)"
31,VS-2024,Dinesh Prasad Verma,IND,postal,0,"ECI Form 20, Gandey VS-2024 (gandey_vs2024_form20.xlsx, Total Votes Polled row)"
31,VS-2024,Pritee Kumari,IND,votes,219,"ECI Form 20, Gandey VS-2024 (gandey_vs2024_form20.xlsx, Total Votes Polled row)"
31,VS-2024,Pritee Kumari,IND,postal,2,"ECI Form 20, Gandey VS-2024 (gandey_vs2024_form20.xlsx, Total Votes Polled row)"
31,VS-2024,Basant Dev Hansda,IND,votes,474,"ECI Form 20, Gandey VS-2024 (gandey_vs2024_form20.xlsx, Total Votes Polled row)"
31,VS-2024,Basant Dev Hansda,IND,postal,0,"ECI Form 20, Gandey VS-2024 (gandey_vs2024_form20.xlsx, Total Votes Polled row)"
31,VS-2024,Birendra Ku. Vishwakarma,IND,votes,949,"ECI Form 20, Gandey VS-2024 (gandey_vs2024_form20.xlsx, Total Votes Polled row)"
31,VS-2024,Birendra Ku. Vishwakarma,IND,postal,1,"ECI Form 20, Gandey VS-2024 (gandey_vs2024_form20.xlsx, Total Votes Polled row)"
31,VS-2024,Rameshwar Dusadh,IND,votes,2539,"ECI Form 20, Gandey VS-2024 (gandey_vs2024_form20.xlsx, Total Votes Polled row)"
31,VS-2024,Rameshwar Dusadh,IND,postal,0,"ECI Form 20, Gandey VS-2024 (gandey_vs2024_form20.xlsx, Total Votes Polled row)"
31,VS-2024,Lalita Roy,IND,votes,708,"ECI Form 20, Gandey VS-2024 (gandey_vs2024_form20.xlsx, Total Votes Polled row)"
31,VS-2024,Lalita Roy,IND,postal,2,"ECI Form 20, Gandey VS-2024 (gandey_vs2024_form20.xlsx, Total Votes Polled row)"
31,VS-2024,NOTA,NOTA,postal,4,"ECI Form 20, Gandey VS-2024 (gandey_vs2024_form20.xlsx, Total Votes Polled row)"
31,VS-2024,,,nota,3051,"ECI Form 20, Gandey VS-2024 (gandey_vs2024_form20.xlsx, Total Votes Polled row)"
31,VS-2024,,,total_valid,236339,"ECI Form 20, Gandey VS-2024 (gandey_vs2024_form20.xlsx, Total Votes Polled row)"
31,VS-2024,,,rejected,158,"ECI Form 20, Gandey VS-2024 (gandey_vs2024_form20.xlsx, Total Votes Polled row)"
31,VS-2024,,,postal,1561,"ECI Form 20, Gandey VS-2024 (gandey_vs2024_form20.xlsx, Total Votes Polled row)"
31,VS-2024,,,postal_rejected,158,"ECI Form 20, Gandey VS-2024 (gandey_vs2024_form20.xlsx, Total Votes Polled row)"
31,VS-2024,,,votes_polled,236497,"ECI Form 20, Gandey VS-2024 (gandey_vs2024_form20.xlsx, Total Votes Polled row)"
32,LS-2019,Chandra Prakash Choudhary,AJSU,votes,95248,"ECI Form 20, Giridih LS-2019 (giridih_ls2019_form20.xlsx, Total Votes Polled row)"
32,LS-2019,Chandra Prakash Choudhary,AJSU,postal,0,"ECI Form 20, Giridih LS-2019 (giridih_ls2019_form20.xlsx, Total Votes Polled row)"
32,LS-2019,Jagarnath Mahto,JMM,votes,65293,"ECI Form 20, Giridih LS-2019 (giridih_ls2019_form20.xlsx, Total Votes Polled row)"
32,LS-2019,Jagarnath Mahto,JMM,postal,0,"ECI Form 20, Giridih LS-2019 (giridih_ls2019_form20.xlsx, Total Votes Polled row)"
32,LS-2019,Rasul Baksh,BSP,votes,2457,"ECI Form 20, Giridih LS-2019 (giridih_ls2019_form20.xlsx, Total Votes Polled row)"
32,LS-2019,Rasul Baksh,BSP,postal,0,"ECI Form 20, Giridih LS-2019 (giridih_ls2019_form20.xlsx, Total Votes Polled row)"
32,LS-2019,Amit Jani,OTH,votes,349,"ECI Form 20, Giridih LS-2019 (giridih_ls2019_form20.xlsx, Total Votes Polled row)"
32,LS-2019,Amit Jani,OTH,postal,0,"ECI Form 20, Giridih LS-2019 (giridih_ls2019_form20.xlsx, Total Votes Polled row)"
32,LS-2019,Ahmad Ansari,OTH,votes,199,"ECI Form 20, Giridih LS-2019 (giridih_ls2019_form20.xlsx, Total Votes Polled row)"
32,LS-2019,Ahmad Ansari,OTH,postal,0,"ECI Form 20, Giridih LS-2019 (giridih_ls2019_form20.xlsx, Total Votes Polled row)"
32,LS-2019,Chandra Deo Prasad,OTH,votes,286,"ECI Form 20, Giridih LS-2019 (giridih_ls2019_form20.xlsx, Total Votes Polled row)"
32,LS-2019,Chandra Deo Prasad,OTH,postal,0,"ECI Form 20, Giridih LS-2019 (giridih_ls2019_form20.xlsx, Total Votes Polled row)"
32,LS-2019,Jogeshwar Thakur,OTH,votes,214,"ECI Form 20, Giridih LS-2019 (giridih_ls2019_form20.xlsx, Total Votes Polled row)"
32,LS-2019,Jogeshwar Thakur,OTH,postal,0,"ECI Form 20, Giridih LS-2019 (giridih_ls2019_form20.xlsx, Total Votes Polled row)"
32,LS-2019,Dwaraka Prasad Lala,OTH,votes,337,"ECI Form 20, Giridih LS-2019 (giridih_ls2019_form20.xlsx, Total Votes Polled row)"
32,LS-2019,Dwaraka Prasad Lala,OTH,postal,0,"ECI Form 20, Giridih LS-2019 (giridih_ls2019_form20.xlsx, Total Votes Polled row)"
32,LS-2019,Madhu Sudan,OTH,votes,196,"ECI Form 20, Giridih LS-2019 (giridih_ls2019_form20.xlsx, Total Votes Polled row)"
32,LS-2019,Madhu Sudan,OTH,postal,0,"ECI Form 20, Giridih LS-2019 (giridih_ls2019_form20.xlsx, Total Votes Polled row)"
32,LS-2019,Shibu Singh,OTH,votes,187,"ECI Form 20, Giridih LS-2019 (giridih_ls2019_form20.xlsx, Total Votes Polled row)"
32,LS-2019,Shibu Singh,OTH,postal,0,"ECI Form 20, Giridih LS-2019 (giridih_ls2019_form20.xlsx, Total Votes Polled row)"
32,LS-2019,Sohrab Shah,OTH,votes,228,"ECI Form 20, Giridih LS-2019 (giridih_ls2019_form20.xlsx, Total Votes Polled row)"
32,LS-2019,Sohrab Shah,OTH,postal,0,"ECI Form 20, Giridih LS-2019 (giridih_ls2019_form20.xlsx, Total Votes Polled row)"
32,LS-2019,Rajendra Dasaundhi,IND,votes,256,"ECI Form 20, Giridih LS-2019 (giridih_ls2019_form20.xlsx, Total Votes Polled row)"
32,LS-2019,Rajendra Dasaundhi,IND,postal,0,"ECI Form 20, Giridih LS-2019 (giridih_ls2019_form20.xlsx, Total Votes Polled row)"
32,LS-2019,Sanjeev Kumar Mahato,IND,votes,354,"ECI Form 20, Giridih LS-2019 (giridih_ls2019_form20.xlsx, Total Votes Polled row)"
32,LS-2019,Sanjeev Kumar Mahato,IND,postal,0,"ECI Form 20, Giridih LS-2019 (giridih_ls2019_form20.xlsx, Total Votes Polled row)"
32,LS-2019,Simmi Suman,IND,votes,702,"ECI Form 20, Giridih LS-2019 (giridih_ls2019_form20.xlsx, Total Votes Polled row)"
32,LS-2019,Simmi Suman,IND,postal,0,"ECI Form 20, Giridih LS-2019 (giridih_ls2019_form20.xlsx, Total Votes Polled row)"
32,LS-2019,Sunita Tudu,IND,votes,1546,"ECI Form 20, Giridih LS-2019 (giridih_ls2019_form20.xlsx, Total Votes Polled row)"
32,LS-2019,Sunita Tudu,IND,postal,0,"ECI Form 20, Giridih LS-2019 (giridih_ls2019_form20.xlsx, Total Votes Polled row)"
32,LS-2019,NOTA,NOTA,postal,0,"ECI Form 20, Giridih LS-2019 (giridih_ls2019_form20.xlsx, Total Votes Polled row)"
32,LS-2019,,,nota,3006,"ECI Form 20, Giridih LS-2019 (giridih_ls2019_form20.xlsx, Total Votes Polled row)"
32,LS-2019,,,total_valid,170858,"ECI Form 20, Giridih LS-2019 (giridih_ls2019_form20.xlsx, Total Votes Polled row)"
32,LS-2019,,,rejected,0,"ECI Form 20, Giridih LS-2019 (giridih_ls2019_form20.xlsx, Total Votes Polled row)"
32,LS-2019,,,postal,0,"ECI Form 20, Giridih LS-2019 (giridih_ls2019_form20.xlsx, Total Votes Polled row)"
32,LS-2019,,,postal_rejected,0,"ECI Form 20, Giridih LS-2019 (giridih_ls2019_form20.xlsx, Total Votes Polled row)"
32,LS-2019,,,votes_polled,170858,"ECI Form 20, Giridih LS-2019 (giridih_ls2019_form20.xlsx, Total Votes Polled row)"
32,LS-2024,Kamal Prasad,BSP,votes,2607,"ECI Form 20, Giridih LS-2024 (giridih_ls2024_form20.xlsx, Total Votes Polled row)"
32,LS-2024,Kamal Prasad,BSP,postal,0,"ECI Form 20, Giridih LS-2024 (giridih_ls2024_form20.xlsx, Total Votes Polled row)"
32,LS-2024,Chandra Prakash Choudhary,AJSU,votes,86901,"ECI Form 20, Giridih LS-2024 (giridih_ls2024_form20.xlsx, Total Votes Polled row)"
32,LS-2024,Chandra Prakash Choudhary,AJSU,postal,0,"ECI Form 20, Giridih LS-2024 (giridih_ls2024_form20.xlsx, Total Votes Polled row)"
32,LS-2024,Mathura Prasad Mahato,JMM,votes,72082,"ECI Form 20, Giridih LS-2024 (giridih_ls2024_form20.xlsx, Total Votes Polled row)"
32,LS-2024,Mathura Prasad Mahato,JMM,postal,0,"ECI Form 20, Giridih LS-2024 (giridih_ls2024_form20.xlsx, Total Votes Polled row)"
32,LS-2024,Md Ainul Ansari,OTH,votes,1052,"ECI Form 20, Giridih LS-2024 (giridih_ls2024_form20.xlsx, Total Votes Polled row)"
32,LS-2024,Md Ainul Ansari,OTH,postal,0,"ECI Form 20, Giridih LS-2024 (giridih_ls2024_form20.xlsx, Total Votes Polled row)"
32,LS-2024,Gyaneshwar Prasad,OTH,votes,620,"ECI Form 20, Giridih LS-2024 (giridih_ls2024_form20.xlsx, Total Votes Polled row)"
32,LS-2024,Gyaneshwar Prasad,OTH,postal,0,"ECI Form 20, Giridih LS-2024 (giridih_ls2024_form20.xlsx, Total Votes Polled row)"
32,LS-2024,Pappu Kumar Nishad,OTH,votes,315,"ECI Form 20, Giridih LS-2024 (giridih_ls2024_form20.xlsx, Total Votes Polled row)"
32,LS-2024,Pappu Kumar Nishad,OTH,postal,0,"ECI Form 20, Giridih LS-2024 (giridih_ls2024_form20.xlsx, Total Votes Polled row)"
32,LS-2024,Pramod Ram,OTH,votes,481,"ECI Form 20, Giridih LS-2024 (giridih_ls2024_form20.xlsx, Total Votes Polled row)"
32,LS-2024,Pramod Ram,OTH,postal,0,"ECI Form 20, Giridih LS-2024 (giridih_ls2024_form20.xlsx, Total Votes Polled row)"
32,LS-2024,Shivji Prasad,OTH,votes,452,"ECI Form 20, Giridih LS-2024 (giridih_ls2024_form20.xlsx, Total Votes Polled row)"
32,LS-2024,Shivji Prasad,OTH,postal,0,"ECI Form 20, Giridih LS-2024 (giridih_ls2024_form20.xlsx, Total Votes Polled row)"
32,LS-2024,Subhash Kumar Thakur,OTH,votes,292,"ECI Form 20, Giridih LS-2024 (giridih_ls2024_form20.xlsx, Total Votes Polled row)"
32,LS-2024,Subhash Kumar Thakur,OTH,postal,0,"ECI Form 20, Giridih LS-2024 (giridih_ls2024_form20.xlsx, Total Votes Polled row)"
32,LS-2024,Usha Singh,IND,votes,398,"ECI Form 20, Giridih LS-2024 (giridih_ls2024_form20.xlsx, Total Votes Polled row)"
32,LS-2024,Usha Singh,IND,postal,0,"ECI Form 20, Giridih LS-2024 (giridih_ls2024_form20.xlsx, Total Votes Polled row)"
32,LS-2024,Kalawati Devi,IND,votes,575,"ECI Form 20, Giridih LS-2024 (giridih_ls2024_form20.xlsx, Total Votes Polled row)"
32,LS-2024,Kalawati Devi,IND,postal,0,"ECI Form 20, Giridih LS-2024 (giridih_ls2024_form20.xlsx, Total Votes Polled row)"
32,LS-2024,Jairam Kumar Mahato,IND,votes,21786,"ECI Form 20, Giridih LS-2024 (giridih_ls2024_form20.xlsx, Total Votes Polled row)"
32,LS-2024,Jairam Kumar Mahato,IND,postal,0,"ECI Form 20, Giridih LS-2024 (giridih_ls2024_form20.xlsx, Total Votes Polled row)"
32,LS-2024,Dwaraka Prasad Lala,IND,votes,777,"ECI Form 20, Giridih LS-2024 (giridih_ls2024_form20.xlsx, Total Votes Polled row)"
32,LS-2024,Dwaraka Prasad Lala,IND,postal,0,"ECI Form 20, Giridih LS-2024 (giridih_ls2024_form20.xlsx, Total Votes Polled row)"
32,LS-2024,Rameshwar Dusadh,IND,votes,2148,"ECI Form 20, Giridih LS-2024 (giridih_ls2024_form20.xlsx, Total Votes Polled row)"
32,LS-2024,Rameshwar Dusadh,IND,postal,0,"ECI Form 20, Giridih LS-2024 (giridih_ls2024_form20.xlsx, Total Votes Polled row)"
32,LS-2024,Sunita Tudu,IND,votes,1947,"ECI Form 20, Giridih LS-2024 (giridih_ls2024_form20.xlsx, Total Votes Polled row)"
32,LS-2024,Sunita Tudu,IND,postal,0,"ECI Form 20, Giridih LS-2024 (giridih_ls2024_form20.xlsx, Total Votes Polled row)"
32,LS-2024,Subodh Kumar Yadav,IND,votes,2373,"ECI Form 20, Giridih LS-2024 (giridih_ls2024_form20.xlsx, Total Votes Polled row)"
32,LS-2024,Subodh Kumar Yadav,IND,postal,0,"ECI Form 20, Giridih LS-2024 (giridih_ls2024_form20.xlsx, Total Votes Polled row)"
32,LS-2024,NOTA,NOTA,postal,0,"ECI Form 20, Giridih LS-2024 (giridih_ls2024_form20.xlsx, Total Votes Polled row)"
32,LS-2024,,,nota,971,"ECI Form 20, Giridih LS-2024 (giridih_ls2024_form20.xlsx, Total Votes Polled row)"
32,LS-2024,,,total_valid,195777,"ECI Form 20, Giridih LS-2024 (giridih_ls2024_form20.xlsx, Total Votes Polled row)"
32,LS-2024,,,rejected,0,"ECI Form 20, Giridih LS-2024 (giridih_ls2024_form20.xlsx, Total Votes Polled row)"
32,LS-2024,,,postal,0,"ECI Form 20, Giridih LS-2024 (giridih_ls2024_form20.xlsx, Total Votes Polled row)"
32,LS-2024,,,postal_rejected,0,"ECI Form 20, Giridih LS-2024 (giridih_ls2024_form20.xlsx, Total Votes Polled row)"
32,LS-2024,,,votes_polled,195777,"ECI Form 20, Giridih LS-2024 (giridih_ls2024_form20.xlsx, Total Votes Polled row)"
32,VS-2019,Chunnu Kant,JVM,votes,6903,"ECI Form 20, Giridih VS-2019 (giridih_vs2019_form20.xlsx, Total Votes Polled row)"
32,VS-2019,Chunnu Kant,JVM,postal,20,"ECI Form 20, Giridih VS-2019 (giridih_vs2019_form20.xlsx, Total Votes Polled row)"
32,VS-2019,Nirbhay Kumar Shahabadi,BJP,votes,64987,"ECI Form 20, Giridih VS-2019 (giridih_vs2019_form20.xlsx, Total Votes Polled row)"
32,VS-2019,Nirbhay Kumar Shahabadi,BJP,postal,71,"ECI Form 20, Giridih VS-2019 (giridih_vs2019_form20.xlsx, Total Votes Polled row)"
32,VS-2019,Sikandar Ali,BSP,votes,1272,"ECI Form 20, Giridih VS-2019 (giridih_vs2019_form20.xlsx, Total Votes Polled row)"
32,VS-2019,Sikandar Ali,BSP,postal,1,"ECI Form 20, Giridih VS-2019 (giridih_vs2019_form20.xlsx, Total Votes Polled row)"
32,VS-2019,Sima Kumari,OTH,votes,833,"ECI Form 20, Giridih VS-2019 (giridih_vs2019_form20.xlsx, Total Votes Polled row)"
32,VS-2019,Sima Kumari,OTH,postal,1,"ECI Form 20, Giridih VS-2019 (giridih_vs2019_form20.xlsx, Total Votes Polled row)"
32,VS-2019,Sudivya Kumar,JMM,votes,80871,"ECI Form 20, Giridih VS-2019 (giridih_vs2019_form20.xlsx, Total Votes Polled row)"
32,VS-2019,Sudivya Kumar,JMM,postal,165,"ECI Form 20, Giridih VS-2019 (giridih_vs2019_form20.xlsx, Total Votes Polled row)"
32,VS-2019,Upendra Kumar Sharma,OTH,votes,2026,"ECI Form 20, Giridih VS-2019 (giridih_vs2019_form20.xlsx, Total Votes Polled row)"
32,VS-2019,Upendra Kumar Sharma,OTH,postal,3,"ECI Form 20, Giridih VS-2019 (giridih_vs2019_form20.xlsx, Total Votes Polled row)"
32,VS-2019,Rajesh Ku Sinha,CPIML,votes,834,"ECI Form 20, Giridih VS-2019 (giridih_vs2019_form20.xlsx, Total Votes Polled row)"
32,VS-2019,Rajesh Ku Sinha,CPIML,postal,2,"ECI Form 20, Giridih VS-2019 (giridih_vs2019_form20.xlsx, Total Votes Polled row)"
32,VS-2019,Shweta Kumari,OTH,votes,1182,"ECI Form 20, Giridih VS-2019 (giridih_vs2019_form20.xlsx, Total Votes Polled row)"
32,VS-2019,Shweta Kumari,OTH,postal,3,"ECI Form 20, Giridih VS-2019 (giridih_vs2019_form20.xlsx, Total Votes Polled row)"
32,VS-2019,Md Salman Sahab,OTH,votes,1124,"ECI Form 20, Giridih VS-2019 (giridih_vs2019_form20.xlsx, Total Votes Polled row)"
32,VS-2019,Md Salman Sahab,OTH,postal,2,"ECI Form 20, Giridih VS-2019 (giridih_vs2019_form20.xlsx, Total Votes Polled row)"
32,VS-2019,Budhan Hemabram,IND,votes,991,"ECI Form 20, Giridih VS-2019 (giridih_vs2019_form20.xlsx, Total Votes Polled row)"
32,VS-2019,Budhan Hemabram,IND,postal,0,"ECI Form 20, Giridih VS-2019 (giridih_vs2019_form20.xlsx, Total Votes Polled row)"
32,VS-2019,Mohammad Lallu,IND,votes,2493,"ECI Form 20, Giridih VS-2019 (giridih_vs2019_form20.xlsx, Total Votes Polled row)"
32,VS-2019,Mohammad Lallu,IND,postal,1,"ECI Form 20, Giridih VS-2019 (giridih_vs2019_form20.xlsx, Total Votes Polled row)"
32,VS-2019,Shyam Prasad Barnwal,IND,votes,1533,"ECI Form 20, Giridih VS-2019 (giridih_vs2019_form20.xlsx, Total Votes Polled row)"
32,VS-2019,Shyam Prasad Barnwal,IND,postal,0,"ECI Form 20, Giridih VS-2019 (giridih_vs2019_form20.xlsx, Total Votes Polled row)"
32,VS-2019,NOTA,NOTA,postal,2,"ECI Form 20, Giridih VS-2019 (giridih_vs2019_form20.xlsx, Total Votes Polled row)"
32,VS-2019,,,nota,2773,"ECI Form 20, Giridih VS-2019 (giridih_vs2019_form20.xlsx, Total Votes Polled row)"
32,VS-2019,,,total_valid,167822,"ECI Form 20, Giridih VS-2019 (giridih_vs2019_form20.xlsx, Total Votes Polled row)"
32,VS-2019,,,rejected,71,"ECI Form 20, Giridih VS-2019 (giridih_vs2019_form20.xlsx, Total Votes Polled row)"
32,VS-2019,,,postal,271,"ECI Form 20, Giridih VS-2019 (giridih_vs2019_form20.xlsx, Total Votes Polled row)"
32,VS-2019,,,postal_rejected,71,"ECI Form 20, Giridih VS-2019 (giridih_vs2019_form20.xlsx, Total Votes Polled row)"
32,VS-2019,,,votes_polled,167893,"ECI Form 20, Giridih VS-2019 (giridih_vs2019_form20.xlsx, Total Votes Polled row)"
32,VS-2024,Arundhati Mishra,BSP,votes,1208,"ECI Form 20, Giridih VS-2024 (giridih_vs2024_form20.xlsx, Total Votes Polled row)"
32,VS-2024,Arundhati Mishra,BSP,postal,11,"ECI Form 20, Giridih VS-2024 (giridih_vs2024_form20.xlsx, Total Votes Polled row)"
32,VS-2024,Nirbhay Kumar Shahabadi,BJP,votes,90204,"ECI Form 20, Giridih VS-2024 (giridih_vs2024_form20.xlsx, Total Votes Polled row)"
32,VS-2024,Nirbhay Kumar Shahabadi,BJP,postal,863,"ECI Form 20, Giridih VS-2024 (giridih_vs2024_form20.xlsx, Total Votes Polled row)"
32,VS-2024,Sudivya Kumar,JMM,votes,94042,"ECI Form 20, Giridih VS-2024 (giridih_vs2024_form20.xlsx, Total Votes Polled row)"
32,VS-2024,Sudivya Kumar,JMM,postal,863,"ECI Form 20, Giridih VS-2024 (giridih_vs2024_form20.xlsx, Total Votes Polled row)"
32,VS-2024,Ajeet Ray,OTH,votes,1540,"ECI Form 20, Giridih VS-2024 (giridih_vs2024_form20.xlsx, Total Votes Polled row)"
32,VS-2024,Ajeet Ray,OTH,postal,4,"ECI Form 20, Giridih VS-2024 (giridih_vs2024_form20.xlsx, Total Votes Polled row)"
32,VS-2024,Anisha Sinha,OTH,votes,858,"ECI Form 20, Giridih VS-2024 (giridih_vs2024_form20.xlsx, Total Votes Polled row)"
32,VS-2024,Anisha Sinha,OTH,postal,1,"ECI Form 20, Giridih VS-2024 (giridih_vs2024_form20.xlsx, Total Votes Polled row)"
32,VS-2024,Ashwini Ambedkar,OTH,votes,250,"ECI Form 20, Giridih VS-2024 (giridih_vs2024_form20.xlsx, Total Votes Polled row)"
32,VS-2024,Ashwini Ambedkar,OTH,postal,2,"ECI Form 20, Giridih VS-2024 (giridih_vs2024_form20.xlsx, Total Votes Polled row)"
32,VS-2024,Kranti Kumar Murmu,OTH,votes,253,"ECI Form 20, Giridih VS-2024 (giridih_vs2024_form20.xlsx, Total Votes Polled row)"
32,VS-2024,Kranti Kumar Murmu,OTH,postal,4,"ECI Form 20, Giridih VS-2024 (giridih_vs2024_form20.xlsx, Total Votes Polled row)"
32,VS-2024,Navin Anand,JLKM,votes,10787,"ECI Form 20, Giridih VS-2024 (giridih_vs2024_form20.xlsx, Total Votes Polled row)"
32,VS-2024,Navin Anand,JLKM,postal,125,"ECI Form 20, Giridih VS-2024 (giridih_vs2024_form20.xlsx, Total Votes Polled row)"
32,VS-2024,Arti Devi,IND,votes,306,"ECI Form 20, Giridih VS-2024 (giridih_vs2024_form20.xlsx, Total Votes Polled row)"
32,VS-2024,Arti Devi,IND,postal,2,"ECI Form 20, Giridih VS-2024 (giridih_vs2024_form20.xlsx, Total Votes Polled row)"
32,VS-2024,Om Prakash Mahto,IND,votes,301,"ECI Form 20, Giridih VS-2024 (giridih_vs2024_form20.xlsx, Total Votes Polled row)"
32,VS-2024,Om Prakash Mahto,IND,postal,3,"ECI Form 20, Giridih VS-2024 (giridih_vs2024_form20.xlsx, Total Votes Polled row)"
32,VS-2024,Qaisar Jamal Ansari,IND,votes,289,"ECI Form 20, Giridih VS-2024 (giridih_vs2024_form20.xlsx, Total Votes Polled row)"
32,VS-2024,Qaisar Jamal Ansari,IND,postal,5,"ECI Form 20, Giridih VS-2024 (giridih_vs2024_form20.xlsx, Total Votes Polled row)"
32,VS-2024,Dr. Barnabas Hembrom,IND,votes,842,"ECI Form 20, Giridih VS-2024 (giridih_vs2024_form20.xlsx, Total Votes Polled row)"
32,VS-2024,Dr. Barnabas Hembrom,IND,postal,7,"ECI Form 20, Giridih VS-2024 (giridih_vs2024_form20.xlsx, Total Votes Polled row)"
32,VS-2024,Rameshwar Dusadh,IND,votes,2163,"ECI Form 20, Giridih VS-2024 (giridih_vs2024_form20.xlsx, Total Votes Polled row)"
32,VS-2024,Rameshwar Dusadh,IND,postal,0,"ECI Form 20, Giridih VS-2024 (giridih_vs2024_form20.xlsx, Total Votes Polled row)"
32,VS-2024,Sunaina Pathak,IND,votes,2635,"ECI Form 20, Giridih VS-2024 (giridih_vs2024_form20.xlsx, Total Votes Polled row)"
32,VS-2024,Sunaina Pathak,IND,postal,4,"ECI Form 20, Giridih VS-2024 (giridih_vs2024_form20.xlsx, Total Votes Polled row)"
32,VS-2024,NOTA,NOTA,postal,11,"ECI Form 20, Giridih VS-2024 (giridih_vs2024_form20.xlsx, Total Votes Polled row)"
32,VS-2024,,,nota,2004,"ECI Form 20, Giridih VS-2024 (giridih_vs2024_form20.xlsx, Total Votes Polled row)"
32,VS-2024,,,total_valid,207682,"ECI Form 20, Giridih VS-2024 (giridih_vs2024_form20.xlsx, Total Votes Polled row)"
32,VS-2024,,,rejected,139,"ECI Form 20, Giridih VS-2024 (giridih_vs2024_form20.xlsx, Total Votes Polled row)"
32,VS-2024,,,postal,1905,"ECI Form 20, Giridih VS-2024 (giridih_vs2024_form20.xlsx, Total Votes Polled row)"
32,VS-2024,,,postal_rejected,139,"ECI Form 20, Giridih VS-2024 (giridih_vs2024_form20.xlsx, Total Votes Polled row)"
32,VS-2024,,,votes_polled,207821,"ECI Form 20, Giridih VS-2024 (giridih_vs2024_form20.xlsx, Total Votes Polled row)"
65,LS-2024,Manoj Kumar,BSP,votes,1270,"ECI Form 20, Kanke LS-2024 (kanke_ls2024_form20.xlsx, Total Votes Polled row)"
65,LS-2024,Manoj Kumar,BSP,postal,0,"ECI Form 20, Kanke LS-2024 (kanke_ls2024_form20.xlsx, Total Votes Polled row)"
65,LS-2024,Yashaswini Sahay,INC,votes,119271,"ECI Form 20, Kanke LS-2024 (kanke_ls2024_form20.xlsx, Total Votes Polled row)"
65,LS-2024,Yashaswini Sahay,INC,postal,0,"ECI Form 20, Kanke LS-2024 (kanke_ls2024_form20.xlsx, Total Votes Polled row)"
65,LS-2024,Sanjay Seth,BJP,votes,139164,"ECI Form 20, Kanke LS-2024 (kanke_ls2024_form20.xlsx, Total Votes Polled row)"
65,LS-2024,Sanjay Seth,BJP,postal,0,"ECI Form 20, Kanke LS-2024 (kanke_ls2024_form20.xlsx, Total Votes Polled row)"
65,LS-2024,Dhananjay Bhagat “gandhi“,OTH,votes,1315,"ECI Form 20, Kanke LS-2024 (kanke_ls2024_form20.xlsx, Total Votes Polled row)"
65,LS-2024,Dhananjay Bhagat “gandhi“,OTH,postal,0,"ECI Form 20, Kanke LS-2024 (kanke_ls2024_form20.xlsx, Total Votes Polled row)"
65,LS-2024,Dharmendra Tiwary,OTH,votes,520,"ECI Form 20, Kanke LS-2024 (kanke_ls2024_form20.xlsx, Total Votes Polled row)"
65,LS-2024,Dharmendra Tiwary,OTH,postal,0,"ECI Form 20, Kanke LS-2024 (kanke_ls2024_form20.xlsx, Total Votes Polled row)"
65,LS-2024,Nipu Singh,OTH,votes,1123,"ECI Form 20, Kanke LS-2024 (kanke_ls2024_form20.xlsx, Total Votes Polled row)"
65,LS-2024,Nipu Singh,OTH,postal,0,"ECI Form 20, Kanke LS-2024 (kanke_ls2024_form20.xlsx, Total Votes Polled row)"
65,LS-2024,Pankaj Kumar Ravi,OTH,votes,441,"ECI Form 20, Kanke LS-2024 (kanke_ls2024_form20.xlsx, Total Votes Polled row)"
65,LS-2024,Pankaj Kumar Ravi,OTH,postal,0,"ECI Form 20, Kanke LS-2024 (kanke_ls2024_form20.xlsx, Total Votes Polled row)"
65,LS-2024,Praween Kachhap,OTH,votes,522,"ECI Form 20, Kanke LS-2024 (kanke_ls2024_form20.xlsx, Total Votes Polled row)"
65,LS-2024,Praween Kachhap,OTH,postal,0,"ECI Form 20, Kanke LS-2024 (kanke_ls2024_form20.xlsx, Total Votes Polled row)"
65,LS-2024,Binod Oraon,OTH,votes,932,"ECI Form 20, Kanke LS-2024 (kanke_ls2024_form20.xlsx, Total Votes Polled row)"
65,LS-2024,Binod Oraon,OTH,postal,0,"ECI Form 20, Kanke LS-2024 (kanke_ls2024_form20.xlsx, Total Votes Polled row)"
65,LS-2024,Birendra Nath Manjhi,OTH,votes,540,"ECI Form 20, Kanke LS-2024 (kanke_ls2024_form20.xlsx, Total Votes Polled row)"
65,LS-2024,Birendra Nath Manjhi,OTH,postal,0,"ECI Form 20, Kanke LS-2024 (kanke_ls2024_form20.xlsx, Total Votes Polled row)"
65,LS-2024,Mintu Paswan,OTH,votes,385,"ECI Form 20, Kanke LS-2024 (kanke_ls2024_form20.xlsx, Total Votes Polled row)"
65,LS-2024,Mintu Paswan,OTH,postal,0,"ECI Form 20, Kanke LS-2024 (kanke_ls2024_form20.xlsx, Total Votes Polled row)"
65,LS-2024,Ranjana Giri,OTH,votes,591,"ECI Form 20, Kanke LS-2024 (kanke_ls2024_form20.xlsx, Total Votes Polled row)"
65,LS-2024,Ranjana Giri,OTH,postal,0,"ECI Form 20, Kanke LS-2024 (kanke_ls2024_form20.xlsx, Total Votes Polled row)"
65,LS-2024,Ramhari Gope,OTH,votes,1205,"ECI Form 20, Kanke LS-2024 (kanke_ls2024_form20.xlsx, Total Votes Polled row)"
65,LS-2024,Ramhari Gope,OTH,postal,0,"ECI Form 20, Kanke LS-2024 (kanke_ls2024_form20.xlsx, Total Votes Polled row)"
65,LS-2024,Shyam Bihari Prajapati,OTH,votes,1151,"ECI Form 20, Kanke LS-2024 (kanke_ls2024_form20.xlsx, Total Votes Polled row)"
65,LS-2024,Shyam Bihari Prajapati,OTH,postal,0,"ECI Form 20, Kanke LS-2024 (kanke_ls2024_form20.xlsx, Total Votes Polled row)"
65,LS-2024,Sarweshwari Sahu,OTH,votes,865,"ECI Form 20, Kanke LS-2024 (kanke_ls2024_form20.xlsx, Total Votes Polled row)"
65,LS-2024,Sarweshwari Sahu,OTH,postal,0,"ECI Form 20, Kanke LS-2024 (kanke_ls2024_form20.xlsx, Total Votes Polled row)"
65,LS-2024,Soma Singh,OTH,votes,2053,"ECI Form 20, Kanke LS-2024 (kanke_ls2024_form20.xlsx, Total Votes Polled row)"
65,LS-2024,Soma Singh,OTH,postal,0,"ECI Form 20, Kanke LS-2024 (kanke_ls2024_form20.xlsx, Total Votes Polled row)"
65,LS-2024,Harinath Sahu,OTH,votes,1162,"ECI Form 20, Kanke LS-2024 (kanke_ls2024_form20.xlsx, Total Votes Polled row)"
65,LS-2024,Harinath Sahu,OTH,postal,0,"ECI Form 20, Kanke LS-2024 (kanke_ls2024_form20.xlsx, Total Votes Polled row)"
65,LS-2024,Hemnti Devi,OTH,votes,789,"ECI Form 20, Kanke LS-2024 (kanke_ls2024_form20.xlsx, Total Votes Polled row)"
65,LS-2024,Hemnti Devi,OTH,postal,0,"ECI Form 20, Kanke LS-2024 (kanke_ls2024_form20.xlsx, Total Votes Polled row)"
65,LS-2024,Anjani Pandey,IND,votes,1081,"ECI Form 20, Kanke LS-2024 (kanke_ls2024_form20.xlsx, Total Votes Polled row)"
65,LS-2024,Anjani Pandey,IND,postal,0,"ECI Form 20, Kanke LS-2024 (kanke_ls2024_form20.xlsx, Total Votes Polled row)"
65,LS-2024,Arshad Ayub,IND,votes,239,"ECI Form 20, Kanke LS-2024 (kanke_ls2024_form20.xlsx, Total Votes Polled row)"
65,LS-2024,Arshad Ayub,IND,postal,0,"ECI Form 20, Kanke LS-2024 (kanke_ls2024_form20.xlsx, Total Votes Polled row)"
65,LS-2024,Ainul Ansari,IND,votes,385,"ECI Form 20, Kanke LS-2024 (kanke_ls2024_form20.xlsx, Total Votes Polled row)"
65,LS-2024,Ainul Ansari,IND,postal,0,"ECI Form 20, Kanke LS-2024 (kanke_ls2024_form20.xlsx, Total Votes Polled row)"
65,LS-2024,Kameshwar Prasad Saw,IND,votes,217,"ECI Form 20, Kanke LS-2024 (kanke_ls2024_form20.xlsx, Total Votes Polled row)"
65,LS-2024,Kameshwar Prasad Saw,IND,postal,0,"ECI Form 20, Kanke LS-2024 (kanke_ls2024_form20.xlsx, Total Votes Polled row)"
65,LS-2024,Koleshwar Mahto,IND,votes,307,"ECI Form 20, Kanke LS-2024 (kanke_ls2024_form20.xlsx, Total Votes Polled row)"
65,LS-2024,Koleshwar Mahto,IND,postal,0,"ECI Form 20, Kanke LS-2024 (kanke_ls2024_form20.xlsx, Total Votes Polled row)"
65,LS-2024,Devendra Nath Mahto,IND,votes,17246,"ECI Form 20, Kanke LS-2024 (kanke_ls2024_form20.xlsx, Total Votes Polled row)"
65,LS-2024,Devendra Nath Mahto,IND,postal,0,"ECI Form 20, Kanke LS-2024 (kanke_ls2024_form20.xlsx, Total Votes Polled row)"
65,LS-2024,Prabeen Chandra Mahato,IND,votes,378,"ECI Form 20, Kanke LS-2024 (kanke_ls2024_form20.xlsx, Total Votes Polled row)"
65,LS-2024,Prabeen Chandra Mahato,IND,postal,0,"ECI Form 20, Kanke LS-2024 (kanke_ls2024_form20.xlsx, Total Votes Polled row)"
65,LS-2024,Manoranjan Bhattacharya,IND,votes,420,"ECI Form 20, Kanke LS-2024 (kanke_ls2024_form20.xlsx, Total Votes Polled row)"
65,LS-2024,Manoranjan Bhattacharya,IND,postal,0,"ECI Form 20, Kanke LS-2024 (kanke_ls2024_form20.xlsx, Total Votes Polled row)"
65,LS-2024,Santosh Kumar Jaiswal,IND,votes,568,"ECI Form 20, Kanke LS-2024 (kanke_ls2024_form20.xlsx, Total Votes Polled row)"
65,LS-2024,Santosh Kumar Jaiswal,IND,postal,0,"ECI Form 20, Kanke LS-2024 (kanke_ls2024_form20.xlsx, Total Votes Polled row)"
65,LS-2024,NOTA,NOTA,postal,0,"ECI Form 20, Kanke LS-2024 (kanke_ls2024_form20.xlsx, Total Votes Polled row)"
65,LS-2024,,,nota,1625,"ECI Form 20, Kanke LS-2024 (kanke_ls2024_form20.xlsx, Total Votes Polled row)"
65,LS-2024,,,total_valid,295765,"ECI Form 20, Kanke LS-2024 (kanke_ls2024_form20.xlsx, Total Votes Polled row)"
65,LS-2024,,,rejected,0,"ECI Form 20, Kanke LS-2024 (kanke_ls2024_form20.xlsx, Total Votes Polled row)"
65,LS-2024,,,postal,0,"ECI Form 20, Kanke LS-2024 (kanke_ls2024_form20.xlsx, Total Votes Polled row)"
65,LS-2024,,,postal_rejected,0,"ECI Form 20, Kanke LS-2024 (kanke_ls2024_form20.xlsx, Total Votes Polled row)"
65,LS-2024,,,votes_polled,295765,"ECI Form 20, Kanke LS-2024 (kanke_ls2024_form20.xlsx, Total Votes Polled row)"
65,VS-2024,Dr. Jitu Charan Ram,BJP,votes,132531,"ECI Form 20, Kanke VS-2024 (kanke_vs2024_form20.xlsx, Total Votes Polled row)"
65,VS-2024,Dr. Jitu Charan Ram,BJP,postal,1384,"ECI Form 20, Kanke VS-2024 (kanke_vs2024_form20.xlsx, Total Votes Polled row)"
65,VS-2024,Suresh Kumar Baitha,INC,votes,133499,"ECI Form 20, Kanke VS-2024 (kanke_vs2024_form20.xlsx, Total Votes Polled row)"
65,VS-2024,Suresh Kumar Baitha,INC,postal,1888,"ECI Form 20, Kanke VS-2024 (kanke_vs2024_form20.xlsx, Total Votes Polled row)"
65,VS-2024,Ajit Ku Ravi,OTH,votes,1204,"ECI Form 20, Kanke VS-2024 (kanke_vs2024_form20.xlsx, Total Votes Polled row)"
65,VS-2024,Ajit Ku Ravi,OTH,postal,7,"ECI Form 20, Kanke VS-2024 (kanke_vs2024_form20.xlsx, Total Votes Polled row)"
65,VS-2024,Anil Kumar Paswan,OTH,votes,682,"ECI Form 20, Kanke VS-2024 (kanke_vs2024_form20.xlsx, Total Votes Polled row)"
65,VS-2024,Anil Kumar Paswan,OTH,postal,22,"ECI Form 20, Kanke VS-2024 (kanke_vs2024_form20.xlsx, Total Votes Polled row)"
65,VS-2024,Phuleshwar Baitha,JLKM,votes,25965,"ECI Form 20, Kanke VS-2024 (kanke_vs2024_form20.xlsx, Total Votes Polled row)"
65,VS-2024,Phuleshwar Baitha,JLKM,postal,319,"ECI Form 20, Kanke VS-2024 (kanke_vs2024_form20.xlsx, Total Votes Polled row)"
65,VS-2024,Madhusudan Kumar,OTH,votes,694,"ECI Form 20, Kanke VS-2024 (kanke_vs2024_form20.xlsx, Total Votes Polled row)"
65,VS-2024,Madhusudan Kumar,OTH,postal,6,"ECI Form 20, Kanke VS-2024 (kanke_vs2024_form20.xlsx, Total Votes Polled row)"
65,VS-2024,Mukul Nayak,OTH,votes,490,"ECI Form 20, Kanke VS-2024 (kanke_vs2024_form20.xlsx, Total Votes Polled row)"
65,VS-2024,Mukul Nayak,OTH,postal,6,"ECI Form 20, Kanke VS-2024 (kanke_vs2024_form20.xlsx, Total Votes Polled row)"
65,VS-2024,Rajan Nayak,OTH,votes,480,"ECI Form 20, Kanke VS-2024 (kanke_vs2024_form20.xlsx, Total Votes Polled row)"
65,VS-2024,Rajan Nayak,OTH,postal,3,"ECI Form 20, Kanke VS-2024 (kanke_vs2024_form20.xlsx, Total Votes Polled row)"
65,VS-2024,Santosh Kumar Rajak,OTH,votes,3157,"ECI Form 20, Kanke VS-2024 (kanke_vs2024_form20.xlsx, Total Votes Polled row)"
65,VS-2024,Santosh Kumar Rajak,OTH,postal,17,"ECI Form 20, Kanke VS-2024 (kanke_vs2024_form20.xlsx, Total Votes Polled row)"
65,VS-2024,Surendra Mirdha Alias Suren Kumar Kalindi,OTH,votes,945,"ECI Form 20, Kanke VS-2024 (kanke_vs2024_form20.xlsx, Total Votes Polled row)"
65,VS-2024,Surendra Mirdha Alias Suren Kumar Kalindi,OTH,postal,4,"ECI Form 20, Kanke VS-2024 (kanke_vs2024_form20.xlsx, Total Votes Polled row)"
65,VS-2024,Ashok Kumar Nag,IND,votes,870,"ECI Form 20, Kanke VS-2024 (kanke_vs2024_form20.xlsx, Total Votes Polled row)"
65,VS-2024,Ashok Kumar Nag,IND,postal,7,"ECI Form 20, Kanke VS-2024 (kanke_vs2024_form20.xlsx, Total Votes Polled row)"
65,VS-2024,Deepshikha Kumari,IND,votes,1452,"ECI Form 20, Kanke VS-2024 (kanke_vs2024_form20.xlsx, Total Votes Polled row)"
65,VS-2024,Deepshikha Kumari,IND,postal,21,"ECI Form 20, Kanke VS-2024 (kanke_vs2024_form20.xlsx, Total Votes Polled row)"
65,VS-2024,Seema Ray,IND,votes,1536,"ECI Form 20, Kanke VS-2024 (kanke_vs2024_form20.xlsx, Total Votes Polled row)"
65,VS-2024,Seema Ray,IND,postal,4,"ECI Form 20, Kanke VS-2024 (kanke_vs2024_form20.xlsx, Total Votes Polled row)"
65,VS-2024,NOTA,NOTA,postal,45,"ECI Form 20, Kanke VS-2024 (kanke_vs2024_form20.xlsx, Total Votes Polled row)"
65,VS-2024,,,nota,3588,"ECI Form 20, Kanke VS-2024 (kanke_vs2024_form20.xlsx, Total Votes Polled row)"
65,VS-2024,,,total_valid,307093,"ECI Form 20, Kanke VS-2024 (kanke_vs2024_form20.xlsx, Total Votes Polled row)"
65,VS-2024,,,rejected,213,"ECI Form 20, Kanke VS-2024 (kanke_vs2024_form20.xlsx, Total Votes Polled row)"
65,VS-2024,,,postal,3733,"ECI Form 20, Kanke VS-2024 (kanke_vs2024_form20.xlsx, Total Votes Polled row)"
65,VS-2024,,,postal_rejected,213,"ECI Form 20, Kanke VS-2024 (kanke_vs2024_form20.xlsx, Total Votes Polled row)"
65,VS-2024,,,votes_polled,307306,"ECI Form 20, Kanke VS-2024 (kanke_vs2024_form20.xlsx, Total Votes Polled row)"
61,LS-2024,Manoj Kumar,BSP,votes,1179,"ECI Form 20, Silli LS-2024 (silli_ls2024_form20.xlsx, Total Votes Polled row)"
61,LS-2024,Manoj Kumar,BSP,postal,0,"ECI Form 20, Silli LS-2024 (silli_ls2024_form20.xlsx, Total Votes Polled row)"
61,LS-2024,Yashaswini Sahay,INC,votes,34846,"ECI Form 20, Silli LS-2024 (silli_ls2024_form20.xlsx, Total Votes Polled row)"
61,LS-2024,Yashaswini Sahay,INC,postal,0,"ECI Form 20, Silli LS-2024 (silli_ls2024_form20.xlsx, Total Votes Polled row)"
61,LS-2024,Sanjay Seth,BJP,votes,57281,"ECI Form 20, Silli LS-2024 (silli_ls2024_form20.xlsx, Total Votes Polled row)"
61,LS-2024,Sanjay Seth,BJP,postal,0,"ECI Form 20, Silli LS-2024 (silli_ls2024_form20.xlsx, Total Votes Polled row)"
61,LS-2024,Dhananjay Bhagat “gandhi“,OTH,votes,1377,"ECI Form 20, Silli LS-2024 (silli_ls2024_form20.xlsx, Total Votes Polled row)"
61,LS-2024,Dhananjay Bhagat “gandhi“,OTH,postal,0,"ECI Form 20, Silli LS-2024 (silli_ls2024_form20.xlsx, Total Votes Polled row)"
61,LS-2024,Dharmendra Tiwary,OTH,votes,656,"ECI Form 20, Silli LS-2024 (silli_ls2024_form20.xlsx, Total Votes Polled row)"
61,LS-2024,Dharmendra Tiwary,OTH,postal,0,"ECI Form 20, Silli LS-2024 (silli_ls2024_form20.xlsx, Total Votes Polled row)"
61,LS-2024,Nipu Singh,OTH,votes,2559,"ECI Form 20, Silli LS-2024 (silli_ls2024_form20.xlsx, Total Votes Polled row)"
61,LS-2024,Nipu Singh,OTH,postal,0,"ECI Form 20, Silli LS-2024 (silli_ls2024_form20.xlsx, Total Votes Polled row)"
61,LS-2024,Pankaj Kumar Ravi,OTH,votes,779,"ECI Form 20, Silli LS-2024 (silli_ls2024_form20.xlsx, Total Votes Polled row)"
61,LS-2024,Pankaj Kumar Ravi,OTH,postal,0,"ECI Form 20, Silli LS-2024 (silli_ls2024_form20.xlsx, Total Votes Polled row)"
61,LS-2024,Praween Kachhap,OTH,votes,578,"ECI Form 20, Silli LS-2024 (silli_ls2024_form20.xlsx, Total Votes Polled row)"
61,LS-2024,Praween Kachhap,OTH,postal,0,"ECI Form 20, Silli LS-2024 (silli_ls2024_form20.xlsx, Total Votes Polled row)"
61,LS-2024,Binod Oraon,OTH,votes,370,"ECI Form 20, Silli LS-2024 (silli_ls2024_form20.xlsx, Total Votes Polled row)"
61,LS-2024,Binod Oraon,OTH,postal,0,"ECI Form 20, Silli LS-2024 (silli_ls2024_form20.xlsx, Total Votes Polled row)"
61,LS-2024,Birendra Nath Manjhi,OTH,votes,536,"ECI Form 20, Silli LS-2024 (silli_ls2024_form20.xlsx, Total Votes Polled row)"
61,LS-2024,Birendra Nath Manjhi,OTH,postal,0,"ECI Form 20, Silli LS-2024 (silli_ls2024_form20.xlsx, Total Votes Polled row)"
61,LS-2024,Mintu Paswan,OTH,votes,412,"ECI Form 20, Silli LS-2024 (silli_ls2024_form20.xlsx, Total Votes Polled row)"
61,LS-2024,Mintu Paswan,OTH,postal,0,"ECI Form 20, Silli LS-2024 (silli_ls2024_form20.xlsx, Total Votes Polled row)"
61,LS-2024,Ranjana Giri,OTH,votes,718,"ECI Form 20, Silli LS-2024 (silli_ls2024_form20.xlsx, Total Votes Polled row)"
61,LS-2024,Ranjana Giri,OTH,postal,0,"ECI Form 20, Silli LS-2024 (silli_ls2024_form20.xlsx, Total Votes Polled row)"
61,LS-2024,Ramhari Gope,OTH,votes,1196,"ECI Form 20, Silli LS-2024 (silli_ls2024_form20.xlsx, Total Votes Polled row)"
61,LS-2024,Ramhari Gope,OTH,postal,0,"ECI Form 20, Silli LS-2024 (silli_ls2024_form20.xlsx, Total Votes Polled row)"
61,LS-2024,Shyam Bihari Prajapati,OTH,votes,1343,"ECI Form 20, Silli LS-2024 (silli_ls2024_form20.xlsx, Total Votes Polled row)"
61,LS-2024,Shyam Bihari Prajapati,OTH,postal,0,"ECI Form 20, Silli LS-2024 (silli_ls2024_form20.xlsx, Total Votes Polled row)"
61,LS-2024,Sarweshwari Sahu,OTH,votes,794,"ECI Form 20, Silli LS-2024 (silli_ls2024_form20.xlsx, Total Votes Polled row)"
61,LS-2024,Sarweshwari Sahu,OTH,postal,0,"ECI Form 20, Silli LS-2024 (silli_ls2024_form20.xlsx, Total Votes Polled row)"
61,LS-2024,Soma Singh,OTH,votes,1995,"ECI Form 20, Silli LS-2024 (silli_ls2024_form20.xlsx, Total Votes Polled row)"
61,LS-2024,Soma Singh,OTH,postal,0,"ECI Form 20, Silli LS-2024 (silli_ls2024_form20.xlsx, Total Votes Polled row)"
61,LS-2024,Harinath Sahu,OTH,votes,844,"ECI Form 20, Silli LS-2024 (silli_ls2024_form20.xlsx, Total Votes Polled row)"
61,LS-2024,Harinath Sahu,OTH,postal,0,"ECI Form 20, Silli LS-2024 (silli_ls2024_form20.xlsx, Total Votes Polled row)"
61,LS-2024,Hemnti Devi,OTH,votes,810,"ECI Form 20, Silli LS-2024 (silli_ls2024_form20.xlsx, Total Votes Polled row)"
61,LS-2024,Hemnti Devi,OTH,postal,0,"ECI Form 20, Silli LS-2024 (silli_ls2024_form20.xlsx, Total Votes Polled row)"
61,LS-2024,Anjani Pandey,IND,votes,1176,"ECI Form 20, Silli LS-2024 (silli_ls2024_form20.xlsx, Total Votes Polled row)"
61,LS-2024,Anjani Pandey,IND,postal,0,"ECI Form 20, Silli LS-2024 (silli_ls2024_form20.xlsx, Total Votes Polled row)"
61,LS-2024,Arshad Ayub,IND,votes,357,"ECI Form 20, Silli LS-2024 (silli_ls2024_form20.xlsx, Total Votes Polled row)"
61,LS-2024,Arshad Ayub,IND,postal,0,"ECI Form 20, Silli LS-2024 (silli_ls2024_form20.xlsx, Total Votes Polled row)"
61,LS-2024,Ainul Ansari,IND,votes,882,"ECI Form 20, Silli LS-2024 (silli_ls2024_form20.xlsx, Total Votes Polled row)"
61,LS-2024,Ainul Ansari,IND,postal,0,"ECI Form 20, Silli LS-2024 (silli_ls2024_form20.xlsx, Total Votes Polled row)"
61,LS-2024,Kameshwar Prasad Saw,IND,votes,550,"ECI Form 20, Silli LS-2024 (silli_ls2024_form20.xlsx, Total Votes Polled row)"
61,LS-2024,Kameshwar Prasad Saw,IND,postal,0,"ECI Form 20, Silli LS-2024 (silli_ls2024_form20.xlsx, Total Votes Polled row)"
61,LS-2024,Koleshwar Mahto,IND,votes,457,"ECI Form 20, Silli LS-2024 (silli_ls2024_form20.xlsx, Total Votes Polled row)"
61,LS-2024,Koleshwar Mahto,IND,postal,0,"ECI Form 20, Silli LS-2024 (silli_ls2024_form20.xlsx, Total Votes Polled row)"
61,LS-2024,Devendra Nath Mahto,IND,votes,49362,"ECI Form 20, Silli LS-2024 (silli_ls2024_form20.xlsx, Total Votes Polled row)"
61,LS-2024,Devendra Nath Mahto,IND,postal,0,"ECI Form 20, Silli LS-2024 (silli_ls2024_form20.xlsx, Total Votes Polled row)"
61,LS-2024,Prabeen Chandra Mahato,IND,votes,948,"ECI Form 20, Silli LS-2024 (silli_ls2024_form20.xlsx, Total Votes Polled row)"
61,LS-2024,Prabeen Chandra Mahato,IND,postal,0,"ECI Form 20, Silli LS-2024 (silli_ls2024_form20.xlsx, Total Votes Polled row)"
61,LS-2024,Manoranjan Bhattacharya,IND,votes,602,"ECI Form 20, Silli LS-2024 (silli_ls2024_form20.xlsx, Total Votes Polled row)"
61,LS-2024,Manoranjan Bhattacharya,IND,postal,0,"ECI Form 20, Silli LS-2024 (silli_ls2024_form20.xlsx, Total Votes Polled row)"
61,LS-2024,Santosh Kumar Jaiswal,IND,votes,547,"ECI Form 20, Silli LS-2024 (silli_ls2024_form20.xlsx, Total Votes Polled row)"
61,LS-2024,Santosh Kumar Jaiswal,IND,postal,0,"ECI Form 20, Silli LS-2024 (silli_ls2024_form20.xlsx, Total Votes Polled row)"
61,LS-2024,NOTA,NOTA,postal,0,"ECI Form 20, Silli LS-2024 (silli_ls2024_form20.xlsx, Total Votes Polled row)"
61,LS-2024,,,nota,1364,"ECI Form 20, Silli LS-2024 (silli_ls2024_form20.xlsx, Total Votes Polled row)"
61,LS-2024,,,total_valid,164518,"ECI Form 20, Silli LS-2024 (silli_ls2024_form20.xlsx, Total Votes Polled row)"
61,LS-2024,,,rejected,0,"ECI Form 20, Silli LS-2024 (silli_ls2024_form20.xlsx, Total Votes Polled row)"
61,LS-2024,,,postal,0,"ECI Form 20, Silli LS-2024 (silli_ls2024_form20.xlsx, Total Votes Polled row)"
61,LS-2024,,,postal_rejected,0,"ECI Form 20, Silli LS-2024 (silli_ls2024_form20.xlsx, Total Votes Polled row)"
61,LS-2024,,,votes_polled,164518,"ECI Form 20, Silli LS-2024 (silli_ls2024_form20.xlsx, Total Votes Polled row)"
61,VS-2024,Ajit Kumar,BSP,votes,893,"ECI Form 20, Silli VS-2024 (silli_vs2024_form20.xlsx, Total Votes Polled row)"
61,VS-2024,Ajit Kumar,BSP,postal,2,"ECI Form 20, Silli VS-2024 (silli_vs2024_form20.xlsx, Total Votes Polled row)"
61,VS-2024,Amit Kumar,JMM,votes,73169,"ECI Form 20, Silli VS-2024 (silli_vs2024_form20.xlsx, Total Votes Polled row)"
61,VS-2024,Amit Kumar,JMM,postal,428,"ECI Form 20, Silli VS-2024 (silli_vs2024_form20.xlsx, Total Votes Polled row)"
61,VS-2024,Sudesh Kumar Mahto,AJSU,votes,49302,"ECI Form 20, Silli VS-2024 (silli_vs2024_form20.xlsx, Total Votes Polled row)"
61,VS-2024,Sudesh Kumar Mahto,AJSU,postal,440,"ECI Form 20, Silli VS-2024 (silli_vs2024_form20.xlsx, Total Votes Polled row)"
61,VS-2024,Anil Kumar Mahto,OTH,votes,759,"ECI Form 20, Silli VS-2024 (silli_vs2024_form20.xlsx, Total Votes Polled row)"
61,VS-2024,Anil Kumar Mahto,OTH,postal,4,"ECI Form 20, Silli VS-2024 (silli_vs2024_form20.xlsx, Total Votes Polled row)"
61,VS-2024,Anil Singh Munda,OTH,votes,1137,"ECI Form 20, Silli VS-2024 (silli_vs2024_form20.xlsx, Total Votes Polled row)"
61,VS-2024,Anil Singh Munda,OTH,postal,19,"ECI Form 20, Silli VS-2024 (silli_vs2024_form20.xlsx, Total Votes Polled row)"
61,VS-2024,Devendra Nath Mahto,JLKM,votes,41725,"ECI Form 20, Silli VS-2024 (silli_vs2024_form20.xlsx, Total Votes Polled row)"
61,VS-2024,Devendra Nath Mahto,JLKM,postal,596,"ECI Form 20, Silli VS-2024 (silli_vs2024_form20.xlsx, Total Votes Polled row)"
61,VS-2024,Rabindra Lal Yadav,OTH,votes,559,"ECI Form 20, Silli VS-2024 (silli_vs2024_form20.xlsx, Total Votes Polled row)"
61,VS-2024,Rabindra Lal Yadav,OTH,postal,1,"ECI Form 20, Silli VS-2024 (silli_vs2024_form20.xlsx, Total Votes Polled row)"
61,VS-2024,Rameshwar Mahto,OTH,votes,212,"ECI Form 20, Silli VS-2024 (silli_vs2024_form20.xlsx, Total Votes Polled row)"
61,VS-2024,Rameshwar Mahto,OTH,postal,1,"ECI Form 20, Silli VS-2024 (silli_vs2024_form20.xlsx, Total Votes Polled row)"
61,VS-2024,Dr. Amit Kumar,IND,votes,347,"ECI Form 20, Silli VS-2024 (silli_vs2024_form20.xlsx, Total Votes Polled row)"
61,VS-2024,Dr. Amit Kumar,IND,postal,1,"ECI Form 20, Silli VS-2024 (silli_vs2024_form20.xlsx, Total Votes Polled row)"
61,VS-2024,Dhanpati Mahto,IND,votes,438,"ECI Form 20, Silli VS-2024 (silli_vs2024_form20.xlsx, Total Votes Polled row)"
61,VS-2024,Dhanpati Mahto,IND,postal,3,"ECI Form 20, Silli VS-2024 (silli_vs2024_form20.xlsx, Total Votes Polled row)"
61,VS-2024,Pankaj Mahto,IND,votes,738,"ECI Form 20, Silli VS-2024 (silli_vs2024_form20.xlsx, Total Votes Polled row)"
61,VS-2024,Pankaj Mahto,IND,postal,3,"ECI Form 20, Silli VS-2024 (silli_vs2024_form20.xlsx, Total Votes Polled row)"
61,VS-2024,Manoranjan Bhattacharya,IND,votes,347,"ECI Form 20, Silli VS-2024 (silli_vs2024_form20.xlsx, Total Votes Polled row)"
61,VS-2024,Manoranjan Bhattacharya,IND,postal,0,"ECI Form 20, Silli VS-2024 (silli_vs2024_form20.xlsx, Total Votes Polled row)"
61,VS-2024,Rajeshwar Mahto,IND,votes,564,"ECI Form 20, Silli VS-2024 (silli_vs2024_form20.xlsx, Total Votes Polled row)"
61,VS-2024,Rajeshwar Mahto,IND,postal,0,"ECI Form 20, Silli VS-2024 (silli_vs2024_form20.xlsx, Total Votes Polled row)"
61,VS-2024,Vikas Singh Munda,IND,votes,1449,"ECI Form 20, Silli VS-2024 (silli_vs2024_form20.xlsx, Total Votes Polled row)"
61,VS-2024,Vikas Singh Munda,IND,postal,3,"ECI Form 20, Silli VS-2024 (silli_vs2024_form20.xlsx, Total Votes Polled row)"
61,VS-2024,Hemanti Devi,IND,votes,1620,"ECI Form 20, Silli VS-2024 (silli_vs2024_form20.xlsx, Total Votes Polled row)"
61,VS-2024,Hemanti Devi,IND,postal,0,"ECI Form 20, Silli VS-2024 (silli_vs2024_form20.xlsx, Total Votes Polled row)"
61,VS-2024,NOTA,NOTA,postal,5,"ECI Form 20, Silli VS-2024 (silli_vs2024_form20.xlsx, Total Votes Polled row)"
61,VS-2024,,,nota,1313,"ECI Form 20, Silli VS-2024 (silli_vs2024_form20.xlsx, Total Votes Polled row)"
61,VS-2024,,,total_valid,174572,"ECI Form 20, Silli VS-2024 (silli_vs2024_form20.xlsx, Total Votes Polled row)"
61,VS-2024,,,rejected,52,"ECI Form 20, Silli VS-2024 (silli_vs2024_form20.xlsx, Total Votes Polled row)"
61,VS-2024,,,postal,1506,"ECI Form 20, Silli VS-2024 (silli_vs2024_form20.xlsx, Total Votes Polled row)"
61,VS-2024,,,postal_rejected,52,"ECI Form 20, Silli VS-2024 (silli_vs2024_form20.xlsx, Total Votes Polled row)"
61,VS-2024,,,votes_polled,174624,"ECI Form 20, Silli VS-2024 (silli_vs2024_form20.xlsx, Total Votes Polled row)"
42,LS-2024,Kamal Prasad,BSP,votes,2264,"ECI Form 20, Tundi LS-2024 (tundi_ls2024_form20.xlsx, Total Votes Polled row)"
42,LS-2024,Kamal Prasad,BSP,postal,0,"ECI Form 20, Tundi LS-2024 (tundi_ls2024_form20.xlsx, Total Votes Polled row)"
42,LS-2024,Chandra Prakash Choudhary,AJSU,votes,72838,"ECI Form 20, Tundi LS-2024 (tundi_ls2024_form20.xlsx, Total Votes Polled row)"
42,LS-2024,Chandra Prakash Choudhary,AJSU,postal,0,"ECI Form 20, Tundi LS-2024 (tundi_ls2024_form20.xlsx, Total Votes Polled row)"
42,LS-2024,Mathura Prasad Mahato,JMM,votes,73771,"ECI Form 20, Tundi LS-2024 (tundi_ls2024_form20.xlsx, Total Votes Polled row)"
42,LS-2024,Mathura Prasad Mahato,JMM,postal,0,"ECI Form 20, Tundi LS-2024 (tundi_ls2024_form20.xlsx, Total Votes Polled row)"
42,LS-2024,Md Ainul Ansari,OTH,votes,1199,"ECI Form 20, Tundi LS-2024 (tundi_ls2024_form20.xlsx, Total Votes Polled row)"
42,LS-2024,Md Ainul Ansari,OTH,postal,0,"ECI Form 20, Tundi LS-2024 (tundi_ls2024_form20.xlsx, Total Votes Polled row)"
42,LS-2024,Gyaneshwar Prasad,OTH,votes,885,"ECI Form 20, Tundi LS-2024 (tundi_ls2024_form20.xlsx, Total Votes Polled row)"
42,LS-2024,Gyaneshwar Prasad,OTH,postal,0,"ECI Form 20, Tundi LS-2024 (tundi_ls2024_form20.xlsx, Total Votes Polled row)"
42,LS-2024,Pappu Kumar Nishad,OTH,votes,887,"ECI Form 20, Tundi LS-2024 (tundi_ls2024_form20.xlsx, Total Votes Polled row)"
42,LS-2024,Pappu Kumar Nishad,OTH,postal,0,"ECI Form 20, Tundi LS-2024 (tundi_ls2024_form20.xlsx, Total Votes Polled row)"
42,LS-2024,Pramod Ram,OTH,votes,969,"ECI Form 20, Tundi LS-2024 (tundi_ls2024_form20.xlsx, Total Votes Polled row)"
42,LS-2024,Pramod Ram,OTH,postal,0,"ECI Form 20, Tundi LS-2024 (tundi_ls2024_form20.xlsx, Total Votes Polled row)"
42,LS-2024,Shivji Prasad,OTH,votes,731,"ECI Form 20, Tundi LS-2024 (tundi_ls2024_form20.xlsx, Total Votes Polled row)"
42,LS-2024,Shivji Prasad,OTH,postal,0,"ECI Form 20, Tundi LS-2024 (tundi_ls2024_form20.xlsx, Total Votes Polled row)"
42,LS-2024,Subhash Kumar Thakur,OTH,votes,433,"ECI Form 20, Tundi LS-2024 (tundi_ls2024_form20.xlsx, Total Votes Polled row)"
42,LS-2024,Subhash Kumar Thakur,OTH,postal,0,"ECI Form 20, Tundi LS-2024 (tundi_ls2024_form20.xlsx, Total Votes Polled row)"
42,LS-2024,Usha Singh,IND,votes,494,"ECI Form 20, Tundi LS-2024 (tundi_ls2024_form20.xlsx, Total Votes Polled row)"
42,LS-2024,Usha Singh,IND,postal,0,"ECI Form 20, Tundi LS-2024 (tundi_ls2024_form20.xlsx, Total Votes Polled row)"
42,LS-2024,Kalawati Devi,IND,votes,959,"ECI Form 20, Tundi LS-2024 (tundi_ls2024_form20.xlsx, Total Votes Polled row)"
42,LS-2024,Kalawati Devi,IND,postal,0,"ECI Form 20, Tundi LS-2024 (tundi_ls2024_form20.xlsx, Total Votes Polled row)"
42,LS-2024,Jairam Kumar Mahato,IND,votes,59421,"ECI Form 20, Tundi LS-2024 (tundi_ls2024_form20.xlsx, Total Votes Polled row)"
42,LS-2024,Jairam Kumar Mahato,IND,postal,0,"ECI Form 20, Tundi LS-2024 (tundi_ls2024_form20.xlsx, Total Votes Polled row)"
42,LS-2024,Dwaraka Prasad Lala,IND,votes,1086,"ECI Form 20, Tundi LS-2024 (tundi_ls2024_form20.xlsx, Total Votes Polled row)"
42,LS-2024,Dwaraka Prasad Lala,IND,postal,0,"ECI Form 20, Tundi LS-2024 (tundi_ls2024_form20.xlsx, Total Votes Polled row)"
42,LS-2024,Rameshwar Dusadh,IND,votes,2151,"ECI Form 20, Tundi LS-2024 (tundi_ls2024_form20.xlsx, Total Votes Polled row)"
42,LS-2024,Rameshwar Dusadh,IND,postal,0,"ECI Form 20, Tundi LS-2024 (tundi_ls2024_form20.xlsx, Total Votes Polled row)"
42,LS-2024,Sunita Tudu,IND,votes,2112,"ECI Form 20, Tundi LS-2024 (tundi_ls2024_form20.xlsx, Total Votes Polled row)"
42,LS-2024,Sunita Tudu,IND,postal,0,"ECI Form 20, Tundi LS-2024 (tundi_ls2024_form20.xlsx, Total Votes Polled row)"
42,LS-2024,Subodh Kumar Yadav,IND,votes,2398,"ECI Form 20, Tundi LS-2024 (tundi_ls2024_form20.xlsx, Total Votes Polled row)"
42,LS-2024,Subodh Kumar Yadav,IND,postal,0,"ECI Form 20, Tundi LS-2024 (tundi_ls2024_form20.xlsx, Total Votes Polled row)"
42,LS-2024,NOTA,NOTA,postal,0,"ECI Form 20, Tundi LS-2024 (tundi_ls2024_form20.xlsx, Total Votes Polled row)"
42,LS-2024,,,nota,1035,"ECI Form 20, Tundi LS-2024 (tundi_ls2024_form20.xlsx, Total Votes Polled row)"
42,LS-2024,,,total_valid,223633,"ECI Form 20, Tundi LS-2024 (tundi_ls2024_form20.xlsx, Total Votes Polled row)"
42,LS-2024,,,rejected,0,"ECI Form 20, Tundi LS-2024 (tundi_ls2024_form20.xlsx, Total Votes Polled row)"
42,LS-2024,,,postal,0,"ECI Form 20, Tundi LS-2024 (tundi_ls2024_form20.xlsx, Total Votes Polled row)"
42,LS-2024,,,postal_rejected,0,"ECI Form 20, Tundi LS-2024 (tundi_ls2024_form20.xlsx, Total Votes Polled row)"
42,LS-2024,,,votes_polled,223633,"ECI Form 20, Tundi LS-2024 (tundi_ls2024_form20.xlsx, Total Votes Polled row)"
42,VS-2024,Mathura Prasad Mahato,JMM,votes,95527,"ECI Form 20, Tundi VS-2024 (tundi_vs2024_form20.xlsx, Total Votes Polled row)"
42,VS-2024,Mathura Prasad Mahato,JMM,postal,837,"ECI Form 20, Tundi VS-2024 (tundi_vs2024_form20.xlsx, Total Votes Polled row)"
42,VS-2024,Moti Lal Kisku,BSP,votes,1084,"ECI Form 20, Tundi VS-2024 (tundi_vs2024_form20.xlsx, Total Votes Polled row)"
42,VS-2024,Moti Lal Kisku,BSP,postal,9,"ECI Form 20, Tundi VS-2024 (tundi_vs2024_form20.xlsx, Total Votes Polled row)"
42,VS-2024,Vikash Kumar Mahato,BJP,votes,69924,"ECI Form 20, Tundi VS-2024 (tundi_vs2024_form20.xlsx, Total Votes Polled row)"
42,VS-2024,Vikash Kumar Mahato,BJP,postal,475,"ECI Form 20, Tundi VS-2024 (tundi_vs2024_form20.xlsx, Total Votes Polled row)"
42,VS-2024,Ajmul Ansari,OTH,votes,2205,"ECI Form 20, Tundi VS-2024 (tundi_vs2024_form20.xlsx, Total Votes Polled row)"
42,VS-2024,Ajmul Ansari,OTH,postal,10,"ECI Form 20, Tundi VS-2024 (tundi_vs2024_form20.xlsx, Total Votes Polled row)"
42,VS-2024,Kanchan Devi,OTH,votes,278,"ECI Form 20, Tundi VS-2024 (tundi_vs2024_form20.xlsx, Total Votes Polled row)"
42,VS-2024,Kanchan Devi,OTH,postal,2,"ECI Form 20, Tundi VS-2024 (tundi_vs2024_form20.xlsx, Total Votes Polled row)"
42,VS-2024,Kalawati Devi,OTH,votes,267,"ECI Form 20, Tundi VS-2024 (tundi_vs2024_form20.xlsx, Total Votes Polled row)"
42,VS-2024,Kalawati Devi,OTH,postal,1,"ECI Form 20, Tundi VS-2024 (tundi_vs2024_form20.xlsx, Total Votes Polled row)"
42,VS-2024,Devilal Kisku,OTH,votes,637,"ECI Form 20, Tundi VS-2024 (tundi_vs2024_form20.xlsx, Total Votes Polled row)"
42,VS-2024,Devilal Kisku,OTH,postal,2,"ECI Form 20, Tundi VS-2024 (tundi_vs2024_form20.xlsx, Total Votes Polled row)"
42,VS-2024,Bani Devi,OTH,votes,1313,"ECI Form 20, Tundi VS-2024 (tundi_vs2024_form20.xlsx, Total Votes Polled row)"
42,VS-2024,Bani Devi,OTH,postal,9,"ECI Form 20, Tundi VS-2024 (tundi_vs2024_form20.xlsx, Total Votes Polled row)"
42,VS-2024,Mahesh Chandra Das,OTH,votes,707,"ECI Form 20, Tundi VS-2024 (tundi_vs2024_form20.xlsx, Total Votes Polled row)"
42,VS-2024,Mahesh Chandra Das,OTH,postal,5,"ECI Form 20, Tundi VS-2024 (tundi_vs2024_form20.xlsx, Total Votes Polled row)"
42,VS-2024,Motilal Mahto,JLKM,votes,44464,"ECI Form 20, Tundi VS-2024 (tundi_vs2024_form20.xlsx, Total Votes Polled row)"
42,VS-2024,Motilal Mahto,JLKM,postal,458,"ECI Form 20, Tundi VS-2024 (tundi_vs2024_form20.xlsx, Total Votes Polled row)"
42,VS-2024,Arun Soren,IND,votes,471,"ECI Form 20, Tundi VS-2024 (tundi_vs2024_form20.xlsx, Total Votes Polled row)"
42,VS-2024,Arun Soren,IND,postal,1,"ECI Form 20, Tundi VS-2024 (tundi_vs2024_form20.xlsx, Total Votes Polled row)"
42,VS-2024,Kamal Prasad,IND,votes,608,"ECI Form 20, Tundi VS-2024 (tundi_vs2024_form20.xlsx, Total Votes Polled row)"
42,VS-2024,Kamal Prasad,IND,postal,0,"ECI Form 20, Tundi VS-2024 (tundi_vs2024_form20.xlsx, Total Votes Polled row)"
42,VS-2024,Khirodhar Mandal,IND,votes,780,"ECI Form 20, Tundi VS-2024 (tundi_vs2024_form20.xlsx, Total Votes Polled row)"
42,VS-2024,Khirodhar Mandal,IND,postal,6,"ECI Form 20, Tundi VS-2024 (tundi_vs2024_form20.xlsx, Total Votes Polled row)"
42,VS-2024,Ganesh Mandal,IND,votes,1604,"ECI Form 20, Tundi VS-2024 (tundi_vs2024_form20.xlsx, Total Votes Polled row)"
42,VS-2024,Ganesh Mandal,IND,postal,0,"ECI Form 20, Tundi VS-2024 (tundi_vs2024_form20.xlsx, Total Votes Polled row)"
42,VS-2024,Gautam Mandal,IND,votes,805,"ECI Form 20, Tundi VS-2024 (tundi_vs2024_form20.xlsx, Total Votes Polled row)"
42,VS-2024,Gautam Mandal,IND,postal,1,"ECI Form 20, Tundi VS-2024 (tundi_vs2024_form20.xlsx, Total Votes Polled row)"
42,VS-2024,Gauri Shankar Mahto,IND,votes,3073,"ECI Form 20, Tundi VS-2024 (tundi_vs2024_form20.xlsx, Total Votes Polled row)"
42,VS-2024,Gauri Shankar Mahto,IND,postal,0,"ECI Form 20, Tundi VS-2024 (tundi_vs2024_form20.xlsx, Total Votes Polled row)"
42,VS-2024,Dipnarayan Singh,IND,votes,3175,"ECI Form 20, Tundi VS-2024 (tundi_vs2024_form20.xlsx, Total Votes Polled row)"
42,VS-2024,Dipnarayan Singh,IND,postal,12,"ECI Form 20, Tundi VS-2024 (tundi_vs2024_form20.xlsx, Total Votes Polled row)"
42,VS-2024,Pappu Kumar Nishad,IND,votes,969,"ECI Form 20, Tundi VS-2024 (tundi_vs2024_form20.xlsx, Total Votes Polled row)"
42,VS-2024,Pappu Kumar Nishad,IND,postal,6,"ECI Form 20, Tundi VS-2024 (tundi_vs2024_form20.xlsx, Total Votes Polled row)"
42,VS-2024,Priyatosh Kumar Pathak,IND,votes,2546,"ECI Form 20, Tundi VS-2024 (tundi_vs2024_form20.xlsx, Total Votes Polled row)"
42,VS-2024,Priyatosh Kumar Pathak,IND,postal,39,"ECI Form 20, Tundi VS-2024 (tundi_vs2024_form20.xlsx, Total Votes Polled row)"
42,VS-2024,Rajesh Kumar Pandey,IND,votes,264,"ECI Form 20, Tundi VS-2024 (tundi_vs2024_form20.xlsx, Total Votes Polled row)"
42,VS-2024,Rajesh Kumar Pandey,IND,postal,1,"ECI Form 20, Tundi VS-2024 (tundi_vs2024_form20.xlsx, Total Votes Polled row)"
42,VS-2024,NOTA,NOTA,postal,13,"ECI Form 20, Tundi VS-2024 (tundi_vs2024_form20.xlsx, Total Votes Polled row)"
42,VS-2024,,,nota,682,"ECI Form 20, Tundi VS-2024 (tundi_vs2024_form20.xlsx, Total Votes Polled row)"
42,VS-2024,,,total_valid,231383,"ECI Form 20, Tundi VS-2024 (tundi_vs2024_form20.xlsx, Total Votes Polled row)"
42,VS-2024,,,rejected,50,"ECI Form 20, Tundi VS-2024 (tundi_vs2024_form20.xlsx, Total Votes Polled row)"
42,VS-2024,,,postal,1887,"ECI Form 20, Tundi VS-2024 (tundi_vs2024_form20.xlsx, Total Votes Polled row)"
42,VS-2024,,,postal_rejected,50,"ECI Form 20, Tundi VS-2024 (tundi_vs2024_form20.xlsx, Total Votes Polled row)"
42,VS-2024,,,votes_polled,231433,"ECI Form 20, Tundi VS-2024 (tundi_vs2024_form20.xlsx, Total Votes Polled row)"
31,VS-2024,,,electors,320211,"electors incl. service voters, printed in the Form 20 header (ceo.jharkhand.gov.in/Form20_GLVS2024/Form20/31.pdf)"
32,VS-2024,,,electors,305172,"electors incl. service voters, printed in the Form 20 header (ceo.jharkhand.gov.in/Form20_GLVS2024/Form20/32.pdf)"
33,VS-2024,,,electors,316483,"electors incl. service voters, printed in the Form 20 header (ceo.jharkhand.gov.in/Form20_GLVS2024/Form20/33.pdf)"
42,VS-2024,,,electors,319872,"electors incl. service voters, printed in the Form 20 header (ceo.jharkhand.gov.in/Form20_GLVS2024/Form20/42.pdf)"
61,VS-2024,,,electors,225111,"electors incl. service voters, printed in the Form 20 header (ceo.jharkhand.gov.in/Form20_GLVS2024/Form20/61.pdf)"
65,VS-2024,,,electors,482834,"electors incl. service voters, printed in the Form 20 header (ceo.jharkhand.gov.in/Form20_GLVS2024/Form20/65.pdf)"
32,VS-2019,,,electors,264814,"electors incl. service voters, CEO Jharkhand statistical report VS-2019 (ceojh.jharkhand.gov.in/VS2019/Statistical_Report-VS-19.pdf)"
32,LS-2024,,,electors,307676,"electors on the roll of 15-05-2024, CEO Jharkhand LS-2024 electorate, phase VI (ceo.jharkhand.gov.in/ElectorateLS2024/PHASE-VI.pdf)"
