ac_number,block_name_en,kind,area_name_en,alias,script,source
31,Bengabad Block,panchayat,Badkitand,Bansokorha,en,LGD villages_by_blocks 30-Sep-2026: village of Badkitand
31,Bengabad Block,panchayat,Badkitand,Bishni Saran,en,LGD villages_by_blocks 30-Sep-2026: village of Badkitand
31,Bengabad Block,panchayat,Badkitand,Dalgando,en,LGD villages_by_blocks 30-Sep-2026: village of Badkitand
31,Bengabad Block,panchayat,Badkitand,Dasmuria,en,LGD villages_by_blocks 30-Sep-2026: village of Badkitand
31,Bengabad Block,panchayat,Badkitand,Ghagra,en,LGD villages_by_blocks 30-Sep-2026: village of Badkitand
31,Bengabad Block,panchayat,Badkitand,Pesratanr,en,LGD villages_by_blocks 30-Sep-2026: village of Badkitand
31,Bengabad Block,panchayat,Badwara,Barmanbahiar,en,LGD villages_by_blocks 30-Sep-2026: village of Badwara
31,Bengabad Block,panchayat,Badwara,Bimlatand,en,LGD villages_by_blocks 30-Sep-2026: village of Badwara
31,Bengabad Block,panchayat,Badwara,Hathbor,en,LGD villages_by_blocks 30-Sep-2026: village of Badwara
31,Bengabad Block,panchayat,Badwara,Karmutanr,en,LGD villages_by_blocks 30-Sep-2026: village of Badwara
31,Bengabad Block,panchayat,Badwara,Khosokhar,en,LGD villages_by_blocks 30-Sep-2026: village of Badwara
31,Bengabad Block,panchayat,Badwara,Kokarchi,en,LGD villages_by_blocks 30-Sep-2026: village of Badwara
31,Bengabad Block,panchayat,Badwara,Lachhuadih,en,LGD villages_by_blocks 30-Sep-2026: village of Badwara
31,Bengabad Block,panchayat,Badwara,Murgumi,en,LGD villages_by_blocks 30-Sep-2026: village of Badwara
31,Bengabad Block,panchayat,Badwara,Pipritanr,en,LGD villages_by_blocks 30-Sep-2026: village of Badwara
31,Bengabad Block,panchayat,Badwara,Sahiari,en,LGD villages_by_blocks 30-Sep-2026: village of Badwara
31,Bengabad Block,panchayat,Bengabad,Chorpahari,en,LGD villages_by_blocks 30-Sep-2026: village of Bengabad
31,Bengabad Block,panchayat,Bengabad,Damodardih,en,LGD villages_by_blocks 30-Sep-2026: village of Bengabad
31,Bengabad Block,panchayat,Bengabad,Ghosidih,en,LGD villages_by_blocks 30-Sep-2026: village of Bengabad
31,Bengabad Block,panchayat,Bengabad,Hadodih,en,LGD villages_by_blocks 30-Sep-2026: village of Bengabad
31,Bengabad Block,panchayat,Bengabad,Kirpadih,en,LGD villages_by_blocks 30-Sep-2026: village of Bengabad
31,Bengabad Block,panchayat,Bengabad,Kishuni Chak,en,LGD villages_by_blocks 30-Sep-2026: village of Bengabad
31,Bengabad Block,panchayat,Bengabad,Mansinghdih,en,LGD villages_by_blocks 30-Sep-2026: village of Bengabad
31,Bengabad Block,panchayat,Bengabad,Phursodih,en,LGD villages_by_blocks 30-Sep-2026: village of Bengabad
31,Bengabad Block,panchayat,Bengabad,Ranga Khario,en,LGD villages_by_blocks 30-Sep-2026: village of Bengabad
31,Bengabad Block,panchayat,Bengabad,Rautdih,en,LGD villages_by_blocks 30-Sep-2026: village of Bengabad
31,Bengabad Block,panchayat,Bhalkudar,Baijubank,en,LGD villages_by_blocks 30-Sep-2026: village of Bhalkudar
31,Bengabad Block,panchayat,Bhalkudar,Bansjor,en,LGD villages_by_blocks 30-Sep-2026: village of Bhalkudar
31,Bengabad Block,panchayat,Bhalkudar,Baramo,en,LGD villages_by_blocks 30-Sep-2026: village of Bhalkudar
31,Bengabad Block,panchayat,Bhalkudar,Bargarha,en,LGD villages_by_blocks 30-Sep-2026: village of Bhalkudar
31,Bengabad Block,panchayat,Bhalkudar,Bijaipur,en,LGD villages_by_blocks 30-Sep-2026: village of Bhalkudar
31,Bengabad Block,panchayat,Bhalkudar,Ghumripahari,en,LGD villages_by_blocks 30-Sep-2026: village of Bhalkudar
31,Bengabad Block,panchayat,Bhalkudar,Jiynpur,en,LGD villages_by_blocks 30-Sep-2026: village of Bhalkudar
31,Bengabad Block,panchayat,Bhalkudar,Jurpania,en,LGD villages_by_blocks 30-Sep-2026: village of Bhalkudar
31,Bengabad Block,panchayat,Bhalkudar,Naiadabar,en,LGD villages_by_blocks 30-Sep-2026: village of Bhalkudar
31,Bengabad Block,panchayat,Bhalkudar,Purri,en,LGD villages_by_blocks 30-Sep-2026: village of Bhalkudar
31,Bengabad Block,panchayat,Bhalkudar,Rohaniatand,en,LGD villages_by_blocks 30-Sep-2026: village of Bhalkudar
31,Bengabad Block,panchayat,Bhandaridih,Adhnachua,en,LGD villages_by_blocks 30-Sep-2026: village of Bhandaridih
31,Bengabad Block,panchayat,Bhandaridih,Baghra,en,LGD villages_by_blocks 30-Sep-2026: village of Bhandaridih
31,Bengabad Block,panchayat,Bhandaridih,Balaydih,en,LGD villages_by_blocks 30-Sep-2026: village of Bhandaridih
31,Bengabad Block,panchayat,Bhandaridih,Barbad38,en,LGD villages_by_blocks 30-Sep-2026: village of Bhandaridih
31,Bengabad Block,panchayat,Bhandaridih,Dighria Kala,en,LGD villages_by_blocks 30-Sep-2026: village of Bhandaridih
31,Bengabad Block,panchayat,Bhandaridih,Dighria Kalan,en,LGD villages_by_blocks 30-Sep-2026: village of Bhandaridih
31,Bengabad Block,panchayat,Bhandaridih,Dighria Khurd,en,LGD villages_by_blocks 30-Sep-2026: village of Bhandaridih
31,Bengabad Block,panchayat,Bhandaridih,Keshotand,en,LGD villages_by_blocks 30-Sep-2026: village of Bhandaridih
31,Bengabad Block,panchayat,Bhandaridih,Kesotanr,en,LGD villages_by_blocks 30-Sep-2026: village of Bhandaridih
31,Bengabad Block,panchayat,Chapuadih,Bucha Nawadih,en,LGD villages_by_blocks 30-Sep-2026: village of Chapuadih
31,Bengabad Block,panchayat,Chapuadih,Dubrajpur,en,LGD villages_by_blocks 30-Sep-2026: village of Chapuadih
31,Bengabad Block,panchayat,Chapuadih,Dumarjor,en,LGD villages_by_blocks 30-Sep-2026: village of Chapuadih
31,Bengabad Block,panchayat,Chapuadih,Mundhari,en,LGD villages_by_blocks 30-Sep-2026: village of Chapuadih
31,Bengabad Block,panchayat,Chapuadih,Phucho,en,LGD villages_by_blocks 30-Sep-2026: village of Chapuadih
31,Bengabad Block,panchayat,Chapuadih,Sobrajpur,en,LGD villages_by_blocks 30-Sep-2026: village of Chapuadih
31,Bengabad Block,panchayat,Chotkikhargdiha,Asgando,en,LGD villages_by_blocks 30-Sep-2026: village of Chotkikhargdiha
31,Bengabad Block,panchayat,Chotkikhargdiha,Bijhaia,en,LGD villages_by_blocks 30-Sep-2026: village of Chotkikhargdiha
31,Bengabad Block,panchayat,Chotkikhargdiha,Burhiabad,en,LGD villages_by_blocks 30-Sep-2026: village of Chotkikhargdiha
31,Bengabad Block,panchayat,Chotkikhargdiha,Chhotkikharagdiha,en,LGD villages_by_blocks 30-Sep-2026: village of Chotkikhargdiha
31,Bengabad Block,panchayat,Chotkikhargdiha,Dewatanr,en,LGD villages_by_blocks 30-Sep-2026: village of Chotkikhargdiha
31,Bengabad Block,panchayat,Chotkikhargdiha,Ganeshdih,en,LGD villages_by_blocks 30-Sep-2026: village of Chotkikhargdiha
31,Bengabad Block,panchayat,Chotkikhargdiha,Harinawatanr,en,LGD villages_by_blocks 30-Sep-2026: village of Chotkikhargdiha
31,Bengabad Block,panchayat,Chotkikhargdiha,Harkhudih,en,LGD villages_by_blocks 30-Sep-2026: village of Chotkikhargdiha
31,Bengabad Block,panchayat,Chotkikhargdiha,Jamuniabad,en,LGD villages_by_blocks 30-Sep-2026: village of Chotkikhargdiha
31,Bengabad Block,panchayat,Chotkikhargdiha,Kumhariatanr,en,LGD villages_by_blocks 30-Sep-2026: village of Chotkikhargdiha
31,Bengabad Block,panchayat,Chotkikhargdiha,Mandatanr,en,LGD villages_by_blocks 30-Sep-2026: village of Chotkikhargdiha
31,Bengabad Block,panchayat,Chotkikhargdiha,Misirdih,en,LGD villages_by_blocks 30-Sep-2026: village of Chotkikhargdiha
31,Bengabad Block,panchayat,Chatmadih,Chinaras,en,LGD villages_by_blocks 30-Sep-2026: village of Chatmadih
31,Bengabad Block,panchayat,Chatmadih,Chitmadih,en,LGD villages_by_blocks 30-Sep-2026: village of Chatmadih
31,Bengabad Block,panchayat,Chatmadih,Khariodih,en,LGD villages_by_blocks 30-Sep-2026: village of Chatmadih
31,Bengabad Block,panchayat,Chatmadih,Khurchuta,en,LGD villages_by_blocks 30-Sep-2026: village of Chatmadih
31,Bengabad Block,panchayat,Chatmadih,Khutribad,en,LGD villages_by_blocks 30-Sep-2026: village of Chatmadih
31,Bengabad Block,panchayat,Chatmadih,Nawa Ahar,en,LGD villages_by_blocks 30-Sep-2026: village of Chatmadih
31,Bengabad Block,panchayat,Chatmadih,Tewaripahari,en,LGD villages_by_blocks 30-Sep-2026: village of Chatmadih
31,Bengabad Block,panchayat,Phitkoriya,Ambatanr,en,LGD villages_by_blocks 30-Sep-2026: village of Phitkoriya
31,Bengabad Block,panchayat,Phitkoriya,Dandatanr,en,LGD villages_by_blocks 30-Sep-2026: village of Phitkoriya
31,Bengabad Block,panchayat,Phitkoriya,Dhobani,en,LGD villages_by_blocks 30-Sep-2026: village of Phitkoriya
31,Bengabad Block,panchayat,Phitkoriya,Dorhaia,en,LGD villages_by_blocks 30-Sep-2026: village of Phitkoriya
31,Bengabad Block,panchayat,Phitkoriya,Durgapur,en,LGD villages_by_blocks 30-Sep-2026: village of Phitkoriya
31,Bengabad Block,panchayat,Phitkoriya,Fitkuria,en,LGD villages_by_blocks 30-Sep-2026: village of Phitkoriya
31,Bengabad Block,panchayat,Phitkoriya,Ghuthia,en,LGD villages_by_blocks 30-Sep-2026: village of Phitkoriya
31,Bengabad Block,panchayat,Phitkoriya,Topaia,en,LGD villages_by_blocks 30-Sep-2026: village of Phitkoriya
31,Bengabad Block,panchayat,Genro,Bathanbari,en,LGD villages_by_blocks 30-Sep-2026: village of Genro
31,Bengabad Block,panchayat,Genro,Forestblock,en,LGD villages_by_blocks 30-Sep-2026: village of Genro
31,Bengabad Block,panchayat,Genro,Ganro,en,LGD villages_by_blocks 30-Sep-2026: village of Genro
31,Bengabad Block,panchayat,Genro,Kapsa,en,LGD villages_by_blocks 30-Sep-2026: village of Genro
31,Bengabad Block,panchayat,Genro,Kumharia,en,LGD villages_by_blocks 30-Sep-2026: village of Genro
31,Bengabad Block,panchayat,Golgo,Babu Raidih,en,LGD villages_by_blocks 30-Sep-2026: village of Golgo
31,Bengabad Block,panchayat,Golgo,Benubhitha,en,LGD villages_by_blocks 30-Sep-2026: village of Golgo
31,Bengabad Block,panchayat,Golgo,Bhanvardih,en,LGD villages_by_blocks 30-Sep-2026: village of Golgo
31,Bengabad Block,panchayat,Golgo,Burhikura,en,LGD villages_by_blocks 30-Sep-2026: village of Golgo
31,Bengabad Block,panchayat,Golgo,Madnutanr,en,LGD villages_by_blocks 30-Sep-2026: village of Golgo
31,Bengabad Block,panchayat,Golgo,Majhilatol,en,LGD villages_by_blocks 30-Sep-2026: village of Golgo
31,Bengabad Block,panchayat,Golgo,Makho,en,LGD villages_by_blocks 30-Sep-2026: village of Golgo
31,Bengabad Block,panchayat,Golgo,Mehabank,en,LGD villages_by_blocks 30-Sep-2026: village of Golgo
31,Bengabad Block,panchayat,Golgo,Mohaniapahari,en,LGD villages_by_blocks 30-Sep-2026: village of Golgo
31,Bengabad Block,panchayat,Golgo,Pardih,en,LGD villages_by_blocks 30-Sep-2026: village of Golgo
31,Bengabad Block,panchayat,Golgo,Tetariatanr,en,LGD villages_by_blocks 30-Sep-2026: village of Golgo
31,Bengabad Block,panchayat,Harila,Ghonghabad,en,LGD villages_by_blocks 30-Sep-2026: village of Harila
31,Bengabad Block,panchayat,Harila,Gobridih,en,LGD villages_by_blocks 30-Sep-2026: village of Harila
31,Bengabad Block,panchayat,Harila,Jhabdatanr,en,LGD villages_by_blocks 30-Sep-2026: village of Harila
31,Bengabad Block,panchayat,Harila,Kadampur,en,LGD villages_by_blocks 30-Sep-2026: village of Harila
31,Bengabad Block,panchayat,Harila,Naitanr,en,LGD villages_by_blocks 30-Sep-2026: village of Harila
31,Bengabad Block,panchayat,Harila,Raniatanr,en,LGD villages_by_blocks 30-Sep-2026: village of Harila
31,Bengabad Block,panchayat,Harila,Ratanpur,en,LGD villages_by_blocks 30-Sep-2026: village of Harila
31,Bengabad Block,panchayat,Harila,Sikdarpur,en,LGD villages_by_blocks 30-Sep-2026: village of Harila
31,Bengabad Block,panchayat,Harila,Tingharwa,en,LGD villages_by_blocks 30-Sep-2026: village of Harila
31,Bengabad Block,panchayat,Jaruadih,Bishnudih,en,LGD villages_by_blocks 30-Sep-2026: village of Jaruadih
31,Bengabad Block,panchayat,Jaruadih,Burhia Sarai,en,LGD villages_by_blocks 30-Sep-2026: village of Jaruadih
31,Bengabad Block,panchayat,Jaruadih,Chorkata,en,LGD villages_by_blocks 30-Sep-2026: village of Jaruadih
31,Bengabad Block,panchayat,Jaruadih,Gadi Sirsia Salaiya,en,LGD villages_by_blocks 30-Sep-2026: village of Jaruadih
31,Bengabad Block,panchayat,Jaruadih,Harilatanr,en,LGD villages_by_blocks 30-Sep-2026: village of Jaruadih
31,Bengabad Block,panchayat,Jaruadih,Jaruwadih,en,LGD villages_by_blocks 30-Sep-2026: village of Jaruadih
31,Bengabad Block,panchayat,Jaruadih,Kadmatol,en,LGD villages_by_blocks 30-Sep-2026: village of Jaruadih
31,Bengabad Block,panchayat,Jaruadih,Pirhakatha,en,LGD villages_by_blocks 30-Sep-2026: village of Jaruadih
31,Bengabad Block,panchayat,Jaruadih,Sarangudih,en,LGD villages_by_blocks 30-Sep-2026: village of Jaruadih
31,Bengabad Block,panchayat,Jhalakdiha,Gopalpur,en,LGD villages_by_blocks 30-Sep-2026: village of Jhalakdiha
31,Bengabad Block,panchayat,Jhalakdiha,Kakarkudar Alias Karamjor,en,LGD villages_by_blocks 30-Sep-2026: village of Jhalakdiha
31,Bengabad Block,panchayat,Jhalakdiha,Katghari,en,LGD villages_by_blocks 30-Sep-2026: village of Jhalakdiha
31,Bengabad Block,panchayat,Jhalakdiha,Kusmarja,en,LGD villages_by_blocks 30-Sep-2026: village of Jhalakdiha
31,Bengabad Block,panchayat,Jhalakdiha,Tikalato,en,LGD villages_by_blocks 30-Sep-2026: village of Jhalakdiha
31,Bengabad Block,panchayat,Karnpura,Astha,en,LGD villages_by_blocks 30-Sep-2026: village of Karnpura
31,Bengabad Block,panchayat,Karnpura,Bangawan Bhojdaha,en,LGD villages_by_blocks 30-Sep-2026: village of Karnpura
31,Bengabad Block,panchayat,Karnpura,Barasoli,en,LGD villages_by_blocks 30-Sep-2026: village of Karnpura
31,Bengabad Block,panchayat,Karnpura,Bijlibathan,en,LGD villages_by_blocks 30-Sep-2026: village of Karnpura
31,Bengabad Block,panchayat,Karnpura,Dagarwatanr,en,LGD villages_by_blocks 30-Sep-2026: village of Karnpura
31,Bengabad Block,panchayat,Karnpura,Danuadih,en,LGD villages_by_blocks 30-Sep-2026: village of Karnpura
31,Bengabad Block,panchayat,Karnpura,Harwadih,en,LGD villages_by_blocks 30-Sep-2026: village of Karnpura
31,Bengabad Block,panchayat,Karnpura,Khandoli,en,LGD villages_by_blocks 30-Sep-2026: village of Karnpura
31,Bengabad Block,panchayat,Karnpura,Partappur Kalichatan,en,LGD villages_by_blocks 30-Sep-2026: village of Karnpura
31,Bengabad Block,panchayat,Karnpura,Simradhab,en,LGD villages_by_blocks 30-Sep-2026: village of Karnpura
31,Bengabad Block,panchayat,Luppi,Lodhratari,en,LGD villages_by_blocks 30-Sep-2026: village of Luppi
31,Bengabad Block,panchayat,Madhawandih,Baidadih,en,LGD villages_by_blocks 30-Sep-2026: village of Madhawandih
31,Bengabad Block,panchayat,Madhawandih,Madhwa Dih,en,LGD villages_by_blocks 30-Sep-2026: village of Madhawandih
31,Bengabad Block,panchayat,Mahuar,Basmata,en,LGD villages_by_blocks 30-Sep-2026: village of Mahuar
31,Bengabad Block,panchayat,Mahuar,Chankiari,en,LGD villages_by_blocks 30-Sep-2026: village of Mahuar
31,Bengabad Block,panchayat,Mahuar,Dudhidih,en,LGD villages_by_blocks 30-Sep-2026: village of Mahuar
31,Bengabad Block,panchayat,Mahuar,Jambad Sani,en,LGD villages_by_blocks 30-Sep-2026: village of Mahuar
31,Bengabad Block,panchayat,Mahuar,Kharikwatanr,en,LGD villages_by_blocks 30-Sep-2026: village of Mahuar
31,Bengabad Block,panchayat,Mahuar,Raghunidih,en,LGD villages_by_blocks 30-Sep-2026: village of Mahuar
31,Bengabad Block,panchayat,Mahuar,Sahajpur,en,LGD villages_by_blocks 30-Sep-2026: village of Mahuar
31,Bengabad Block,panchayat,Manjori,Bedodih,en,LGD villages_by_blocks 30-Sep-2026: village of Manjori
31,Bengabad Block,panchayat,Manjori,Bermi Alias Bahadurpur,en,LGD villages_by_blocks 30-Sep-2026: village of Manjori
31,Bengabad Block,panchayat,Manjori,Chakardaha,en,LGD villages_by_blocks 30-Sep-2026: village of Manjori
31,Bengabad Block,panchayat,Manjori,Chhagrakatta,en,LGD villages_by_blocks 30-Sep-2026: village of Manjori
31,Bengabad Block,panchayat,Manjori,Dondo,en,LGD villages_by_blocks 30-Sep-2026: village of Manjori
31,Bengabad Block,panchayat,Manjori,Harodih,en,LGD villages_by_blocks 30-Sep-2026: village of Manjori
31,Bengabad Block,panchayat,Manjori,Khajurdiha,en,LGD villages_by_blocks 30-Sep-2026: village of Manjori
31,Bengabad Block,panchayat,Manjori,Palokhari,en,LGD villages_by_blocks 30-Sep-2026: village of Manjori
31,Bengabad Block,panchayat,Motileda,Kharti,en,LGD villages_by_blocks 30-Sep-2026: village of Motileda
31,Bengabad Block,panchayat,Motileda,Madnatanr Alias Kanduagarha,en,LGD villages_by_blocks 30-Sep-2026: village of Motileda
31,Bengabad Block,panchayat,Ojhadih,Artoka,en,LGD villages_by_blocks 30-Sep-2026: village of Ojhadih
31,Bengabad Block,panchayat,Ojhadih,Baliadih,en,LGD villages_by_blocks 30-Sep-2026: village of Ojhadih
31,Bengabad Block,panchayat,Ojhadih,Bandgari,en,LGD villages_by_blocks 30-Sep-2026: village of Ojhadih
31,Bengabad Block,panchayat,Ojhadih,Bhaunradih,en,LGD villages_by_blocks 30-Sep-2026: village of Ojhadih
31,Bengabad Block,panchayat,Ojhadih,Dongo,en,LGD villages_by_blocks 30-Sep-2026: village of Ojhadih
31,Bengabad Block,panchayat,Ojhadih,Kargalo,en,LGD villages_by_blocks 30-Sep-2026: village of Ojhadih
31,Bengabad Block,panchayat,Ojhadih,Naiadih,en,LGD villages_by_blocks 30-Sep-2026: village of Ojhadih
31,Bengabad Block,panchayat,Sonbad,Balgo,en,LGD villages_by_blocks 30-Sep-2026: village of Sonbad
31,Bengabad Block,panchayat,Sonbad,Beharadih,en,LGD villages_by_blocks 30-Sep-2026: village of Sonbad
31,Bengabad Block,panchayat,Sonbad,Doma Pahari,en,LGD villages_by_blocks 30-Sep-2026: village of Sonbad
31,Bengabad Block,panchayat,Sonbad,Mehdeia,en,LGD villages_by_blocks 30-Sep-2026: village of Sonbad
31,Bengabad Block,panchayat,Sonbad,Saharpura,en,LGD villages_by_blocks 30-Sep-2026: village of Sonbad
31,Bengabad Block,panchayat,Tarajori,Chandio,en,LGD villages_by_blocks 30-Sep-2026: village of Tarajori
31,Bengabad Block,panchayat,Tarajori,Dhumadih,en,LGD villages_by_blocks 30-Sep-2026: village of Tarajori
31,Bengabad Block,panchayat,Tarajori,Gahirjor,en,LGD villages_by_blocks 30-Sep-2026: village of Tarajori
31,Bengabad Block,panchayat,Tarajori,Gujrudih,en,LGD villages_by_blocks 30-Sep-2026: village of Tarajori
31,Bengabad Block,panchayat,Tarajori,Kenduatanr,en,LGD villages_by_blocks 30-Sep-2026: village of Tarajori
31,Bengabad Block,panchayat,Tarajori,Noniatanr,en,LGD villages_by_blocks 30-Sep-2026: village of Tarajori
31,Bengabad Block,panchayat,Tarajori,Tilaibania,en,LGD villages_by_blocks 30-Sep-2026: village of Tarajori
31,Bengabad Block,panchayat,Telonari,Gamtaria,en,LGD villages_by_blocks 30-Sep-2026: village of Telonari
31,Bengabad Block,panchayat,Telonari,Mahacho,en,LGD villages_by_blocks 30-Sep-2026: village of Telonari
33,Dumri Block,panchayat,Amara,Khechgadi,en,LGD villages_by_blocks 30-Sep-2026: village of Amara
33,Dumri Block,panchayat,Amara,Pargotilaiya,en,LGD villages_by_blocks 30-Sep-2026: village of Amara
33,Dumri Block,panchayat,Amara,Tambagudiyo,en,LGD villages_by_blocks 30-Sep-2026: village of Amara
33,Dumri Block,panchayat,Asur Bandh,Asurbandh,en,LGD villages_by_blocks 30-Sep-2026: village of Asur Bandh
33,Dumri Block,panchayat,Asur Bandh,Pordag,en,LGD villages_by_blocks 30-Sep-2026: village of Asur Bandh
33,Dumri Block,panchayat,Atki,Barahmasiya,en,LGD villages_by_blocks 30-Sep-2026: village of Atki
33,Dumri Block,panchayat,Atki,Hundro,en,LGD villages_by_blocks 30-Sep-2026: village of Atki
33,Dumri Block,panchayat,Balthariya,Koriyadih,en,LGD villages_by_blocks 30-Sep-2026: village of Balthariya
33,Dumri Block,panchayat,Badki -Bergi,Badkibergi,en,LGD villages_by_blocks 30-Sep-2026: village of Badki -Bergi
33,Dumri Block,panchayat,Badki -Bergi,Basokando,en,LGD villages_by_blocks 30-Sep-2026: village of Badki -Bergi
33,Dumri Block,panchayat,Badki -Bergi,Chhotki Bergi,en,LGD villages_by_blocks 30-Sep-2026: village of Badki -Bergi
33,Dumri Block,panchayat,Behara Suiayadih,Baledih Bishunpur,en,LGD villages_by_blocks 30-Sep-2026: village of Behara Suiayadih
33,Dumri Block,panchayat,Behara Suiayadih,Berha Suiyadih,en,LGD villages_by_blocks 30-Sep-2026: village of Behara Suiayadih
33,Dumri Block,panchayat,Behara Suiayadih,Chalmo,en,LGD villages_by_blocks 30-Sep-2026: village of Behara Suiayadih
33,Dumri Block,panchayat,Behara Suiayadih,Jangidiri,en,LGD villages_by_blocks 30-Sep-2026: village of Behara Suiayadih
33,Dumri Block,panchayat,Bharkhar,Chinokiro,en,LGD villages_by_blocks 30-Sep-2026: village of Bharkhar
33,Dumri Block,panchayat,Bharkhar,Chitramo,en,LGD villages_by_blocks 30-Sep-2026: village of Bharkhar
33,Dumri Block,panchayat,Bharkhar,Urdango,en,LGD villages_by_blocks 30-Sep-2026: village of Bharkhar
33,Dumri Block,panchayat,Chainpur,Domabara,en,LGD villages_by_blocks 30-Sep-2026: village of Chainpur
33,Dumri Block,panchayat,Chainpur,Kasmakurha,en,LGD villages_by_blocks 30-Sep-2026: village of Chainpur
33,Dumri Block,panchayat,Chainpur,Latkato,en,LGD villages_by_blocks 30-Sep-2026: village of Chainpur
33,Dumri Block,panchayat,Chainpur,Mangargadi,en,LGD villages_by_blocks 30-Sep-2026: village of Chainpur
33,Dumri Block,panchayat,Chegado,Birpok,en,LGD villages_by_blocks 30-Sep-2026: village of Chegado
33,Dumri Block,panchayat,Chegado,Chegro,en,LGD villages_by_blocks 30-Sep-2026: village of Chegado
33,Dumri Block,panchayat,Chegado,Khurjiyo,en,LGD villages_by_blocks 30-Sep-2026: village of Chegado
33,Dumri Block,panchayat,Chegado,Manglu Ahar,en,LGD villages_by_blocks 30-Sep-2026: village of Chegado
33,Dumri Block,panchayat,Chachando,Dalanchalkari,en,LGD villages_by_blocks 30-Sep-2026: village of Chachando
33,Dumri Block,panchayat,Chachando,Jhunjhka,en,LGD villages_by_blocks 30-Sep-2026: village of Chachando
33,Dumri Block,panchayat,Chachando,Jobhi Pipradih,en,LGD villages_by_blocks 30-Sep-2026: village of Chachando
33,Dumri Block,panchayat,Chachando,Pathriya,en,LGD villages_by_blocks 30-Sep-2026: village of Chachando
33,Dumri Block,panchayat,Chachando,Shitalpur,en,LGD villages_by_blocks 30-Sep-2026: village of Chachando
33,Dumri Block,panchayat,Chachando,Sijhua,en,LGD villages_by_blocks 30-Sep-2026: village of Chachando
33,Dumri Block,panchayat,Chachando,Tardaka,en,LGD villages_by_blocks 30-Sep-2026: village of Chachando
33,Dumri Block,panchayat,Chachando,Tesafuli,en,LGD villages_by_blocks 30-Sep-2026: village of Chachando
33,Dumri Block,panchayat,Chino,Samda,en,LGD villages_by_blocks 30-Sep-2026: village of Chino
33,Dumri Block,panchayat,Dumarchutiyo,Khakhikhurd,en,LGD villages_by_blocks 30-Sep-2026: village of Dumarchutiyo
33,Dumri Block,panchayat,Dumarchutiyo,Khaki Kala,en,LGD villages_by_blocks 30-Sep-2026: village of Dumarchutiyo
33,Dumri Block,panchayat,Dumri,Ghujadih,en,LGD villages_by_blocks 30-Sep-2026: village of Dumri
33,Dumri Block,panchayat,Isri Bazat Daxini,Isri Bazar South,en,LGD villages_by_blocks 30-Sep-2026: village of Isri Bazat Daxini
33,Dumri Block,panchayat,Isri Bazat Uttari,Isri Bazar North,en,LGD villages_by_blocks 30-Sep-2026: village of Isri Bazat Uttari
33,Dumri Block,panchayat,Jaridih,Andhari,en,LGD villages_by_blocks 30-Sep-2026: village of Jaridih
33,Dumri Block,panchayat,Jaridih,Rajabhitha,en,LGD villages_by_blocks 30-Sep-2026: village of Jaridih
33,Dumri Block,panchayat,Jaridih,Teliyabahiyar,en,LGD villages_by_blocks 30-Sep-2026: village of Jaridih
33,Dumri Block,panchayat,Jitkundi,Akbakitand,en,LGD villages_by_blocks 30-Sep-2026: village of Jitkundi
33,Dumri Block,panchayat,Jitkundi,Bishubeda,en,LGD villages_by_blocks 30-Sep-2026: village of Jitkundi
33,Dumri Block,panchayat,Jitkundi,Dumaria,en,LGD villages_by_blocks 30-Sep-2026: village of Jitkundi
33,Dumri Block,panchayat,Jitkundi,Jamuniyatand,en,LGD villages_by_blocks 30-Sep-2026: village of Jitkundi
33,Dumri Block,panchayat,Jitkundi,Kharkho,en,LGD villages_by_blocks 30-Sep-2026: village of Jitkundi
33,Dumri Block,panchayat,Jitkundi,Kholochunwa,en,LGD villages_by_blocks 30-Sep-2026: village of Jitkundi
33,Dumri Block,panchayat,Jitkundi,Khurdih,en,LGD villages_by_blocks 30-Sep-2026: village of Jitkundi
33,Dumri Block,panchayat,Jitkundi,Ohdar Nawadih,en,LGD villages_by_blocks 30-Sep-2026: village of Jitkundi
33,Dumri Block,panchayat,Jitkundi,Pipardih,en,LGD villages_by_blocks 30-Sep-2026: village of Jitkundi
33,Dumri Block,panchayat,Jitkundi,Ranipinda,en,LGD villages_by_blocks 30-Sep-2026: village of Jitkundi
33,Dumri Block,panchayat,Kalhawar,Agalgadi,en,LGD villages_by_blocks 30-Sep-2026: village of Kalhawar
33,Dumri Block,panchayat,Kalhawar,Dhibra,en,LGD villages_by_blocks 30-Sep-2026: village of Kalhawar
33,Dumri Block,panchayat,Kalhawar,Ganodih,en,LGD villages_by_blocks 30-Sep-2026: village of Kalhawar
33,Dumri Block,panchayat,Kalhawar,Kalhabar,en,LGD villages_by_blocks 30-Sep-2026: village of Kalhawar
33,Dumri Block,panchayat,Kalhawar,Kathsaruwa,en,LGD villages_by_blocks 30-Sep-2026: village of Kalhawar
33,Dumri Block,panchayat,Kalhawar,Lusiyo,en,LGD villages_by_blocks 30-Sep-2026: village of Kalhawar
33,Dumri Block,panchayat,Kalhawar,Telkhara,en,LGD villages_by_blocks 30-Sep-2026: village of Kalhawar
33,Dumri Block,panchayat,Khairatunda,Bandkharo,en,LGD villages_by_blocks 30-Sep-2026: village of Khairatunda
33,Dumri Block,panchayat,Khairatunda,Jamua Kala,en,LGD villages_by_blocks 30-Sep-2026: village of Khairatunda
33,Dumri Block,panchayat,Khairatunda,Matiyobeda,en,LGD villages_by_blocks 30-Sep-2026: village of Khairatunda
33,Dumri Block,panchayat,Khairatunda,Nathdih,en,LGD villages_by_blocks 30-Sep-2026: village of Khairatunda
33,Dumri Block,panchayat,Khairatunda,Teliyatunda,en,LGD villages_by_blocks 30-Sep-2026: village of Khairatunda
33,Dumri Block,panchayat,Khiudisar,Gulidadi,en,LGD villages_by_blocks 30-Sep-2026: village of Khiudisar
33,Dumri Block,panchayat,Khiudisar,Gurha,en,LGD villages_by_blocks 30-Sep-2026: village of Khiudisar
33,Dumri Block,panchayat,Khiudisar,Khudisar,en,LGD villages_by_blocks 30-Sep-2026: village of Khiudisar
33,Dumri Block,panchayat,Khiudisar,Khutargurho,en,LGD villages_by_blocks 30-Sep-2026: village of Khiudisar
33,Dumri Block,panchayat,Khiudisar,Murkundo,en,LGD villages_by_blocks 30-Sep-2026: village of Khiudisar
33,Dumri Block,panchayat,Khiudisar,Nawadih Alias Kushto Paharpu,en,LGD villages_by_blocks 30-Sep-2026: village of Khiudisar
33,Dumri Block,panchayat,Khiudisar,Thandabahiyar,en,LGD villages_by_blocks 30-Sep-2026: village of Khiudisar
33,Dumri Block,panchayat,Kulgo Daxini,Kulgo Dakshini,en,LGD villages_by_blocks 30-Sep-2026: village of Kulgo Daxini
33,Dumri Block,panchayat,Laxamantunda,Laxmantunda,en,LGD villages_by_blocks 30-Sep-2026: village of Laxamantunda
33,Dumri Block,panchayat,Lohedih,Jaruwatunda,en,LGD villages_by_blocks 30-Sep-2026: village of Lohedih
33,Dumri Block,panchayat,Lohedih,Karmatongri,en,LGD villages_by_blocks 30-Sep-2026: village of Lohedih
33,Dumri Block,panchayat,Madyagopali,Dudhpaniya,en,LGD villages_by_blocks 30-Sep-2026: village of Madyagopali
33,Dumri Block,panchayat,Madyagopali,Ghutwali,en,LGD villages_by_blocks 30-Sep-2026: village of Madyagopali
33,Dumri Block,panchayat,Madyagopali,Modhgopali,en,LGD villages_by_blocks 30-Sep-2026: village of Madyagopali
33,Dumri Block,panchayat,Nawabad,Arwatand,en,LGD villages_by_blocks 30-Sep-2026: village of Nawabad
33,Dumri Block,panchayat,Nawabad,Bedpur,en,LGD villages_by_blocks 30-Sep-2026: village of Nawabad
33,Dumri Block,panchayat,Nawabad,Nagabad,en,LGD villages_by_blocks 30-Sep-2026: village of Nawabad
33,Dumri Block,panchayat,Nawabad,Tulsitand,en,LGD villages_by_blocks 30-Sep-2026: village of Nawabad
33,Dumri Block,panchayat,Parsabeda,Barganda,en,LGD villages_by_blocks 30-Sep-2026: village of Parsabeda
33,Dumri Block,panchayat,Parsabeda,Gosai Tilaiya,en,LGD villages_by_blocks 30-Sep-2026: village of Parsabeda
33,Dumri Block,panchayat,Parsabeda,Kolhua,en,LGD villages_by_blocks 30-Sep-2026: village of Parsabeda
33,Dumri Block,panchayat,Poraiya,Basaijam,en,LGD villages_by_blocks 30-Sep-2026: village of Poraiya
33,Dumri Block,panchayat,Poraiya,Belma,en,LGD villages_by_blocks 30-Sep-2026: village of Poraiya
33,Dumri Block,panchayat,Poraiya,Bhikhnidih,en,LGD villages_by_blocks 30-Sep-2026: village of Poraiya
33,Dumri Block,panchayat,Poraiya,Hethwar,en,LGD villages_by_blocks 30-Sep-2026: village of Poraiya
33,Dumri Block,panchayat,Poraiya,Lalbazar Pandedih,en,LGD villages_by_blocks 30-Sep-2026: village of Poraiya
33,Dumri Block,panchayat,Poraiya,Pathalchapra,en,LGD villages_by_blocks 30-Sep-2026: village of Poraiya
33,Dumri Block,panchayat,Poraiya,Surjudih,en,LGD villages_by_blocks 30-Sep-2026: village of Poraiya
33,Dumri Block,panchayat,Poraiya,Uparnagar,en,LGD villages_by_blocks 30-Sep-2026: village of Poraiya
33,Dumri Block,panchayat,Roshanatunda,Chakarbarai,en,LGD villages_by_blocks 30-Sep-2026: village of Roshanatunda
33,Dumri Block,panchayat,Roshanatunda,Chaparkho,en,LGD villages_by_blocks 30-Sep-2026: village of Roshanatunda
33,Dumri Block,panchayat,Roshanatunda,Khejwali,en,LGD villages_by_blocks 30-Sep-2026: village of Roshanatunda
33,Dumri Block,panchayat,Roshanatunda,Khuta,en,LGD villages_by_blocks 30-Sep-2026: village of Roshanatunda
33,Dumri Block,panchayat,Roshanatunda,Roshnatunda,en,LGD villages_by_blocks 30-Sep-2026: village of Roshanatunda
33,Dumri Block,panchayat,Roshanatunda,Surhi,en,LGD villages_by_blocks 30-Sep-2026: village of Roshanatunda
33,Dumri Block,panchayat,Sasarakho,Basgohra,en,LGD villages_by_blocks 30-Sep-2026: village of Sasarakho
33,Dumri Block,panchayat,Sasarakho,Bhadwadih,en,LGD villages_by_blocks 30-Sep-2026: village of Sasarakho
33,Dumri Block,panchayat,Sasarakho,Kakuriyadih,en,LGD villages_by_blocks 30-Sep-2026: village of Sasarakho
33,Dumri Block,panchayat,Sasarakho,Kusto Nawadih,en,LGD villages_by_blocks 30-Sep-2026: village of Sasarakho
33,Dumri Block,panchayat,Sasarakho,Narangi,en,LGD villages_by_blocks 30-Sep-2026: village of Sasarakho
33,Dumri Block,panchayat,Sasarakho,Narayanpur,en,LGD villages_by_blocks 30-Sep-2026: village of Sasarakho
33,Dumri Block,panchayat,Sasarakho,Nurango,en,LGD villages_by_blocks 30-Sep-2026: village of Sasarakho
33,Dumri Block,panchayat,Sasarakho,Pradhandih,en,LGD villages_by_blocks 30-Sep-2026: village of Sasarakho
33,Dumri Block,panchayat,Sasarakho,Sasarkho,en,LGD villages_by_blocks 30-Sep-2026: village of Sasarakho
33,Dumri Block,panchayat,Shankardih,Galagi,en,LGD villages_by_blocks 30-Sep-2026: village of Shankardih
33,Dumri Block,panchayat,Shankardih,Kashibeda,en,LGD villages_by_blocks 30-Sep-2026: village of Shankardih
33,Dumri Block,panchayat,Shankardih,Nichitpur,en,LGD villages_by_blocks 30-Sep-2026: village of Shankardih
33,Dumri Block,panchayat,Shankardih,Prayagpur,en,LGD villages_by_blocks 30-Sep-2026: village of Shankardih
33,Dumri Block,panchayat,Shankardih,Pusadih,en,LGD villages_by_blocks 30-Sep-2026: village of Shankardih
33,Dumri Block,panchayat,Shankardih,Ramnagar,en,LGD villages_by_blocks 30-Sep-2026: village of Shankardih
33,Dumri Block,panchayat,Shankardih,Tarwatand,en,LGD villages_by_blocks 30-Sep-2026: village of Shankardih
33,Dumri Block,panchayat,Tengra Khurd,Baledih,en,LGD villages_by_blocks 30-Sep-2026: village of Tengra Khurd
33,Dumri Block,panchayat,Tengra Khurd,Chandan Kurwa,en,LGD villages_by_blocks 30-Sep-2026: village of Tengra Khurd
33,Dumri Block,panchayat,Tengra Khurd,Chechariya,en,LGD villages_by_blocks 30-Sep-2026: village of Tengra Khurd
33,Dumri Block,panchayat,Tengra Khurd,Kulhi,en,LGD villages_by_blocks 30-Sep-2026: village of Tengra Khurd
33,Dumri Block,panchayat,Tengra Khurd,Makan,en,LGD villages_by_blocks 30-Sep-2026: village of Tengra Khurd
33,Dumri Block,panchayat,Tengra Khurd,Tengrakala,en,LGD villages_by_blocks 30-Sep-2026: village of Tengra Khurd
33,Dumri Block,panchayat,Tengra Khurd,Tengrakhurd,en,LGD villages_by_blocks 30-Sep-2026: village of Tengra Khurd
33,Dumri Block,panchayat,Thakurchak,Baijnathdih,en,LGD villages_by_blocks 30-Sep-2026: village of Thakurchak
33,Dumri Block,panchayat,Thakurchak,Bholidih,en,LGD villages_by_blocks 30-Sep-2026: village of Thakurchak
33,Dumri Block,panchayat,Thakurchak,Madhwadih,en,LGD villages_by_blocks 30-Sep-2026: village of Thakurchak
33,Dumri Block,panchayat,Thakurchak,Saharpur,en,LGD villages_by_blocks 30-Sep-2026: village of Thakurchak
31,Gandey Block,panchayat,Ahilyapur,Dhardharwa,en,LGD villages_by_blocks 30-Sep-2026: village of Ahilyapur
31,Gandey Block,panchayat,Ahilyapur,Dulhdih,en,LGD villages_by_blocks 30-Sep-2026: village of Ahilyapur
31,Gandey Block,panchayat,Ahilyapur,Phoklopatthar,en,LGD villages_by_blocks 30-Sep-2026: village of Ahilyapur
31,Gandey Block,panchayat,Badkitand,Bandhabad,en,LGD villages_by_blocks 30-Sep-2026: village of Badkitand
31,Gandey Block,panchayat,Badgunda,Jitjora,en,LGD villages_by_blocks 30-Sep-2026: village of Badgunda
31,Gandey Block,panchayat,Badgunda,Lukaiya,en,LGD villages_by_blocks 30-Sep-2026: village of Badgunda
31,Gandey Block,panchayat,Badgunda,Nawatand Alias Gaganpur,en,LGD villages_by_blocks 30-Sep-2026: village of Badgunda
31,Gandey Block,panchayat,Badgunda,Pandariya,en,LGD villages_by_blocks 30-Sep-2026: village of Badgunda
31,Gandey Block,panchayat,Badgunda,Ranitand,en,LGD villages_by_blocks 30-Sep-2026: village of Badgunda
31,Gandey Block,panchayat,Badgunda,Shankarpur,en,LGD villages_by_blocks 30-Sep-2026: village of Badgunda
31,Gandey Block,panchayat,Banki Kala,Baghadih,en,LGD villages_by_blocks 30-Sep-2026: village of Banki Kala
31,Gandey Block,panchayat,Banki Kala,Bankikala,en,LGD villages_by_blocks 30-Sep-2026: village of Banki Kala
31,Gandey Block,panchayat,Banki Kala,Bankikhurd,en,LGD villages_by_blocks 30-Sep-2026: village of Banki Kala
31,Gandey Block,panchayat,Banki Kala,Karmai,en,LGD villages_by_blocks 30-Sep-2026: village of Banki Kala
31,Gandey Block,panchayat,Banki Kala,Naukisalaiya,en,LGD villages_by_blocks 30-Sep-2026: village of Banki Kala
31,Gandey Block,panchayat,Banki Kala,Purnisalaiya,en,LGD villages_by_blocks 30-Sep-2026: village of Banki Kala
31,Gandey Block,panchayat,Barmasiya 1,Gadisirsiya,en,LGD villages_by_blocks 30-Sep-2026: village of Barmasiya 1
31,Gandey Block,panchayat,Barmasiya 1,Gondalitand,en,LGD villages_by_blocks 30-Sep-2026: village of Barmasiya 1
31,Gandey Block,panchayat,Barmasiya 1,Irkiya,en,LGD villages_by_blocks 30-Sep-2026: village of Barmasiya 1
31,Gandey Block,panchayat,Barmasiya 1,Kenduatand,en,LGD villages_by_blocks 30-Sep-2026: village of Barmasiya 1
31,Gandey Block,panchayat,Barmasiya 1,Kusaiya,en,LGD villages_by_blocks 30-Sep-2026: village of Barmasiya 1
31,Gandey Block,panchayat,Barmasiya 1,Pandnatand,en,LGD villages_by_blocks 30-Sep-2026: village of Barmasiya 1
31,Gandey Block,panchayat,Barmasiya 2,Chaura,en,LGD villages_by_blocks 30-Sep-2026: village of Barmasiya 2
31,Gandey Block,panchayat,Barmasiya 2,Nawada,en,LGD villages_by_blocks 30-Sep-2026: village of Barmasiya 2
31,Gandey Block,panchayat,Barmasiya 2,Nawaser,en,LGD villages_by_blocks 30-Sep-2026: village of Barmasiya 2
31,Gandey Block,panchayat,Barmasiya 2,Pindariya,en,LGD villages_by_blocks 30-Sep-2026: village of Barmasiya 2
31,Gandey Block,panchayat,Barmasiya 2,Ranitanr,en,LGD villages_by_blocks 30-Sep-2026: village of Barmasiya 2
31,Gandey Block,panchayat,Barmasiya 2,Tiloboni,en,LGD villages_by_blocks 30-Sep-2026: village of Barmasiya 2
31,Gandey Block,panchayat,Barmasiya 2,Tinpatli,en,LGD villages_by_blocks 30-Sep-2026: village of Barmasiya 2
31,Gandey Block,panchayat,Barmasiya 2,Totpa,en,LGD villages_by_blocks 30-Sep-2026: village of Barmasiya 2
31,Gandey Block,panchayat,Budhudih,Guliyadih,en,LGD villages_by_blocks 30-Sep-2026: village of Budhudih
31,Gandey Block,panchayat,Budhudih,Jorasimar,en,LGD villages_by_blocks 30-Sep-2026: village of Budhudih
31,Gandey Block,panchayat,Budhudih,Paharma,en,LGD villages_by_blocks 30-Sep-2026: village of Budhudih
31,Gandey Block,panchayat,Budhudih,Putariya,en,LGD villages_by_blocks 30-Sep-2026: village of Budhudih
31,Gandey Block,panchayat,Budhudih,Sujna,en,LGD villages_by_blocks 30-Sep-2026: village of Budhudih
31,Gandey Block,panchayat,Chambapur,Champapur,en,LGD villages_by_blocks 30-Sep-2026: village of Chambapur
31,Gandey Block,panchayat,Chambapur,Dahuatand,en,LGD villages_by_blocks 30-Sep-2026: village of Chambapur
31,Gandey Block,panchayat,Chambapur,Irchitta,en,LGD villages_by_blocks 30-Sep-2026: village of Chambapur
31,Gandey Block,panchayat,Chambapur,Keradih,en,LGD villages_by_blocks 30-Sep-2026: village of Chambapur
31,Gandey Block,panchayat,Chambapur,Maheshmarwa,en,LGD villages_by_blocks 30-Sep-2026: village of Chambapur
31,Gandey Block,panchayat,Dasdih,Bhogatiyalohari,en,LGD villages_by_blocks 30-Sep-2026: village of Dasdih
31,Gandey Block,panchayat,Dasdih,Chapra,en,LGD villages_by_blocks 30-Sep-2026: village of Dasdih
31,Gandey Block,panchayat,Dasdih,Dharleto,en,LGD villages_by_blocks 30-Sep-2026: village of Dasdih
31,Gandey Block,panchayat,Dasdih,Jiyanpur,en,LGD villages_by_blocks 30-Sep-2026: village of Dasdih
31,Gandey Block,panchayat,Dasdih,Jokatiyabad,en,LGD villages_by_blocks 30-Sep-2026: village of Dasdih
31,Gandey Block,panchayat,Dasdih,Jora Aam,en,LGD villages_by_blocks 30-Sep-2026: village of Dasdih
31,Gandey Block,panchayat,Dasdih,Kumhardih,en,LGD villages_by_blocks 30-Sep-2026: village of Dasdih
31,Gandey Block,panchayat,Dasdih,Lohari,en,LGD villages_by_blocks 30-Sep-2026: village of Dasdih
31,Gandey Block,panchayat,Dasdih,Mahjori,en,LGD villages_by_blocks 30-Sep-2026: village of Dasdih
31,Gandey Block,panchayat,Dasdih,Mahuasingha,en,LGD villages_by_blocks 30-Sep-2026: village of Dasdih
31,Gandey Block,panchayat,Dasdih,Margodih,en,LGD villages_by_blocks 30-Sep-2026: village of Dasdih
31,Gandey Block,panchayat,Dasdih,Medho,en,LGD villages_by_blocks 30-Sep-2026: village of Dasdih
31,Gandey Block,panchayat,Dokidih,Bamandiha,en,LGD villages_by_blocks 30-Sep-2026: village of Dokidih
31,Gandey Block,panchayat,Dokidih,Dalwadih,en,LGD villages_by_blocks 30-Sep-2026: village of Dokidih
31,Gandey Block,panchayat,Dokidih,Girniya,en,LGD villages_by_blocks 30-Sep-2026: village of Dokidih
31,Gandey Block,panchayat,Dokidih,Kanhaidih,en,LGD villages_by_blocks 30-Sep-2026: village of Dokidih
31,Gandey Block,panchayat,Dokidih,Kolhmarni,en,LGD villages_by_blocks 30-Sep-2026: village of Dokidih
31,Gandey Block,panchayat,Dokidih,Mehjori,en,LGD villages_by_blocks 30-Sep-2026: village of Dokidih
31,Gandey Block,panchayat,Dokidih,Rakaskuto,en,LGD villages_by_blocks 30-Sep-2026: village of Dokidih
31,Gandey Block,panchayat,Dokidih,Turuktopa,en,LGD villages_by_blocks 30-Sep-2026: village of Dokidih
31,Gandey Block,panchayat,Phulchi,Alaytand,en,LGD villages_by_blocks 30-Sep-2026: village of Phulchi
31,Gandey Block,panchayat,Phulchi,Barhagadhi,en,LGD villages_by_blocks 30-Sep-2026: village of Phulchi
31,Gandey Block,panchayat,Phulchi,Chitarpur,en,LGD villages_by_blocks 30-Sep-2026: village of Phulchi
31,Gandey Block,panchayat,Phulchi,Jodhpur,en,LGD villages_by_blocks 30-Sep-2026: village of Phulchi
31,Gandey Block,panchayat,Phulchi,Lalbhitiya,en,LGD villages_by_blocks 30-Sep-2026: village of Phulchi
31,Gandey Block,panchayat,Phulchi,Merkhogundi,en,LGD villages_by_blocks 30-Sep-2026: village of Phulchi
31,Gandey Block,panchayat,Phulchi,Pahardaha,en,LGD villages_by_blocks 30-Sep-2026: village of Phulchi
31,Gandey Block,panchayat,Phulchi,Panchrukhi,en,LGD villages_by_blocks 30-Sep-2026: village of Phulchi
31,Gandey Block,panchayat,Phuljhariya,Arjunbad,en,LGD villages_by_blocks 30-Sep-2026: village of Phuljhariya
31,Gandey Block,panchayat,Phuljhariya,Chakdaldala,en,LGD villages_by_blocks 30-Sep-2026: village of Phuljhariya
31,Gandey Block,panchayat,Phuljhariya,Daldala,en,LGD villages_by_blocks 30-Sep-2026: village of Phuljhariya
31,Gandey Block,panchayat,Phuljhariya,Koriyad,en,LGD villages_by_blocks 30-Sep-2026: village of Phuljhariya
31,Gandey Block,panchayat,Phuljhariya,Ladudah,en,LGD villages_by_blocks 30-Sep-2026: village of Phuljhariya
31,Gandey Block,panchayat,Phuljhariya,Lurchobad,en,LGD villages_by_blocks 30-Sep-2026: village of Phuljhariya
31,Gandey Block,panchayat,Phuljhariya,Nawatanr,en,LGD villages_by_blocks 30-Sep-2026: village of Phuljhariya
31,Gandey Block,panchayat,Phuljhariya,Phuljharia,en,LGD villages_by_blocks 30-Sep-2026: village of Phuljhariya
31,Gandey Block,panchayat,Phuljhariya,Shibuadih,en,LGD villages_by_blocks 30-Sep-2026: village of Phuljhariya
31,Gandey Block,panchayat,Phuljori,Govindpur,en,LGD villages_by_blocks 30-Sep-2026: village of Phuljori
31,Gandey Block,panchayat,Phuljori,Karodih,en,LGD villages_by_blocks 30-Sep-2026: village of Phuljori
31,Gandey Block,panchayat,Phuljori,Mochiyadih,en,LGD villages_by_blocks 30-Sep-2026: village of Phuljori
31,Gandey Block,panchayat,Phuljori,Pahridih,en,LGD villages_by_blocks 30-Sep-2026: village of Phuljori
31,Gandey Block,panchayat,Phuljori,Pratappur,en,LGD villages_by_blocks 30-Sep-2026: village of Phuljori
31,Gandey Block,panchayat,Galkunda,Basodih,en,LGD villages_by_blocks 30-Sep-2026: village of Galkunda
31,Gandey Block,panchayat,Galkunda,Bhashpur,en,LGD villages_by_blocks 30-Sep-2026: village of Galkunda
31,Gandey Block,panchayat,Galkunda,Darwedih,en,LGD villages_by_blocks 30-Sep-2026: village of Galkunda
31,Gandey Block,panchayat,Galkunda,Gajkunda,en,LGD villages_by_blocks 30-Sep-2026: village of Galkunda
31,Gandey Block,panchayat,Galkunda,Ghasi Raidih,en,LGD villages_by_blocks 30-Sep-2026: village of Galkunda
31,Gandey Block,panchayat,Galkunda,Joganiyatand,en,LGD villages_by_blocks 30-Sep-2026: village of Galkunda
31,Gandey Block,panchayat,Galkunda,Mahdudih,en,LGD villages_by_blocks 30-Sep-2026: village of Galkunda
31,Gandey Block,panchayat,Galkunda,Manharsingha,en,LGD villages_by_blocks 30-Sep-2026: village of Galkunda
31,Gandey Block,panchayat,Galkunda,Margomunda,en,LGD villages_by_blocks 30-Sep-2026: village of Galkunda
31,Gandey Block,panchayat,Galkunda,Motkisingha,en,LGD villages_by_blocks 30-Sep-2026: village of Galkunda
31,Gandey Block,panchayat,Galkunda,Pathalkuchiya,en,LGD villages_by_blocks 30-Sep-2026: village of Galkunda
31,Gandey Block,panchayat,Galkunda,Rampur,en,LGD villages_by_blocks 30-Sep-2026: village of Galkunda
31,Gandey Block,panchayat,Galkunda,Saraun,en,LGD villages_by_blocks 30-Sep-2026: village of Galkunda
31,Gandey Block,panchayat,Galkunda,Sundarpahari,en,LGD villages_by_blocks 30-Sep-2026: village of Galkunda
31,Gandey Block,panchayat,Galkunda,Tarmunda,en,LGD villages_by_blocks 30-Sep-2026: village of Galkunda
31,Gandey Block,panchayat,Gandey,Mohandih,en,LGD villages_by_blocks 30-Sep-2026: village of Gandey
31,Gandey Block,panchayat,Gandey,Nayakdih,en,LGD villages_by_blocks 30-Sep-2026: village of Gandey
31,Gandey Block,panchayat,Gandey,Punidih,en,LGD villages_by_blocks 30-Sep-2026: village of Gandey
31,Gandey Block,panchayat,Ghatkula,Aahardih,en,LGD villages_by_blocks 30-Sep-2026: village of Ghatkula
31,Gandey Block,panchayat,Ghatkula,Baksigarjasaran,en,LGD villages_by_blocks 30-Sep-2026: village of Ghatkula
31,Gandey Block,panchayat,Ghatkula,Bhandarkunda,en,LGD villages_by_blocks 30-Sep-2026: village of Ghatkula
31,Gandey Block,panchayat,Ghatkula,Ghatkul,en,LGD villages_by_blocks 30-Sep-2026: village of Ghatkula
31,Gandey Block,panchayat,Ghatkula,Madwatand,en,LGD villages_by_blocks 30-Sep-2026: village of Ghatkula
31,Gandey Block,panchayat,Ghatkula,Sonajori,en,LGD villages_by_blocks 30-Sep-2026: village of Ghatkula
31,Gandey Block,panchayat,Jamjori,Bhatupur,en,LGD villages_by_blocks 30-Sep-2026: village of Jamjori
31,Gandey Block,panchayat,Jamjori,Chamliti,en,LGD villages_by_blocks 30-Sep-2026: village of Jamjori
31,Gandey Block,panchayat,Jamjori,Kolhasingha,en,LGD villages_by_blocks 30-Sep-2026: village of Jamjori
31,Gandey Block,panchayat,Jamjori,Pandaniya,en,LGD villages_by_blocks 30-Sep-2026: village of Jamjori
31,Gandey Block,panchayat,Jamjori,Pandaria,en,LGD villages_by_blocks 30-Sep-2026: village of Jamjori
31,Gandey Block,panchayat,Jharghatta,Asanboni,en,LGD villages_by_blocks 30-Sep-2026: village of Jharghatta
31,Gandey Block,panchayat,Jharghatta,Dahuatanr,en,LGD villages_by_blocks 30-Sep-2026: village of Jharghatta
31,Gandey Block,panchayat,Jharghatta,Dhodhiya,en,LGD villages_by_blocks 30-Sep-2026: village of Jharghatta
31,Gandey Block,panchayat,Jharghatta,Kachhel,en,LGD villages_by_blocks 30-Sep-2026: village of Jharghatta
31,Gandey Block,panchayat,Jharghatta,Koyridih,en,LGD villages_by_blocks 30-Sep-2026: village of Jharghatta
31,Gandey Block,panchayat,Jharghatta,Manjhidih,en,LGD villages_by_blocks 30-Sep-2026: village of Jharghatta
31,Gandey Block,panchayat,Jharghatta,Ratabahiyar,en,LGD villages_by_blocks 30-Sep-2026: village of Jharghatta
31,Gandey Block,panchayat,Jharghatta,Teljhari,en,LGD villages_by_blocks 30-Sep-2026: village of Jharghatta
31,Gandey Block,panchayat,Jharghatta,Telkhari,en,LGD villages_by_blocks 30-Sep-2026: village of Jharghatta
31,Gandey Block,panchayat,Karribank,Asahna,en,LGD villages_by_blocks 30-Sep-2026: village of Karribank
31,Gandey Block,panchayat,Karribank,Bhalua,en,LGD villages_by_blocks 30-Sep-2026: village of Karribank
31,Gandey Block,panchayat,Karribank,Chakbasu Singha,en,LGD villages_by_blocks 30-Sep-2026: village of Karribank
31,Gandey Block,panchayat,Karribank,Govindadih,en,LGD villages_by_blocks 30-Sep-2026: village of Karribank
31,Gandey Block,panchayat,Karribank,Keradabar,en,LGD villages_by_blocks 30-Sep-2026: village of Karribank
31,Gandey Block,panchayat,Karribank,Maheshpur Alias Tiloboni,en,LGD villages_by_blocks 30-Sep-2026: village of Karribank
31,Gandey Block,panchayat,Karribank,Mednipur,en,LGD villages_by_blocks 30-Sep-2026: village of Karribank
31,Gandey Block,panchayat,Karribank,Meghudih,en,LGD villages_by_blocks 30-Sep-2026: village of Karribank
31,Gandey Block,panchayat,Karribank,Parheta,en,LGD villages_by_blocks 30-Sep-2026: village of Karribank
31,Gandey Block,panchayat,Karribank,Sitla,en,LGD villages_by_blocks 30-Sep-2026: village of Karribank
31,Gandey Block,panchayat,Kundelwadah,Barotand,en,LGD villages_by_blocks 30-Sep-2026: village of Kundelwadah
31,Gandey Block,panchayat,Kundelwadah,Chihuntiya,en,LGD villages_by_blocks 30-Sep-2026: village of Kundelwadah
31,Gandey Block,panchayat,Kundelwadah,Guriadih,en,LGD villages_by_blocks 30-Sep-2026: village of Kundelwadah
31,Gandey Block,panchayat,Kundelwadah,Jahanabad,en,LGD villages_by_blocks 30-Sep-2026: village of Kundelwadah
31,Gandey Block,panchayat,Kundelwadah,Jhitri,en,LGD villages_by_blocks 30-Sep-2026: village of Kundelwadah
31,Gandey Block,panchayat,Kundelwadah,Kailudih,en,LGD villages_by_blocks 30-Sep-2026: village of Kundelwadah
31,Gandey Block,panchayat,Kundelwadah,Kenari,en,LGD villages_by_blocks 30-Sep-2026: village of Kundelwadah
31,Gandey Block,panchayat,Kundelwadah,Korbandha,en,LGD villages_by_blocks 30-Sep-2026: village of Kundelwadah
31,Gandey Block,panchayat,Kundelwadah,Kubritand,en,LGD villages_by_blocks 30-Sep-2026: village of Kundelwadah
31,Gandey Block,panchayat,Kundelwadah,Kundalwadah,en,LGD villages_by_blocks 30-Sep-2026: village of Kundelwadah
31,Gandey Block,panchayat,Kundelwadah,Lutori,en,LGD villages_by_blocks 30-Sep-2026: village of Kundelwadah
31,Gandey Block,panchayat,Kundelwadah,Pejhwara,en,LGD villages_by_blocks 30-Sep-2026: village of Kundelwadah
31,Gandey Block,panchayat,Mednisare,Ahridih,en,LGD villages_by_blocks 30-Sep-2026: village of Mednisare
31,Gandey Block,panchayat,Mednisare,Banjhajogiyatikur,en,LGD villages_by_blocks 30-Sep-2026: village of Mednisare
31,Gandey Block,panchayat,Mednisare,Bhemal,en,LGD villages_by_blocks 30-Sep-2026: village of Mednisare
31,Gandey Block,panchayat,Mednisare,Dumardiha,en,LGD villages_by_blocks 30-Sep-2026: village of Mednisare
31,Gandey Block,panchayat,Mednisare,Dwarpahari,en,LGD villages_by_blocks 30-Sep-2026: village of Mednisare
31,Gandey Block,panchayat,Mednisare,Guhilo,en,LGD villages_by_blocks 30-Sep-2026: village of Mednisare
31,Gandey Block,panchayat,Mednisare,Khamhartand,en,LGD villages_by_blocks 30-Sep-2026: village of Mednisare
31,Gandey Block,panchayat,Mednisare,Khorimahua,en,LGD villages_by_blocks 30-Sep-2026: village of Mednisare
31,Gandey Block,panchayat,Mednisare,Manikdiha,en,LGD villages_by_blocks 30-Sep-2026: village of Mednisare
31,Gandey Block,panchayat,Mednisare,Maniyadih,en,LGD villages_by_blocks 30-Sep-2026: village of Mednisare
31,Gandey Block,panchayat,Mednisare,Rukotand,en,LGD villages_by_blocks 30-Sep-2026: village of Mednisare
31,Gandey Block,panchayat,Mednisare,Topaiya,en,LGD villages_by_blocks 30-Sep-2026: village of Mednisare
31,Gandey Block,panchayat,Pandaro,Barkitanr,en,LGD villages_by_blocks 30-Sep-2026: village of Pandaro
31,Gandey Block,panchayat,Pandaro,Butbariya,en,LGD villages_by_blocks 30-Sep-2026: village of Pandaro
31,Gandey Block,panchayat,Pandaro,Charakpathala,en,LGD villages_by_blocks 30-Sep-2026: village of Pandaro
31,Gandey Block,panchayat,Pandaro,Hardiya,en,LGD villages_by_blocks 30-Sep-2026: village of Pandaro
31,Gandey Block,panchayat,Pandaro,Jamdiha,en,LGD villages_by_blocks 30-Sep-2026: village of Pandaro
31,Gandey Block,panchayat,Pandaro,Koldiha,en,LGD villages_by_blocks 30-Sep-2026: village of Pandaro
31,Gandey Block,panchayat,Pandaro,Nawatand,en,LGD villages_by_blocks 30-Sep-2026: village of Pandaro
31,Gandey Block,panchayat,Pandaro,Palkiya,en,LGD villages_by_blocks 30-Sep-2026: village of Pandaro
31,Gandey Block,panchayat,Pandaro,Pandanatad,en,LGD villages_by_blocks 30-Sep-2026: village of Pandaro
31,Gandey Block,panchayat,Pandaro,Pandari,en,LGD villages_by_blocks 30-Sep-2026: village of Pandaro
31,Gandey Block,panchayat,Parwatpur,Gadideopur,en,LGD villages_by_blocks 30-Sep-2026: village of Parwatpur
31,Gandey Block,panchayat,Parwatpur,Mahthadih,en,LGD villages_by_blocks 30-Sep-2026: village of Parwatpur
31,Gandey Block,panchayat,Parwatpur,Shyamdih,en,LGD villages_by_blocks 30-Sep-2026: village of Parwatpur
31,Gandey Block,panchayat,Parwatpur,Simrakudar,en,LGD villages_by_blocks 30-Sep-2026: village of Parwatpur
31,Gandey Block,panchayat,Rasanjori,Andharkola,en,LGD villages_by_blocks 30-Sep-2026: village of Rasanjori
31,Gandey Block,panchayat,Rasanjori,Bhadwakala,en,LGD villages_by_blocks 30-Sep-2026: village of Rasanjori
31,Gandey Block,panchayat,Rasanjori,Bhadwakhurd,en,LGD villages_by_blocks 30-Sep-2026: village of Rasanjori
31,Gandey Block,panchayat,Rasanjori,Chiksoriya,en,LGD villages_by_blocks 30-Sep-2026: village of Rasanjori
31,Gandey Block,panchayat,Rasanjori,Dukhiyadih,en,LGD villages_by_blocks 30-Sep-2026: village of Rasanjori
31,Gandey Block,panchayat,Rasanjori,Kuldiha,en,LGD villages_by_blocks 30-Sep-2026: village of Rasanjori
31,Gandey Block,panchayat,Rasanjori,Lachhudih,en,LGD villages_by_blocks 30-Sep-2026: village of Rasanjori
31,Gandey Block,panchayat,Rasanjori,Naekdih,en,LGD villages_by_blocks 30-Sep-2026: village of Rasanjori
31,Gandey Block,panchayat,Rasanjori,Panchantand,en,LGD villages_by_blocks 30-Sep-2026: village of Rasanjori
31,Gandey Block,panchayat,Rasanjori,Piprasingha,en,LGD villages_by_blocks 30-Sep-2026: village of Rasanjori
31,Gandey Block,panchayat,Rasanjori,Sagarbhanga,en,LGD villages_by_blocks 30-Sep-2026: village of Rasanjori
31,Gandey Block,panchayat,Taratand,Buchadah,en,LGD villages_by_blocks 30-Sep-2026: village of Taratand
31,Gandey Block,panchayat,Udaypur,Beldih,en,LGD villages_by_blocks 30-Sep-2026: village of Udaypur
31,Gandey Block,panchayat,Udaypur,Charakmara,en,LGD villages_by_blocks 30-Sep-2026: village of Udaypur
31,Gandey Block,panchayat,Udaypur,Chengarbad,en,LGD villages_by_blocks 30-Sep-2026: village of Udaypur
31,Gandey Block,panchayat,Udaypur,Chutiyadih,en,LGD villages_by_blocks 30-Sep-2026: village of Udaypur
31,Gandey Block,panchayat,Udaypur,Dhobana,en,LGD villages_by_blocks 30-Sep-2026: village of Udaypur
31,Gandey Block,panchayat,Udaypur,Ghorajori,en,LGD villages_by_blocks 30-Sep-2026: village of Udaypur
31,Gandey Block,panchayat,Udaypur,Haripaldih,en,LGD villages_by_blocks 30-Sep-2026: village of Udaypur
31,Gandey Block,panchayat,Udaypur,Tiljori,en,LGD villages_by_blocks 30-Sep-2026: village of Udaypur
32,Giridih Block,panchayat,Akdoni Kala,Akdoni Kalan,en,LGD villages_by_blocks 30-Sep-2026: village of Akdoni Kala
32,Giridih Block,panchayat,Akdoni Kala,Baddiha,en,LGD villages_by_blocks 30-Sep-2026: village of Akdoni Kala
32,Giridih Block,panchayat,Akdoni Khurd,Akdoni Khurd (Ct),en,LGD villages_by_blocks 30-Sep-2026: village of Akdoni Khurd
31,Giridih Block (part),panchayat,Algunda,Bhalwahi,en,LGD villages_by_blocks 30-Sep-2026: village of Algunda
31,Giridih Block (part),panchayat,Algunda,Charpoka,en,LGD villages_by_blocks 30-Sep-2026: village of Algunda
31,Giridih Block (part),panchayat,Algunda,Chengrobad,en,LGD villages_by_blocks 30-Sep-2026: village of Algunda
31,Giridih Block (part),panchayat,Algunda,Dangra,en,LGD villages_by_blocks 30-Sep-2026: village of Algunda
31,Giridih Block (part),panchayat,Algunda,Ghosasingha,en,LGD villages_by_blocks 30-Sep-2026: village of Algunda
31,Giridih Block (part),panchayat,Algunda,Gobindpur,en,LGD villages_by_blocks 30-Sep-2026: village of Algunda
31,Giridih Block (part),panchayat,Algunda,Jamunia,en,LGD villages_by_blocks 30-Sep-2026: village of Algunda
31,Giridih Block (part),panchayat,Algunda,Kashiadih,en,LGD villages_by_blocks 30-Sep-2026: village of Algunda
31,Giridih Block (part),panchayat,Algunda,Madanpur,en,LGD villages_by_blocks 30-Sep-2026: village of Algunda
31,Giridih Block (part),panchayat,Algunda,Manikbad,en,LGD villages_by_blocks 30-Sep-2026: village of Algunda
31,Giridih Block (part),panchayat,Algunda,Masmohna,en,LGD villages_by_blocks 30-Sep-2026: village of Algunda
31,Giridih Block (part),panchayat,Algunda,Raghusingha,en,LGD villages_by_blocks 30-Sep-2026: village of Algunda
31,Giridih Block (part),panchayat,Algunda,Telaiatanr,en,LGD villages_by_blocks 30-Sep-2026: village of Algunda
31,Giridih Block (part),panchayat,Algunda,Tilaiya Tand,en,LGD villages_by_blocks 30-Sep-2026: village of Algunda
31,Giridih Block (part),panchayat,Badgunda Khurd,Badgunda Kalan,en,LGD villages_by_blocks 30-Sep-2026: village of Badgunda Khurd
31,Giridih Block (part),panchayat,Badgunda Khurd,Datlaga,en,LGD villages_by_blocks 30-Sep-2026: village of Badgunda Khurd
31,Giridih Block (part),panchayat,Badgunda Khurd,Jarbad,en,LGD villages_by_blocks 30-Sep-2026: village of Badgunda Khurd
31,Giridih Block (part),panchayat,Badgunda Khurd,Kornatanr,en,LGD villages_by_blocks 30-Sep-2026: village of Badgunda Khurd
31,Giridih Block (part),panchayat,Badgunda Khurd,Rohaniatanr,en,LGD villages_by_blocks 30-Sep-2026: village of Badgunda Khurd
31,Giridih Block (part),panchayat,Badgunda Khurd,Sadigawaro,en,LGD villages_by_blocks 30-Sep-2026: village of Badgunda Khurd
31,Giridih Block (part),panchayat,Badgunda Khurd,Tetaria,en,LGD villages_by_blocks 30-Sep-2026: village of Badgunda Khurd
32,Giridih Block,panchayat,Bajto,Gondlitanr,en,LGD villages_by_blocks 30-Sep-2026: village of Bajto
32,Giridih Block,panchayat,Bajto,Kumhargaria,en,LGD villages_by_blocks 30-Sep-2026: village of Bajto
32,Giridih Block,panchayat,Bajto,Mirjadih,en,LGD villages_by_blocks 30-Sep-2026: village of Bajto
32,Giridih Block,panchayat,Bajto,Narainpur,en,LGD villages_by_blocks 30-Sep-2026: village of Bajto
32,Giridih Block,panchayat,Bajto,Semaria,en,LGD villages_by_blocks 30-Sep-2026: village of Bajto
32,Giridih Block,panchayat,Bajto,Tatokiyari,en,LGD villages_by_blocks 30-Sep-2026: village of Bajto
32,Giridih Block,panchayat,Barahmoriya,Barhamuria,en,LGD villages_by_blocks 30-Sep-2026: village of Barahmoriya
32,Giridih Block,panchayat,Barahmoriya,Chamarkho,en,LGD villages_by_blocks 30-Sep-2026: village of Barahmoriya
32,Giridih Block,panchayat,Barahmoriya,Chepo,en,LGD villages_by_blocks 30-Sep-2026: village of Barahmoriya
32,Giridih Block,panchayat,Barahmoriya,Gopai,en,LGD villages_by_blocks 30-Sep-2026: village of Barahmoriya
32,Giridih Block,panchayat,Barahmoriya,Gujiadih,en,LGD villages_by_blocks 30-Sep-2026: village of Barahmoriya
31,Giridih Block (part),panchayat,Berdonga,Chapardiha,en,LGD villages_by_blocks 30-Sep-2026: village of Berdonga
31,Giridih Block (part),panchayat,Berdonga,Kalhnatanr,en,LGD villages_by_blocks 30-Sep-2026: village of Berdonga
32,Giridih Block,panchayat,Chunjaka,Burhiadih,en,LGD villages_by_blocks 30-Sep-2026: village of Chunjaka
32,Giridih Block,panchayat,Chunjaka,Lodi Alias Sarhancha,en,LGD villages_by_blocks 30-Sep-2026: village of Chunjaka
32,Giridih Block,panchayat,Phulchi,Asoadih,en,LGD villages_by_blocks 30-Sep-2026: village of Phulchi
32,Giridih Block,panchayat,Phulchi,Baltharwa,en,LGD villages_by_blocks 30-Sep-2026: village of Phulchi
32,Giridih Block,panchayat,Phulchi,Bharkata,en,LGD villages_by_blocks 30-Sep-2026: village of Phulchi
32,Giridih Block,panchayat,Phulchi,Fulchi,en,LGD villages_by_blocks 30-Sep-2026: village of Phulchi
32,Giridih Block,panchayat,Phulchi,Hazaribad,en,LGD villages_by_blocks 30-Sep-2026: village of Phulchi
32,Giridih Block,panchayat,Phulchi,Tarabali,en,LGD villages_by_blocks 30-Sep-2026: village of Phulchi
32,Giridih Block,panchayat,Gadi Srirampur,Gadisirampur,en,LGD villages_by_blocks 30-Sep-2026: village of Gadi Srirampur
32,Giridih Block,panchayat,Gadi Srirampur,Gangapur,en,LGD villages_by_blocks 30-Sep-2026: village of Gadi Srirampur
32,Giridih Block,panchayat,Gadi Srirampur,Kolhamanjo,en,LGD villages_by_blocks 30-Sep-2026: village of Gadi Srirampur
32,Giridih Block,panchayat,Gadi Srirampur,Majhiladih,en,LGD villages_by_blocks 30-Sep-2026: village of Gadi Srirampur
32,Giridih Block,panchayat,Gadi Srirampur,Purni Petaria,en,LGD villages_by_blocks 30-Sep-2026: village of Gadi Srirampur
32,Giridih Block,panchayat,Jaspur,Balho,en,LGD villages_by_blocks 30-Sep-2026: village of Jaspur
32,Giridih Block,panchayat,Jaspur,Baramasiya,en,LGD villages_by_blocks 30-Sep-2026: village of Jaspur
32,Giridih Block,panchayat,Jaspur,Gondliajor,en,LGD villages_by_blocks 30-Sep-2026: village of Jaspur
32,Giridih Block,panchayat,Jaspur,Jango,en,LGD villages_by_blocks 30-Sep-2026: village of Jaspur
32,Giridih Block,panchayat,Jaspur,Jitjor,en,LGD villages_by_blocks 30-Sep-2026: village of Jaspur
32,Giridih Block,panchayat,Jaspur,Khesmi,en,LGD villages_by_blocks 30-Sep-2026: village of Jaspur
32,Giridih Block,panchayat,Jaspur,Kurbera,en,LGD villages_by_blocks 30-Sep-2026: village of Jaspur
32,Giridih Block,panchayat,Jaspur,Terkha,en,LGD villages_by_blocks 30-Sep-2026: village of Jaspur
32,Giridih Block,panchayat,Jitpur,Bauradih,en,LGD villages_by_blocks 30-Sep-2026: village of Jitpur
32,Giridih Block,panchayat,Jitpur,Durga Pahari,en,LGD villages_by_blocks 30-Sep-2026: village of Jitpur
32,Giridih Block,panchayat,Jitpur,Gararma,en,LGD villages_by_blocks 30-Sep-2026: village of Jitpur
32,Giridih Block,panchayat,Jitpur,Hiradih,en,LGD villages_by_blocks 30-Sep-2026: village of Jitpur
32,Giridih Block,panchayat,Jitpur,Sonbahiar,en,LGD villages_by_blocks 30-Sep-2026: village of Jitpur
32,Giridih Block,panchayat,Jitpur,Undro,en,LGD villages_by_blocks 30-Sep-2026: village of Jitpur
32,Giridih Block,panchayat,Jitpur,Utimtanr,en,LGD villages_by_blocks 30-Sep-2026: village of Jitpur
31,Giridih Block (part),panchayat,Karharbari,Dhobidih,en,LGD villages_by_blocks 30-Sep-2026: village of Karharbari
31,Giridih Block (part),panchayat,Karharbari,Mukhpitomai Pipratanr,en,LGD villages_by_blocks 30-Sep-2026: village of Karharbari
31,Giridih Block (part),panchayat,Khawa,Dilibad,en,LGD villages_by_blocks 30-Sep-2026: village of Khawa
31,Giridih Block (part),panchayat,Khawa,Girdharchak,en,LGD villages_by_blocks 30-Sep-2026: village of Khawa
31,Giridih Block (part),panchayat,Khawa,Jagmani Raidih,en,LGD villages_by_blocks 30-Sep-2026: village of Khawa
31,Giridih Block (part),panchayat,Khawa,Maniamari,en,LGD villages_by_blocks 30-Sep-2026: village of Khawa
31,Giridih Block (part),panchayat,Khawa,Ranidih,en,LGD villages_by_blocks 30-Sep-2026: village of Khawa
31,Giridih Block (part),panchayat,Khawa,Sundertanr,en,LGD villages_by_blocks 30-Sep-2026: village of Khawa
31,Giridih Block (part),panchayat,Leda,Banshidih,en,LGD villages_by_blocks 30-Sep-2026: village of Leda
31,Giridih Block (part),panchayat,Leda,Kodaidih,en,LGD villages_by_blocks 30-Sep-2026: village of Leda
31,Giridih Block (part),panchayat,Maheshlundi,Mahesh Mundi (Ct),en,LGD villages_by_blocks 30-Sep-2026: village of Maheshlundi
32,Giridih Block,panchayat,Mangarodih,Bergi,en,LGD villages_by_blocks 30-Sep-2026: village of Mangarodih
32,Giridih Block,panchayat,Mangarodih,Garhatanr,en,LGD villages_by_blocks 30-Sep-2026: village of Mangarodih
32,Giridih Block,panchayat,Matrukha,Muturkha,en,LGD villages_by_blocks 30-Sep-2026: village of Matrukha
32,Giridih Block,panchayat,Mohanpur,Baniadih,en,LGD villages_by_blocks 30-Sep-2026: village of Mohanpur
32,Giridih Block,panchayat,Mohanpur,Biswasdih,en,LGD villages_by_blocks 30-Sep-2026: village of Mohanpur
32,Giridih Block,panchayat,Mohanpur,Turukdiha,en,LGD villages_by_blocks 30-Sep-2026: village of Mohanpur
31,Giridih Block (part),panchayat,Pahadpur,Bermuka,en,LGD villages_by_blocks 30-Sep-2026: village of Pahadpur
31,Giridih Block (part),panchayat,Pahadpur,Dumariatanr,en,LGD villages_by_blocks 30-Sep-2026: village of Pahadpur
31,Giridih Block (part),panchayat,Pahadpur,Kodaia,en,LGD villages_by_blocks 30-Sep-2026: village of Pahadpur
31,Giridih Block (part),panchayat,Pahadpur,Rangadhari,en,LGD villages_by_blocks 30-Sep-2026: village of Pahadpur
31,Giridih Block (part),panchayat,Pahadpur,Tilaia,en,LGD villages_by_blocks 30-Sep-2026: village of Pahadpur
31,Giridih Block (part),panchayat,Palmo,Bandarkupi,en,LGD villages_by_blocks 30-Sep-2026: village of Palmo
31,Giridih Block (part),panchayat,Palmo,Gamhara Palmo,en,LGD villages_by_blocks 30-Sep-2026: village of Palmo
31,Giridih Block (part),panchayat,Palmo,Katwaldih,en,LGD villages_by_blocks 30-Sep-2026: village of Palmo
32,Giridih Block,panchayat,Parsatand,Andudih,en,LGD villages_by_blocks 30-Sep-2026: village of Parsatand
32,Giridih Block,panchayat,Parsatand,Chandandih,en,LGD villages_by_blocks 30-Sep-2026: village of Parsatand
32,Giridih Block,panchayat,Parsatand,Harichak,en,LGD villages_by_blocks 30-Sep-2026: village of Parsatand
32,Giridih Block,panchayat,Parsatand,Jaridih Pachamba,en,LGD villages_by_blocks 30-Sep-2026: village of Parsatand
32,Giridih Block,panchayat,Parsatand,Mosafdih,en,LGD villages_by_blocks 30-Sep-2026: village of Parsatand
32,Giridih Block,panchayat,Parsatand,Parsatanr,en,LGD villages_by_blocks 30-Sep-2026: village of Parsatand
32,Giridih Block,panchayat,Patrodih,Khandiha,en,LGD villages_by_blocks 30-Sep-2026: village of Patrodih
32,Giridih Block,panchayat,Patrodih,Pertodih (Ct),en,LGD villages_by_blocks 30-Sep-2026: village of Patrodih
31,Giridih Block (part),panchayat,Pindatand,Bakoia,en,LGD villages_by_blocks 30-Sep-2026: village of Pindatand
31,Giridih Block (part),panchayat,Pindatand,Chhitgarbhudhab,en,LGD villages_by_blocks 30-Sep-2026: village of Pindatand
31,Giridih Block (part),panchayat,Pindatand,Dumargurha,en,LGD villages_by_blocks 30-Sep-2026: village of Pindatand
31,Giridih Block (part),panchayat,Pindatand,Hariharpur,en,LGD villages_by_blocks 30-Sep-2026: village of Pindatand
31,Giridih Block (part),panchayat,Pindatand,Maghaia Tola,en,LGD villages_by_blocks 30-Sep-2026: village of Pindatand
31,Giridih Block (part),panchayat,Pindatand,Pariyana,en,LGD villages_by_blocks 30-Sep-2026: village of Pindatand
31,Giridih Block (part),panchayat,Pindatand,Pindatanr,en,LGD villages_by_blocks 30-Sep-2026: village of Pindatand
31,Giridih Block (part),panchayat,Pindatand,Suggasar,en,LGD villages_by_blocks 30-Sep-2026: village of Pindatand
32,Giridih Block,panchayat,Purnanagar,Tikodih,en,LGD villages_by_blocks 30-Sep-2026: village of Purnanagar
32,Giridih Block,panchayat,Senadoni,Bisholathi,en,LGD villages_by_blocks 30-Sep-2026: village of Senadoni
32,Giridih Block,panchayat,Senadoni,Burhiatanr,en,LGD villages_by_blocks 30-Sep-2026: village of Senadoni
32,Giridih Block,panchayat,Senadoni,Changarbansa,en,LGD villages_by_blocks 30-Sep-2026: village of Senadoni
32,Giridih Block,panchayat,Senadoni,Dhobia Singha,en,LGD villages_by_blocks 30-Sep-2026: village of Senadoni
32,Giridih Block,panchayat,Senadoni,Gaikhawaro,en,LGD villages_by_blocks 30-Sep-2026: village of Senadoni
32,Giridih Block,panchayat,Senadoni,Ghaghardiha,en,LGD villages_by_blocks 30-Sep-2026: village of Senadoni
32,Giridih Block,panchayat,Senadoni,Jagjago,en,LGD villages_by_blocks 30-Sep-2026: village of Senadoni
32,Giridih Block,panchayat,Senadoni,Khagri,en,LGD villages_by_blocks 30-Sep-2026: village of Senadoni
32,Giridih Block,panchayat,Senadoni,Kowar,en,LGD villages_by_blocks 30-Sep-2026: village of Senadoni
32,Giridih Block,panchayat,Senadoni,Ledodih,en,LGD villages_by_blocks 30-Sep-2026: village of Senadoni
32,Giridih Block,panchayat,Senadoni,Pahariadih,en,LGD villages_by_blocks 30-Sep-2026: village of Senadoni
32,Giridih Block,panchayat,Senadoni,Tigojori,en,LGD villages_by_blocks 30-Sep-2026: village of Senadoni
32,Giridih Block,panchayat,Senadoni,Turuk Topa,en,LGD villages_by_blocks 30-Sep-2026: village of Senadoni
32,Giridih Block,panchayat,Senadoni,Tuskio,en,LGD villages_by_blocks 30-Sep-2026: village of Senadoni
32,Giridih Block,panchayat,Sikdardih,Handhadih,en,LGD villages_by_blocks 30-Sep-2026: village of Sikdardih
32,Giridih Block,panchayat,Sikdardih,Kalyandih,en,LGD villages_by_blocks 30-Sep-2026: village of Sikdardih
32,Giridih Block,panchayat,Sikdardih,Maniklalo,en,LGD villages_by_blocks 30-Sep-2026: village of Sikdardih
32,Giridih Block,panchayat,Sikdardih,Salaia,en,LGD villages_by_blocks 30-Sep-2026: village of Sikdardih
32,Giridih Block,panchayat,Sikdardih,Tahiodih,en,LGD villages_by_blocks 30-Sep-2026: village of Sikdardih
32,Giridih Block,panchayat,Sikdardih,Tewaridih,en,LGD villages_by_blocks 30-Sep-2026: village of Sikdardih
31,Giridih Block (part),panchayat,Sindwariya,Baragarha Kalan,en,LGD villages_by_blocks 30-Sep-2026: village of Sindwariya
31,Giridih Block (part),panchayat,Sindwariya,Baragarha Khurd,en,LGD villages_by_blocks 30-Sep-2026: village of Sindwariya
31,Giridih Block (part),panchayat,Sindwariya,Bekolalpur,en,LGD villages_by_blocks 30-Sep-2026: village of Sindwariya
31,Giridih Block (part),panchayat,Sindwariya,Harkato,en,LGD villages_by_blocks 30-Sep-2026: village of Sindwariya
31,Giridih Block (part),panchayat,Sindwariya,Kurumdiha,en,LGD villages_by_blocks 30-Sep-2026: village of Sindwariya
31,Giridih Block (part),panchayat,Sindwariya,Sinduria,en,LGD villages_by_blocks 30-Sep-2026: village of Sindwariya
31,Giridih Block (part),panchayat,Sindwariya,Tol Harkato,en,LGD villages_by_blocks 30-Sep-2026: village of Sindwariya
31,Giridih Block (part),panchayat,Telodih,Lohpiti,en,LGD villages_by_blocks 30-Sep-2026: village of Telodih
31,Giridih Block (part),panchayat,Telodih,Telodih Ct,en,LGD villages_by_blocks 30-Sep-2026: village of Telodih
32,Giridih Block,panchayat,Udanabad,Ajidih,en,LGD villages_by_blocks 30-Sep-2026: village of Udanabad
32,Giridih Block,panchayat,Udanabad,Jogibad,en,LGD villages_by_blocks 30-Sep-2026: village of Udanabad
32,Giridih Block,panchayat,Udanabad,Koemara,en,LGD villages_by_blocks 30-Sep-2026: village of Udanabad
32,Giridih Block,panchayat,Udanabad,Rautgadi,en,LGD villages_by_blocks 30-Sep-2026: village of Udanabad
32,Giridih Block,panchayat,Udanabad,Udnabad,en,LGD villages_by_blocks 30-Sep-2026: village of Udanabad
32,Pirtand Block,panchayat,Badgawan,Agibad,en,LGD villages_by_blocks 30-Sep-2026: village of Badgawan
32,Pirtand Block,panchayat,Badgawan,Badgaon,en,LGD villages_by_blocks 30-Sep-2026: village of Badgawan
32,Pirtand Block,panchayat,Badgawan,Barhagari,en,LGD villages_by_blocks 30-Sep-2026: village of Badgawan
32,Pirtand Block,panchayat,Badgawan,Datelwa,en,LGD villages_by_blocks 30-Sep-2026: village of Badgawan
32,Pirtand Block,panchayat,Badgawan,Sobranpur,en,LGD villages_by_blocks 30-Sep-2026: village of Badgawan
32,Pirtand Block,panchayat,Bandh,Barasingha,en,LGD villages_by_blocks 30-Sep-2026: village of Bandh
32,Pirtand Block,panchayat,Bandh,Bhawanpur,en,LGD villages_by_blocks 30-Sep-2026: village of Bandh
32,Pirtand Block,panchayat,Bandh,Bholatanr,en,LGD villages_by_blocks 30-Sep-2026: village of Bandh
32,Pirtand Block,panchayat,Bandh,Bikatpur,en,LGD villages_by_blocks 30-Sep-2026: village of Bandh
32,Pirtand Block,panchayat,Bandh,Dhawatanr,en,LGD villages_by_blocks 30-Sep-2026: village of Bandh
32,Pirtand Block,panchayat,Bandh,Jamunia Chuan,en,LGD villages_by_blocks 30-Sep-2026: village of Bandh
32,Pirtand Block,panchayat,Bandh,Kamla Singha,en,LGD villages_by_blocks 30-Sep-2026: village of Bandh
32,Pirtand Block,panchayat,Bandh,Karlo,en,LGD villages_by_blocks 30-Sep-2026: village of Bandh
32,Pirtand Block,panchayat,Bandh,Korwatanr,en,LGD villages_by_blocks 30-Sep-2026: village of Bandh
32,Pirtand Block,panchayat,Bharati Chalkari,Banaso,en,LGD villages_by_blocks 30-Sep-2026: village of Bharati Chalkari
32,Pirtand Block,panchayat,Bharati Chalkari,Bharthi Chaulkari,en,LGD villages_by_blocks 30-Sep-2026: village of Bharati Chalkari
32,Pirtand Block,panchayat,Bharati Chalkari,Chengdhari,en,LGD villages_by_blocks 30-Sep-2026: village of Bharati Chalkari
32,Pirtand Block,panchayat,Bharati Chalkari,Gamharia,en,LGD villages_by_blocks 30-Sep-2026: village of Bharati Chalkari
32,Pirtand Block,panchayat,Bharati Chalkari,Kanjhia,en,LGD villages_by_blocks 30-Sep-2026: village of Bharati Chalkari
32,Pirtand Block,panchayat,Bharati Chalkari,Lerwa,en,LGD villages_by_blocks 30-Sep-2026: village of Bharati Chalkari
32,Pirtand Block,panchayat,Bharati Chalkari,Mangartilaia,en,LGD villages_by_blocks 30-Sep-2026: village of Bharati Chalkari
32,Pirtand Block,panchayat,Bharati Chalkari,Tilaia Bahiar,en,LGD villages_by_blocks 30-Sep-2026: village of Bharati Chalkari
32,Pirtand Block,panchayat,Bharati Chalkari,Udaipur,en,LGD villages_by_blocks 30-Sep-2026: village of Bharati Chalkari
32,Pirtand Block,panchayat,Bishunpur,Angaia,en,LGD villages_by_blocks 30-Sep-2026: village of Bishunpur
32,Pirtand Block,panchayat,Bishunpur,Ghatadih,en,LGD villages_by_blocks 30-Sep-2026: village of Bishunpur
32,Pirtand Block,panchayat,Bishunpur,Khetadabar,en,LGD villages_by_blocks 30-Sep-2026: village of Bishunpur
32,Pirtand Block,panchayat,Chilga,Bardahi,en,LGD villages_by_blocks 30-Sep-2026: village of Chilga
32,Pirtand Block,panchayat,Chilga,Goladabar,en,LGD villages_by_blocks 30-Sep-2026: village of Chilga
32,Pirtand Block,panchayat,Chilga,Karando,en,LGD villages_by_blocks 30-Sep-2026: village of Chilga
32,Pirtand Block,panchayat,Chilga,Kasakend,en,LGD villages_by_blocks 30-Sep-2026: village of Chilga
32,Pirtand Block,panchayat,Chilga,Majira,en,LGD villages_by_blocks 30-Sep-2026: village of Chilga
32,Pirtand Block,panchayat,Chilga,Masnutanr,en,LGD villages_by_blocks 30-Sep-2026: village of Chilga
32,Pirtand Block,panchayat,Chilga,Rajudih,en,LGD villages_by_blocks 30-Sep-2026: village of Chilga
32,Pirtand Block,panchayat,Chirki,Ghatiari,en,LGD villages_by_blocks 30-Sep-2026: village of Chirki
32,Pirtand Block,panchayat,Chirki,Hasalo,en,LGD villages_by_blocks 30-Sep-2026: village of Chirki
32,Pirtand Block,panchayat,Chirki,Majhidih,en,LGD villages_by_blocks 30-Sep-2026: village of Chirki
32,Pirtand Block,panchayat,Chirki,Patharghatia,en,LGD villages_by_blocks 30-Sep-2026: village of Chirki
32,Pirtand Block,panchayat,Chirki,Pirtanr,en,LGD villages_by_blocks 30-Sep-2026: village of Chirki
32,Pirtand Block,panchayat,Harladih,Arbeka,en,LGD villages_by_blocks 30-Sep-2026: village of Harladih
32,Pirtand Block,panchayat,Harladih,Madnadih,en,LGD villages_by_blocks 30-Sep-2026: village of Harladih
32,Pirtand Block,panchayat,Harladih,Palma,en,LGD villages_by_blocks 30-Sep-2026: village of Harladih
32,Pirtand Block,panchayat,Harladih,Saharpur Gobindpur,en,LGD villages_by_blocks 30-Sep-2026: village of Harladih
32,Pirtand Block,panchayat,Kharpoka,Dando Semar,en,LGD villages_by_blocks 30-Sep-2026: village of Kharpoka
32,Pirtand Block,panchayat,Kharpoka,Dubiabera,en,LGD villages_by_blocks 30-Sep-2026: village of Kharpoka
32,Pirtand Block,panchayat,Kharpoka,Gobrandha,en,LGD villages_by_blocks 30-Sep-2026: village of Kharpoka
32,Pirtand Block,panchayat,Kharpoka,Kangodih,en,LGD villages_by_blocks 30-Sep-2026: village of Kharpoka
32,Pirtand Block,panchayat,Kharpoka,Karihari,en,LGD villages_by_blocks 30-Sep-2026: village of Kharpoka
32,Pirtand Block,panchayat,Kharpoka,Khambharbad,en,LGD villages_by_blocks 30-Sep-2026: village of Kharpoka
32,Pirtand Block,panchayat,Kharpoka,Koradih,en,LGD villages_by_blocks 30-Sep-2026: village of Kharpoka
32,Pirtand Block,panchayat,Kharpoka,Lusiodih,en,LGD villages_by_blocks 30-Sep-2026: village of Kharpoka
32,Pirtand Block,panchayat,Kharpoka,Pokharna,en,LGD villages_by_blocks 30-Sep-2026: village of Kharpoka
32,Pirtand Block,panchayat,Kharpoka,Sahnabad,en,LGD villages_by_blocks 30-Sep-2026: village of Kharpoka
32,Pirtand Block,panchayat,Khukhara,Ashoraidih,en,LGD villages_by_blocks 30-Sep-2026: village of Khukhara
32,Pirtand Block,panchayat,Khukhara,Bhagalpur,en,LGD villages_by_blocks 30-Sep-2026: village of Khukhara
32,Pirtand Block,panchayat,Khukhara,Chethrudih,en,LGD villages_by_blocks 30-Sep-2026: village of Khukhara
32,Pirtand Block,panchayat,Khukhara,Hirapur,en,LGD villages_by_blocks 30-Sep-2026: village of Khukhara
32,Pirtand Block,panchayat,Khukhara,Jahajpur,en,LGD villages_by_blocks 30-Sep-2026: village of Khukhara
32,Pirtand Block,panchayat,Khukhara,Jamuatanr,en,LGD villages_by_blocks 30-Sep-2026: village of Khukhara
32,Pirtand Block,panchayat,Khukhara,Khukhra,en,LGD villages_by_blocks 30-Sep-2026: village of Khukhara
32,Pirtand Block,panchayat,Khukhara,Misradih,en,LGD villages_by_blocks 30-Sep-2026: village of Khukhara
32,Pirtand Block,panchayat,Khukhara,Naiatanr,en,LGD villages_by_blocks 30-Sep-2026: village of Khukhara
32,Pirtand Block,panchayat,Khukhara,Sindurpur,en,LGD villages_by_blocks 30-Sep-2026: village of Khukhara
32,Pirtand Block,panchayat,Khukhara,Sudhabad,en,LGD villages_by_blocks 30-Sep-2026: village of Khukhara
32,Pirtand Block,panchayat,Kudko,Badro,en,LGD villages_by_blocks 30-Sep-2026: village of Kudko
32,Pirtand Block,panchayat,Kudko,Bansimri,en,LGD villages_by_blocks 30-Sep-2026: village of Kudko
32,Pirtand Block,panchayat,Kudko,Birgaon,en,LGD villages_by_blocks 30-Sep-2026: village of Kudko
32,Pirtand Block,panchayat,Kudko,Dumaria Tanr,en,LGD villages_by_blocks 30-Sep-2026: village of Kudko
32,Pirtand Block,panchayat,Kudko,Karujara,en,LGD villages_by_blocks 30-Sep-2026: village of Kudko
32,Pirtand Block,panchayat,Kudko,Kasiadih,en,LGD villages_by_blocks 30-Sep-2026: village of Kudko
32,Pirtand Block,panchayat,Kudko,Kurko,en,LGD villages_by_blocks 30-Sep-2026: village of Kudko
32,Pirtand Block,panchayat,Kudko,Madhopur,en,LGD villages_by_blocks 30-Sep-2026: village of Kudko
32,Pirtand Block,panchayat,Kumharlalo,Bisaibhitha,en,LGD villages_by_blocks 30-Sep-2026: village of Kumharlalo
32,Pirtand Block,panchayat,Kumharlalo,Dubedih,en,LGD villages_by_blocks 30-Sep-2026: village of Kumharlalo
32,Pirtand Block,panchayat,Kumharlalo,Jharha,en,LGD villages_by_blocks 30-Sep-2026: village of Kumharlalo
32,Pirtand Block,panchayat,Kumharlalo,Kabriabera,en,LGD villages_by_blocks 30-Sep-2026: village of Kumharlalo
32,Pirtand Block,panchayat,Kumharlalo,Kamharbad,en,LGD villages_by_blocks 30-Sep-2026: village of Kumharlalo
32,Pirtand Block,panchayat,Kumharlalo,Kathwara,en,LGD villages_by_blocks 30-Sep-2026: village of Kumharlalo
32,Pirtand Block,panchayat,Kumharlalo,Madanpura,en,LGD villages_by_blocks 30-Sep-2026: village of Kumharlalo
32,Pirtand Block,panchayat,Madhuban,Bagdaha,en,LGD villages_by_blocks 30-Sep-2026: village of Madhuban
32,Pirtand Block,panchayat,Madhuban,Baiganbari,en,LGD villages_by_blocks 30-Sep-2026: village of Madhuban
32,Pirtand Block,panchayat,Madhuban,Jainagar,en,LGD villages_by_blocks 30-Sep-2026: village of Madhuban
32,Pirtand Block,panchayat,Madhuban,Khapebera,en,LGD villages_by_blocks 30-Sep-2026: village of Madhuban
32,Pirtand Block,panchayat,Madhuban,Moujpur,en,LGD villages_by_blocks 30-Sep-2026: village of Madhuban
32,Pirtand Block,panchayat,Madhuban,Parasnath Hill,en,LGD villages_by_blocks 30-Sep-2026: village of Madhuban
32,Pirtand Block,panchayat,Madhuban,Telanchipa,en,LGD villages_by_blocks 30-Sep-2026: village of Madhuban
32,Pirtand Block,panchayat,Mandaro,Belkatri,en,LGD villages_by_blocks 30-Sep-2026: village of Mandaro
32,Pirtand Block,panchayat,Mandaro,Bhaduwadih,en,LGD villages_by_blocks 30-Sep-2026: village of Mandaro
32,Pirtand Block,panchayat,Mandaro,Birgari,en,LGD villages_by_blocks 30-Sep-2026: village of Mandaro
32,Pirtand Block,panchayat,Mandaro,Gochotha,en,LGD villages_by_blocks 30-Sep-2026: village of Mandaro
32,Pirtand Block,panchayat,Mandaro,Lathatanr,en,LGD villages_by_blocks 30-Sep-2026: village of Mandaro
32,Pirtand Block,panchayat,Nawadih,Champanagar,en,LGD villages_by_blocks 30-Sep-2026: village of Nawadih
32,Pirtand Block,panchayat,Nawadih,Dumariakhalar,en,LGD villages_by_blocks 30-Sep-2026: village of Nawadih
32,Pirtand Block,panchayat,Nawadih,Fatehpur Khurd,en,LGD villages_by_blocks 30-Sep-2026: village of Nawadih
32,Pirtand Block,panchayat,Nawadih,Ghorchanchi,en,LGD villages_by_blocks 30-Sep-2026: village of Nawadih
32,Pirtand Block,panchayat,Nawadih,Parasbani,en,LGD villages_by_blocks 30-Sep-2026: village of Nawadih
32,Pirtand Block,panchayat,Nawadih,Patharjor,en,LGD villages_by_blocks 30-Sep-2026: village of Nawadih
32,Pirtand Block,panchayat,Nawadih,Siarangi,en,LGD villages_by_blocks 30-Sep-2026: village of Nawadih
32,Pirtand Block,panchayat,Simarkothi,Barapahari,en,LGD villages_by_blocks 30-Sep-2026: village of Simarkothi
32,Pirtand Block,panchayat,Simarkothi,Jamdaha,en,LGD villages_by_blocks 30-Sep-2026: village of Simarkothi
32,Pirtand Block,panchayat,Simarkothi,Lukurua,en,LGD villages_by_blocks 30-Sep-2026: village of Simarkothi
32,Pirtand Block,panchayat,Simarkothi,Mahesliti,en,LGD villages_by_blocks 30-Sep-2026: village of Simarkothi
32,Pirtand Block,panchayat,Simarkothi,Semarkorhi,en,LGD villages_by_blocks 30-Sep-2026: village of Simarkothi
32,Pirtand Block,panchayat,Tuiyo,Balki Pahari,en,LGD villages_by_blocks 30-Sep-2026: village of Tuiyo
32,Pirtand Block,panchayat,Tuiyo,Baraddihkhurd,en,LGD villages_by_blocks 30-Sep-2026: village of Tuiyo
32,Pirtand Block,panchayat,Tuiyo,Baritanr,en,LGD villages_by_blocks 30-Sep-2026: village of Tuiyo
32,Pirtand Block,panchayat,Tuiyo,Basotanr,en,LGD villages_by_blocks 30-Sep-2026: village of Tuiyo
32,Pirtand Block,panchayat,Tuiyo,Bastapur,en,LGD villages_by_blocks 30-Sep-2026: village of Tuiyo
32,Pirtand Block,panchayat,Tuiyo,Chapri,en,LGD villages_by_blocks 30-Sep-2026: village of Tuiyo
32,Pirtand Block,panchayat,Tuiyo,Dhudkitanr,en,LGD villages_by_blocks 30-Sep-2026: village of Tuiyo
32,Pirtand Block,panchayat,Tuiyo,Ghoskari,en,LGD villages_by_blocks 30-Sep-2026: village of Tuiyo
32,Pirtand Block,panchayat,Tuiyo,Khairatanr,en,LGD villages_by_blocks 30-Sep-2026: village of Tuiyo
32,Pirtand Block,panchayat,Tuiyo,Kolhatanr,en,LGD villages_by_blocks 30-Sep-2026: village of Tuiyo
32,Pirtand Block,panchayat,Tuiyo,Madhukata,en,LGD villages_by_blocks 30-Sep-2026: village of Tuiyo
32,Pirtand Block,panchayat,Tuiyo,Madhukatta,en,LGD villages_by_blocks 30-Sep-2026: village of Tuiyo
32,Pirtand Block,panchayat,Tuiyo,Maheshduba,en,LGD villages_by_blocks 30-Sep-2026: village of Tuiyo
32,Pirtand Block,panchayat,Tuiyo,Marmi,en,LGD villages_by_blocks 30-Sep-2026: village of Tuiyo
32,Pirtand Block,panchayat,Tuiyo,Noukonia,en,LGD villages_by_blocks 30-Sep-2026: village of Tuiyo
32,Pirtand Block,panchayat,Tuiyo,Sohraia,en,LGD villages_by_blocks 30-Sep-2026: village of Tuiyo
32,Pirtand Block,panchayat,Chirki,चिरकी,hi,"polling-station list part 276: Chirki, village of Chirki"
32,Pirtand Block,panchayat,Chirki,पीरटांड़,hi,"polling-station list part 277: Pirtanr, village of Chirki"
32,Pirtand Block,panchayat,Chirki,मांझीडीह,hi,"polling-station list part 281: Majhidih, village of Chirki"
32,Pirtand Block,panchayat,Bharati Chalkari,भारतीचलकारी,hi,"polling-station list part 284: Bharthi Chaulkari, village of Bharati Chalkari"
32,Pirtand Block,panchayat,Bharati Chalkari,मंगरातिलैया,hi,"polling-station list part 287: Mangartilaia, village of Bharati Chalkari"
32,Pirtand Block,panchayat,Kumharlalo,कुम्हरलालो,hi,"polling-station list part 296: Kumharlalo, village of Kumharlalo"
32,Pirtand Block,panchayat,Kumharlalo,कर्णपुरा,hi,"polling-station list part 299: Karanpura, village of Kumharlalo"
32,Pirtand Block,panchayat,Palganj,पालगंज,hi,"polling-station list part 304: Palganj, village of Palganj"
32,Pirtand Block,panchayat,Madhuban,पारसनाथ,hi,"polling-station list part 308: Parasnath Hill, village of Madhuban"
32,Pirtand Block,panchayat,Madhuban,बिरनगडा,hi,"polling-station list part 310: Birangadda, village of Madhuban"
32,Pirtand Block,panchayat,Madhuban,सिंघपुर,hi,"polling-station list part 312: Singhpur, village of Madhuban"
32,Pirtand Block,panchayat,Madhuban,मधुबन,hi,"polling-station list part 313: Madhuban, village of Madhuban"
32,Pirtand Block,panchayat,Bandh,बारासिंघा,hi,"polling-station list part 316: Barasingha, village of Bandh"
32,Pirtand Block,panchayat,Kumharlalo,पाण्डेयडीह,hi,"polling-station list part 318: Pandeydih, village of Kumharlalo"
32,Pirtand Block,panchayat,Kharpoka,पोखरना,hi,"polling-station list part 320: Pokharna, village of Kharpoka"
32,Pirtand Block,panchayat,Kharpoka,खरपोका,hi,"polling-station list part 322: Kharpoka, village of Kharpoka"
32,Pirtand Block,panchayat,Kharpoka,कोड़ाडीह,hi,"polling-station list part 327: Koradih, village of Kharpoka"
32,Pirtand Block,panchayat,Khukhara,खुखरा,hi,"polling-station list part 332: Khukhra, village of Khukhara"
32,Pirtand Block,panchayat,Simarkothi,दर्दमारा,hi,"polling-station list part 338: Dardmara, village of Simarkothi"
32,Pirtand Block,panchayat,Simarkothi,महेशलेट्टी,hi,"polling-station list part 340: Mahesliti, village of Simarkothi"
32,Pirtand Block,panchayat,Simarkothi,जमदाहा,hi,"polling-station list part 341: Jamdaha, village of Simarkothi"
32,Pirtand Block,panchayat,Harladih,भावानन्द,hi,"polling-station list part 344: Bhawanand, village of Harladih"
32,Pirtand Block,panchayat,Chilga,मसनोटांड़,hi,"polling-station list part 348: Masnutanr, village of Chilga"
32,Pirtand Block,panchayat,Chilga,करन्दे,hi,"polling-station list part 351: Karando, village of Chilga"
32,Pirtand Block,panchayat,Bishunpur,अंगैया,hi,"polling-station list part 359: Angaia, village of Bishunpur"
32,Pirtand Block,panchayat,Kudko,पहाड़पुर,hi,"polling-station list part 371: Paharpur, village of Kudko"
32,Pirtand Block,panchayat,Badgawan,सोबरनपुर,hi,"polling-station list part 373: Sobranpur, village of Badgawan"
32,Pirtand Block,panchayat,Badgawan,राजपुरा,hi,"polling-station list part 375: Rajpura, village of Badgawan"
32,Pirtand Block,panchayat,Badgawan,बदगावां,hi,"polling-station list part 377: Badgaon, village of Badgawan"
32,Pirtand Block,panchayat,Tuiyo,नोकौनिया,hi,"polling-station list part 379: Noukonia, village of Tuiyo"
32,Pirtand Block,panchayat,Tuiyo,तुईयो,hi,"polling-station list part 382: Tuio, village of Tuiyo"
