ac_number,block_name_en,kind,name_en,name_hi,code,census_code
32,Giridih Municipal Corporation,ward,Ward 1,वार्ड 1,1,
32,Giridih Municipal Corporation,ward,Ward 2,वार्ड 2,2,
32,Giridih Municipal Corporation,ward,Ward 3,वार्ड 3,3,
32,Giridih Municipal Corporation,ward,Ward 4,वार्ड 4,4,
32,Giridih Municipal Corporation,ward,Ward 5,वार्ड 5,5,
32,Giridih Municipal Corporation,ward,Ward 6,वार्ड 6,6,
32,Giridih Municipal Corporation,ward,Ward 7,वार्ड 7,7,
32,Giridih Municipal Corporation,ward,Ward 8,वार्ड 8,8,
32,Giridih Municipal Corporation,ward,Ward 9,वार्ड 9,9,
32,Giridih Municipal Corporation,ward,Ward 10,वार्ड 10,10,
32,Giridih Municipal Corporation,ward,Ward 11,वार्ड 11,11,
32,Giridih Municipal Corporation,ward,Ward 12,वार्ड 12,12,
32,Giridih Municipal Corporation,ward,Ward 13,वार्ड 13,13,
32,Giridih Municipal Corporation,ward,Ward 14,वार्ड 14,14,
32,Giridih Municipal Corporation,ward,Ward 15,वार्ड 15,15,
32,Giridih Municipal Corporation,ward,Ward 16,वार्ड 16,16,
32,Giridih Municipal Corporation,ward,Ward 17,वार्ड 17,17,
32,Giridih Municipal Corporation,ward,Ward 18,वार्ड 18,18,
32,Giridih Municipal Corporation,ward,Ward 19,वार्ड 19,19,
32,Giridih Municipal Corporation,ward,Ward 20,वार्ड 20,20,
32,Giridih Municipal Corporation,ward,Ward 21,वार्ड 21,21,
32,Giridih Municipal Corporation,ward,Ward 22,वार्ड 22,22,
32,Giridih Municipal Corporation,ward,Ward 23,वार्ड 23,23,
32,Giridih Municipal Corporation,ward,Ward 24,वार्ड 24,24,
32,Giridih Municipal Corporation,ward,Ward 25,वार्ड 25,25,
32,Giridih Municipal Corporation,ward,Ward 26,वार्ड 26,26,
32,Giridih Municipal Corporation,ward,Ward 27,वार्ड 27,27,
32,Giridih Municipal Corporation,ward,Ward 28,वार्ड 28,28,
32,Giridih Municipal Corporation,ward,Ward 29,वार्ड 29,29,
32,Giridih Municipal Corporation,ward,Ward 30,वार्ड 30,30,
32,Giridih Municipal Corporation,ward,Ward 31,वार्ड 31,31,
32,Giridih Municipal Corporation,ward,Ward 32,वार्ड 32,32,
32,Giridih Municipal Corporation,ward,Ward 33,वार्ड 33,33,
32,Giridih Municipal Corporation,ward,Ward 34,वार्ड 34,34,
32,Giridih Municipal Corporation,ward,Ward 35,वार्ड 35,35,
32,Giridih Municipal Corporation,ward,Ward 36,वार्ड 36,36,
