ac_number,block_name_en,kind,name_en,name_hi,code,census_code,source,membership
31,Bengabad Block,panchayat,Badkitand,Badkitand,112690,,LGD pri_local_bodies 01-Oct-2026 (ramSeraph mirror),all 9 villages in AC 31 (village ac_no)
31,Bengabad Block,panchayat,Badwara,Badwara,112691,,LGD pri_local_bodies 01-Oct-2026 (ramSeraph mirror),"villages' ac_no: 31, 30 (14 villages; most in AC 31)"
31,Bengabad Block,panchayat,Bengabad,Bengabad,112692,,LGD pri_local_bodies 01-Oct-2026 (ramSeraph mirror),all 15 villages in AC 31 (village ac_no)
31,Bengabad Block,panchayat,Bhalkudar,Bhalkudar,112693,,LGD pri_local_bodies 01-Oct-2026 (ramSeraph mirror),all 13 villages in AC 31 (village ac_no)
31,Bengabad Block,panchayat,Bhandaridih,Bhandaridih,112694,,LGD pri_local_bodies 01-Oct-2026 (ramSeraph mirror),all 11 villages in AC 31 (village ac_no)
31,Bengabad Block,panchayat,Chapuadih,Chapuadih,112695,,LGD pri_local_bodies 01-Oct-2026 (ramSeraph mirror),all 10 villages in AC 31 (village ac_no)
31,Bengabad Block,panchayat,Chatmadih,Chatmadih,112697,,LGD pri_local_bodies 01-Oct-2026 (ramSeraph mirror),all 8 villages in AC 31 (village ac_no)
31,Bengabad Block,panchayat,Chotkikhargdiha,Chotkikhargdiha,112696,,LGD pri_local_bodies 01-Oct-2026 (ramSeraph mirror),all 13 villages in AC 31 (village ac_no)
31,Bengabad Block,panchayat,Genro,Genro,112699,,LGD pri_local_bodies 01-Oct-2026 (ramSeraph mirror),all 7 villages in AC 31 (village ac_no)
31,Bengabad Block,panchayat,Golgo,Golgo,112700,,LGD pri_local_bodies 01-Oct-2026 (ramSeraph mirror),"villages' ac_no: 31, 30 (17 villages; most in AC 31)"
31,Bengabad Block,panchayat,Harila,Harila,112701,,LGD pri_local_bodies 01-Oct-2026 (ramSeraph mirror),"villages' ac_no: 30, 31 (13 villages; most in AC 31)"
31,Bengabad Block,panchayat,Jaruadih,Jaruadih,112702,,LGD pri_local_bodies 01-Oct-2026 (ramSeraph mirror),all 13 villages in AC 31 (village ac_no)
31,Bengabad Block,panchayat,Jhalakdiha,Jhalakdiha,112703,,LGD pri_local_bodies 01-Oct-2026 (ramSeraph mirror),all 11 villages in AC 31 (village ac_no)
31,Bengabad Block,panchayat,Karnpura,Karnpura,112704,,LGD pri_local_bodies 01-Oct-2026 (ramSeraph mirror),all 13 villages in AC 31 (village ac_no)
31,Bengabad Block,panchayat,Luppi,Luppi,112705,,LGD pri_local_bodies 01-Oct-2026 (ramSeraph mirror),all 2 villages in AC 31 (village ac_no)
31,Bengabad Block,panchayat,Madhawandih,Madhawandih,112706,,LGD pri_local_bodies 01-Oct-2026 (ramSeraph mirror),all 6 villages in AC 31 (village ac_no)
31,Bengabad Block,panchayat,Mahuar,Mahuar,112707,,LGD pri_local_bodies 01-Oct-2026 (ramSeraph mirror),all 10 villages in AC 31 (village ac_no)
31,Bengabad Block,panchayat,Manjori,Manjori,112708,,LGD pri_local_bodies 01-Oct-2026 (ramSeraph mirror),all 12 villages in AC 31 (village ac_no)
31,Bengabad Block,panchayat,Motileda,Motileda,112709,,LGD pri_local_bodies 01-Oct-2026 (ramSeraph mirror),"villages' ac_no: 31, 32 (6 villages; most in AC 31)"
31,Bengabad Block,panchayat,Ojhadih,Ojhadih,112710,,LGD pri_local_bodies 01-Oct-2026 (ramSeraph mirror),"villages' ac_no: 31, 30 (9 villages; most in AC 31)"
31,Bengabad Block,panchayat,Phitkoriya,Phitkoriya,112698,,LGD pri_local_bodies 01-Oct-2026 (ramSeraph mirror),all 14 villages in AC 31 (village ac_no)
31,Bengabad Block,panchayat,Sonbad,Sonbad,112711,,LGD pri_local_bodies 01-Oct-2026 (ramSeraph mirror),all 7 villages in AC 31 (village ac_no)
31,Bengabad Block,panchayat,Tarajori,Tarajori,112712,,LGD pri_local_bodies 01-Oct-2026 (ramSeraph mirror),all 10 villages in AC 31 (village ac_no)
31,Bengabad Block,panchayat,Telonari,Telonari,112714,,LGD pri_local_bodies 01-Oct-2026 (ramSeraph mirror),all 4 villages in AC 31 (village ac_no)
33,Dumri Block,panchayat,Amara,Amara,112809,,LGD pri_local_bodies 01-Oct-2026 (ramSeraph mirror),all 5 villages in AC 33 (village ac_no)
33,Dumri Block,panchayat,Asur Bandh,Asur Bandh,112810,,LGD pri_local_bodies 01-Oct-2026 (ramSeraph mirror),all 2 villages in AC 33 (village ac_no)
33,Dumri Block,panchayat,Atki,Atki,112811,,LGD pri_local_bodies 01-Oct-2026 (ramSeraph mirror),all 5 villages in AC 33 (village ac_no)
33,Dumri Block,panchayat,Badki -Bergi,Badki -Bergi,112814,,LGD pri_local_bodies 01-Oct-2026 (ramSeraph mirror),all 5 villages in AC 33 (village ac_no)
33,Dumri Block,panchayat,Balthariya,Balthariya,112812,,LGD pri_local_bodies 01-Oct-2026 (ramSeraph mirror),all 3 villages in AC 33 (village ac_no)
33,Dumri Block,panchayat,Balutunda,Balutunda,112813,,LGD pri_local_bodies 01-Oct-2026 (ramSeraph mirror),all 2 villages in AC 33 (village ac_no)
33,Dumri Block,panchayat,Behara Suiayadih,Behara Suiayadih,112815,,LGD pri_local_bodies 01-Oct-2026 (ramSeraph mirror),all 5 villages in AC 33 (village ac_no)
33,Dumri Block,panchayat,Bharkhar,Bharkhar,112816,,LGD pri_local_bodies 01-Oct-2026 (ramSeraph mirror),"villages' ac_no: 33, 24 (5 villages; most in AC 33)"
33,Dumri Block,panchayat,Chachando,Chachando,112819,,LGD pri_local_bodies 01-Oct-2026 (ramSeraph mirror),"villages' ac_no: 32, 33 (13 villages; most in AC 33)"
33,Dumri Block,panchayat,Chainpur,Chainpur,112817,,LGD pri_local_bodies 01-Oct-2026 (ramSeraph mirror),all 6 villages in AC 33 (village ac_no)
33,Dumri Block,panchayat,Chegado,Chegado,112818,,LGD pri_local_bodies 01-Oct-2026 (ramSeraph mirror),all 4 villages in AC 33 (village ac_no)
33,Dumri Block,panchayat,Chino,Chino,112820,,LGD pri_local_bodies 01-Oct-2026 (ramSeraph mirror),"villages' ac_no: 33, 29 (2 villages; most in AC 33)"
33,Dumri Block,panchayat,Dumarchutiyo,Dumarchutiyo,112821,,LGD pri_local_bodies 01-Oct-2026 (ramSeraph mirror),all 4 villages in AC 33 (village ac_no)
33,Dumri Block,panchayat,Dumri,Dumri,112822,,LGD pri_local_bodies 01-Oct-2026 (ramSeraph mirror),all 2 villages in AC 33 (village ac_no)
33,Dumri Block,panchayat,Isri Bazat Daxini,Isri Bazat Daxini,112823,,LGD pri_local_bodies 01-Oct-2026 (ramSeraph mirror),no village data; constituency of its block in ac_blocks.csv
33,Dumri Block,panchayat,Isri Bazat Uttari,Isri Bazat Uttari,112824,,LGD pri_local_bodies 01-Oct-2026 (ramSeraph mirror),no village data; constituency of its block in ac_blocks.csv
33,Dumri Block,panchayat,Jamtara,Jamtara,112825,,LGD pri_local_bodies 01-Oct-2026 (ramSeraph mirror),all 1 villages in AC 33 (village ac_no)
33,Dumri Block,panchayat,Jaridih,Jaridih,112826,,LGD pri_local_bodies 01-Oct-2026 (ramSeraph mirror),all 6 villages in AC 33 (village ac_no)
33,Dumri Block,panchayat,Jitkundi,Jitkundi,112827,,LGD pri_local_bodies 01-Oct-2026 (ramSeraph mirror),all 16 villages in AC 33 (village ac_no)
33,Dumri Block,panchayat,Kalhawar,Kalhawar,112828,,LGD pri_local_bodies 01-Oct-2026 (ramSeraph mirror),all 1 villages in AC 33 (village ac_no)
33,Dumri Block,panchayat,Khairatunda,Khairatunda,112829,,LGD pri_local_bodies 01-Oct-2026 (ramSeraph mirror),all 6 villages in AC 33 (village ac_no)
33,Dumri Block,panchayat,Khiudisar,Khiudisar,112830,,LGD pri_local_bodies 01-Oct-2026 (ramSeraph mirror),all 9 villages in AC 33 (village ac_no)
33,Dumri Block,panchayat,Kulgo Daxini,Kulgo Daxini,112831,,LGD pri_local_bodies 01-Oct-2026 (ramSeraph mirror),all 1 villages in AC 33 (village ac_no)
33,Dumri Block,panchayat,Kulgo Uttari,Kulgo Uttari,112832,,LGD pri_local_bodies 01-Oct-2026 (ramSeraph mirror),no village data; constituency of its block in ac_blocks.csv
33,Dumri Block,panchayat,Laxamantunda,Laxamantunda,112833,,LGD pri_local_bodies 01-Oct-2026 (ramSeraph mirror),all 1 villages in AC 33 (village ac_no)
33,Dumri Block,panchayat,Lohedih,Lohedih,112834,,LGD pri_local_bodies 01-Oct-2026 (ramSeraph mirror),all 4 villages in AC 33 (village ac_no)
33,Dumri Block,panchayat,Madyagopali,Madyagopali,112835,,LGD pri_local_bodies 01-Oct-2026 (ramSeraph mirror),all 3 villages in AC 33 (village ac_no)
33,Dumri Block,panchayat,Nagari,Nagari,112837,,LGD pri_local_bodies 01-Oct-2026 (ramSeraph mirror),all 1 villages in AC 33 (village ac_no)
33,Dumri Block,panchayat,Nawabad,Nawabad,112836,,LGD pri_local_bodies 01-Oct-2026 (ramSeraph mirror),all 9 villages in AC 33 (village ac_no)
33,Dumri Block,panchayat,Parsabeda,Parsabeda,112838,,LGD pri_local_bodies 01-Oct-2026 (ramSeraph mirror),all 7 villages in AC 33 (village ac_no)
33,Dumri Block,panchayat,Poraiya,Poraiya,112839,,LGD pri_local_bodies 01-Oct-2026 (ramSeraph mirror),all 11 villages in AC 33 (village ac_no)
33,Dumri Block,panchayat,Ranga Mati,Ranga Mati,112840,,LGD pri_local_bodies 01-Oct-2026 (ramSeraph mirror),all 1 villages in AC 33 (village ac_no)
33,Dumri Block,panchayat,Roshanatunda,Roshanatunda,112841,,LGD pri_local_bodies 01-Oct-2026 (ramSeraph mirror),all 6 villages in AC 33 (village ac_no)
33,Dumri Block,panchayat,Sasarakho,Sasarakho,112842,,LGD pri_local_bodies 01-Oct-2026 (ramSeraph mirror),all 11 villages in AC 33 (village ac_no)
33,Dumri Block,panchayat,Shankardih,Shankardih,112843,,LGD pri_local_bodies 01-Oct-2026 (ramSeraph mirror),all 11 villages in AC 33 (village ac_no)
33,Dumri Block,panchayat,Tengra Khurd,Tengra Khurd,112844,,LGD pri_local_bodies 01-Oct-2026 (ramSeraph mirror),all 7 villages in AC 33 (village ac_no)
33,Dumri Block,panchayat,Thakurchak,Thakurchak,112845,,LGD pri_local_bodies 01-Oct-2026 (ramSeraph mirror),all 6 villages in AC 33 (village ac_no)
31,Gandey Block,panchayat,Ahilyapur,Ahilyapur,112846,,LGD pri_local_bodies 01-Oct-2026 (ramSeraph mirror),all 7 villages in AC 31 (village ac_no)
31,Gandey Block,panchayat,Badgunda,Badgunda,112848,,LGD pri_local_bodies 01-Oct-2026 (ramSeraph mirror),all 6 villages in AC 31 (village ac_no)
31,Gandey Block,panchayat,Badkitand,Badkitand,112847,,LGD pri_local_bodies 01-Oct-2026 (ramSeraph mirror),all 5 villages in AC 31 (village ac_no)
31,Gandey Block,panchayat,Banki Kala,Banki Kala,112849,,LGD pri_local_bodies 01-Oct-2026 (ramSeraph mirror),all 8 villages in AC 31 (village ac_no)
31,Gandey Block,panchayat,Barmasiya 1,Barmasiya 1,112850,,LGD pri_local_bodies 01-Oct-2026 (ramSeraph mirror),all 13 villages in AC 31 (village ac_no)
31,Gandey Block,panchayat,Barmasiya 2,Barmasiya 2,112851,,LGD pri_local_bodies 01-Oct-2026 (ramSeraph mirror),all 10 villages in AC 31 (village ac_no)
31,Gandey Block,panchayat,Budhudih,Budhudih,112852,,LGD pri_local_bodies 01-Oct-2026 (ramSeraph mirror),all 6 villages in AC 31 (village ac_no)
31,Gandey Block,panchayat,Chambapur,Chambapur,112853,,LGD pri_local_bodies 01-Oct-2026 (ramSeraph mirror),all 7 villages in AC 31 (village ac_no)
31,Gandey Block,panchayat,Dasdih,Dasdih,112854,,LGD pri_local_bodies 01-Oct-2026 (ramSeraph mirror),all 15 villages in AC 31 (village ac_no)
31,Gandey Block,panchayat,Dokidih,Dokidih,112855,,LGD pri_local_bodies 01-Oct-2026 (ramSeraph mirror),all 11 villages in AC 31 (village ac_no)
31,Gandey Block,panchayat,Galkunda,Galkunda,112859,,LGD pri_local_bodies 01-Oct-2026 (ramSeraph mirror),all 20 villages in AC 31 (village ac_no)
31,Gandey Block,panchayat,Gandey,Gandey,112860,,LGD pri_local_bodies 01-Oct-2026 (ramSeraph mirror),all 5 villages in AC 31 (village ac_no)
31,Gandey Block,panchayat,Ghatkula,Ghatkula,112861,,LGD pri_local_bodies 01-Oct-2026 (ramSeraph mirror),all 7 villages in AC 31 (village ac_no)
31,Gandey Block,panchayat,Jamjori,Jamjori,112862,,LGD pri_local_bodies 01-Oct-2026 (ramSeraph mirror),all 9 villages in AC 31 (village ac_no)
31,Gandey Block,panchayat,Jharghatta,Jharghatta,112863,,LGD pri_local_bodies 01-Oct-2026 (ramSeraph mirror),all 13 villages in AC 31 (village ac_no)
31,Gandey Block,panchayat,Karribank,Karribank,112864,,LGD pri_local_bodies 01-Oct-2026 (ramSeraph mirror),all 15 villages in AC 31 (village ac_no)
31,Gandey Block,panchayat,Kundelwadah,Kundelwadah,112865,,LGD pri_local_bodies 01-Oct-2026 (ramSeraph mirror),all 12 villages in AC 31 (village ac_no)
31,Gandey Block,panchayat,Mednisare,Mednisare,112866,,LGD pri_local_bodies 01-Oct-2026 (ramSeraph mirror),all 17 villages in AC 31 (village ac_no)
31,Gandey Block,panchayat,Pandaro,Pandaro,112867,,LGD pri_local_bodies 01-Oct-2026 (ramSeraph mirror),all 14 villages in AC 31 (village ac_no)
31,Gandey Block,panchayat,Parwatpur,Parwatpur,112868,,LGD pri_local_bodies 01-Oct-2026 (ramSeraph mirror),all 9 villages in AC 31 (village ac_no)
31,Gandey Block,panchayat,Phulchi,Phulchi,112856,,LGD pri_local_bodies 01-Oct-2026 (ramSeraph mirror),all 13 villages in AC 31 (village ac_no)
31,Gandey Block,panchayat,Phuljhariya,Phuljhariya,112857,,LGD pri_local_bodies 01-Oct-2026 (ramSeraph mirror),all 13 villages in AC 31 (village ac_no)
31,Gandey Block,panchayat,Phuljori,Phuljori,112858,,LGD pri_local_bodies 01-Oct-2026 (ramSeraph mirror),all 6 villages in AC 31 (village ac_no)
31,Gandey Block,panchayat,Rasanjori,Rasanjori,112869,,LGD pri_local_bodies 01-Oct-2026 (ramSeraph mirror),all 13 villages in AC 31 (village ac_no)
31,Gandey Block,panchayat,Taratand,Taratand,112870,,LGD pri_local_bodies 01-Oct-2026 (ramSeraph mirror),all 6 villages in AC 31 (village ac_no)
31,Gandey Block,panchayat,Udaypur,Udaypur,112871,,LGD pri_local_bodies 01-Oct-2026 (ramSeraph mirror),all 11 villages in AC 31 (village ac_no)
32,Giridih Block,panchayat,Akdoni Kala,Akdoni Kala,112889,,LGD pri_local_bodies 01-Oct-2026 (ramSeraph mirror),5 polling stations in the 2024 AC-32 list
32,Giridih Block,panchayat,Akdoni Khurd,Akdoni Khurd,112890,,LGD pri_local_bodies 01-Oct-2026 (ramSeraph mirror),2 polling stations in the 2024 AC-32 list
31,Giridih Block (part),panchayat,Algunda,Algunda,112891,,LGD pri_local_bodies 01-Oct-2026 (ramSeraph mirror),"no polling station in the 2024 AC-32 list, so the Gandey part of Giridih block"
31,Giridih Block (part),panchayat,Badgunda Khurd,Badgunda Khurd,112892,,LGD pri_local_bodies 01-Oct-2026 (ramSeraph mirror),"no polling station in the 2024 AC-32 list, so the Gandey part of Giridih block"
32,Giridih Block,panchayat,Bajto,Bajto,112893,,LGD pri_local_bodies 01-Oct-2026 (ramSeraph mirror),2 polling stations in the 2024 AC-32 list
32,Giridih Block,panchayat,Barahmoriya,Barahmoriya,112894,,LGD pri_local_bodies 01-Oct-2026 (ramSeraph mirror),6 polling stations in the 2024 AC-32 list
31,Giridih Block (part),panchayat,Berdonga,Berdonga,112896,,LGD pri_local_bodies 01-Oct-2026 (ramSeraph mirror),"no polling station in the 2024 AC-32 list, so the Gandey part of Giridih block"
32,Giridih Block,panchayat,Chunjaka,Chunjaka,112899,,LGD pri_local_bodies 01-Oct-2026 (ramSeraph mirror),4 polling stations in the 2024 AC-32 list
32,Giridih Block,panchayat,Gadi Srirampur,Gadi Srirampur,112902,,LGD pri_local_bodies 01-Oct-2026 (ramSeraph mirror),10 polling stations in the 2024 AC-32 list
32,Giridih Block,panchayat,Jaspur,Jaspur,112904,,LGD pri_local_bodies 01-Oct-2026 (ramSeraph mirror),10 polling stations in the 2024 AC-32 list
32,Giridih Block,panchayat,Jitpur,Jitpur,112905,,LGD pri_local_bodies 01-Oct-2026 (ramSeraph mirror),2 polling stations in the 2024 AC-32 list
31,Giridih Block (part),panchayat,Karharbari,Karharbari,112906,,LGD pri_local_bodies 01-Oct-2026 (ramSeraph mirror),"no polling station in the 2024 AC-32 list, so the Gandey part of Giridih block"
31,Giridih Block (part),panchayat,Khawa,Khawa,112907,,LGD pri_local_bodies 01-Oct-2026 (ramSeraph mirror),"no polling station in the 2024 AC-32 list, so the Gandey part of Giridih block"
31,Giridih Block (part),panchayat,Leda,Leda,112908,,LGD pri_local_bodies 01-Oct-2026 (ramSeraph mirror),"no polling station in the 2024 AC-32 list, so the Gandey part of Giridih block"
31,Giridih Block (part),panchayat,Maheshlundi,Maheshlundi,112909,,LGD pri_local_bodies 01-Oct-2026 (ramSeraph mirror),"no polling station in the 2024 AC-32 list, so the Gandey part of Giridih block"
32,Giridih Block,panchayat,Mangarodih,Mangarodih,112910,,LGD pri_local_bodies 01-Oct-2026 (ramSeraph mirror),7 polling stations in the 2024 AC-32 list
32,Giridih Block,panchayat,Matrukha,Matrukha,112911,,LGD pri_local_bodies 01-Oct-2026 (ramSeraph mirror),4 polling stations in the 2024 AC-32 list
32,Giridih Block,panchayat,Mohanpur,Mohanpur,112912,,LGD pri_local_bodies 01-Oct-2026 (ramSeraph mirror),12 polling stations in the 2024 AC-32 list
31,Giridih Block (part),panchayat,Pahadpur,Pahadpur,112913,,LGD pri_local_bodies 01-Oct-2026 (ramSeraph mirror),"no polling station in the 2024 AC-32 list, so the Gandey part of Giridih block"
31,Giridih Block (part),panchayat,Palmo,Palmo,112914,,LGD pri_local_bodies 01-Oct-2026 (ramSeraph mirror),"no polling station in the 2024 AC-32 list, so the Gandey part of Giridih block"
32,Giridih Block,panchayat,Parsatand,Parsatand,112917,,LGD pri_local_bodies 01-Oct-2026 (ramSeraph mirror),13 polling stations in the 2024 AC-32 list
32,Giridih Block,panchayat,Patrodih,Patrodih,112918,,LGD pri_local_bodies 01-Oct-2026 (ramSeraph mirror),2 polling stations in the 2024 AC-32 list
32,Giridih Block,panchayat,Phulchi,Phulchi,112901,,LGD pri_local_bodies 01-Oct-2026 (ramSeraph mirror),3 polling stations in the 2024 AC-32 list
31,Giridih Block (part),panchayat,Pindatand,Pindatand,112919,,LGD pri_local_bodies 01-Oct-2026 (ramSeraph mirror),"no polling station in the 2024 AC-32 list, so the Gandey part of Giridih block"
32,Giridih Block,panchayat,Purnanagar,Purnanagar,112920,,LGD pri_local_bodies 01-Oct-2026 (ramSeraph mirror),5 polling stations in the 2024 AC-32 list
32,Giridih Block,panchayat,Senadoni,Senadoni,112921,,LGD pri_local_bodies 01-Oct-2026 (ramSeraph mirror),8 polling stations in the 2024 AC-32 list
32,Giridih Block,panchayat,Sikdardih,Sikdardih,112923,,LGD pri_local_bodies 01-Oct-2026 (ramSeraph mirror),6 polling stations in the 2024 AC-32 list
31,Giridih Block (part),panchayat,Sindwariya,Sindwariya,112924,,LGD pri_local_bodies 01-Oct-2026 (ramSeraph mirror),"no polling station in the 2024 AC-32 list, so the Gandey part of Giridih block"
31,Giridih Block (part),panchayat,Telodih,Telodih,112926,,LGD pri_local_bodies 01-Oct-2026 (ramSeraph mirror),"no polling station in the 2024 AC-32 list, so the Gandey part of Giridih block"
32,Giridih Block,panchayat,Udanabad,Udanabad,112927,,LGD pri_local_bodies 01-Oct-2026 (ramSeraph mirror),7 polling stations in the 2024 AC-32 list
32,Pirtand Block,panchayat,Badgawan,Badgawan,112970,,LGD pri_local_bodies 01-Oct-2026 (ramSeraph mirror),5 polling stations in the 2024 AC-32 list
32,Pirtand Block,panchayat,Bandh,बाँध,112971,,LGD pri_local_bodies 01-Oct-2026 (ramSeraph mirror); Hindi name from the polling-station list,3 polling stations in the 2024 AC-32 list
32,Pirtand Block,panchayat,Bharati Chalkari,Bharati Chalkari,112972,,LGD pri_local_bodies 01-Oct-2026 (ramSeraph mirror),6 polling stations in the 2024 AC-32 list
32,Pirtand Block,panchayat,Bishunpur,Bishunpur,112973,,LGD pri_local_bodies 01-Oct-2026 (ramSeraph mirror),6 polling stations in the 2024 AC-32 list
32,Pirtand Block,panchayat,Chilga,Chilga,112974,,LGD pri_local_bodies 01-Oct-2026 (ramSeraph mirror),6 polling stations in the 2024 AC-32 list
32,Pirtand Block,panchayat,Chirki,चिरकी,112975,,LGD pri_local_bodies 01-Oct-2026 (ramSeraph mirror); Hindi name from the polling-station list,7 polling stations in the 2024 AC-32 list
32,Pirtand Block,panchayat,Harladih,Harladih,112976,,LGD pri_local_bodies 01-Oct-2026 (ramSeraph mirror),4 polling stations in the 2024 AC-32 list
32,Pirtand Block,panchayat,Kharpoka,खरपोका,112977,,LGD pri_local_bodies 01-Oct-2026 (ramSeraph mirror); Hindi name from the polling-station list,8 polling stations in the 2024 AC-32 list
32,Pirtand Block,panchayat,Khukhara,खुखरा,112978,,LGD pri_local_bodies 01-Oct-2026 (ramSeraph mirror); Hindi name from the polling-station list,7 polling stations in the 2024 AC-32 list
32,Pirtand Block,panchayat,Kudko,Kudko,112979,,LGD pri_local_bodies 01-Oct-2026 (ramSeraph mirror),5 polling stations in the 2024 AC-32 list
32,Pirtand Block,panchayat,Kumharlalo,कुम्हरलालो,112980,,LGD pri_local_bodies 01-Oct-2026 (ramSeraph mirror); Hindi name from the polling-station list,9 polling stations in the 2024 AC-32 list
32,Pirtand Block,panchayat,Madhuban,मधुबन,112981,,LGD pri_local_bodies 01-Oct-2026 (ramSeraph mirror); Hindi name from the polling-station list,8 polling stations in the 2024 AC-32 list
32,Pirtand Block,panchayat,Mandaro,Mandaro,112982,,LGD pri_local_bodies 01-Oct-2026 (ramSeraph mirror),3 polling stations in the 2024 AC-32 list
32,Pirtand Block,panchayat,Nawadih,Nawadih,112983,,LGD pri_local_bodies 01-Oct-2026 (ramSeraph mirror),4 polling stations in the 2024 AC-32 list
32,Pirtand Block,panchayat,Palganj,पालगंज,112984,,LGD pri_local_bodies 01-Oct-2026 (ramSeraph mirror); Hindi name from the polling-station list,5 polling stations in the 2024 AC-32 list
32,Pirtand Block,panchayat,Simarkothi,Simarkothi,112985,,LGD pri_local_bodies 01-Oct-2026 (ramSeraph mirror),9 polling stations in the 2024 AC-32 list
32,Pirtand Block,panchayat,Tuiyo,तुईयो,112986,,LGD pri_local_bodies 01-Oct-2026 (ramSeraph mirror); Hindi name from the polling-station list,6 polling stations in the 2024 AC-32 list
