name,kind,url,lang,is_active
Google News - Giridih (hi),google_news,https://news.google.com/rss/search?q=%E0%A4%97%E0%A4%BF%E0%A4%B0%E0%A4%BF%E0%A4%A1%E0%A5%80%E0%A4%B9&hl=hi&gl=IN&ceid=IN:hi,hi,true
Google News - Giridih (en),google_news,https://news.google.com/rss/search?q=Giridih&hl=en-IN&gl=IN&ceid=IN:en,en,true
Google News - Pirtand,google_news,https://news.google.com/rss/search?q=%E0%A4%AA%E0%A5%80%E0%A4%B0%E0%A4%9F%E0%A4%BE%E0%A4%82%E0%A4%A1&hl=hi&gl=IN&ceid=IN:hi,hi,true
Google News - Parasnath Madhuban,google_news,https://news.google.com/rss/search?q=%E0%A4%AA%E0%A4%BE%E0%A4%B0%E0%A4%B8%E0%A4%A8%E0%A4%BE%E0%A4%A5+%E0%A4%AE%E0%A4%A7%E0%A5%81%E0%A4%AC%E0%A4%A8&hl=hi&gl=IN&ceid=IN:hi,hi,true
Google News - Giridih bypoll,google_news,https://news.google.com/rss/search?q=%E0%A4%97%E0%A4%BF%E0%A4%B0%E0%A4%BF%E0%A4%A1%E0%A5%80%E0%A4%B9+%E0%A4%89%E0%A4%AA%E0%A4%9A%E0%A5%81%E0%A4%A8%E0%A4%BE%E0%A4%B5&hl=hi&gl=IN&ceid=IN:hi,hi,true
Prabhat Khabar - Jharkhand,rss,https://www.prabhatkhabar.com/state/jharkhand/feed,hi,true
Dainik Bhaskar - Jharkhand,rss,https://www.bhaskar.com/rss-v1--category-4402.xml,hi,true
Hindustan - Jharkhand,rss,https://www.livehindustan.com/rss/jharkhand,hi,true
Google News - Jharkhand election (hi),google_news,https://news.google.com/rss/search?q=%E0%A4%9D%E0%A4%BE%E0%A4%B0%E0%A4%96%E0%A4%82%E0%A4%A1%20%E0%A4%9A%E0%A5%81%E0%A4%A8%E0%A4%BE%E0%A4%B5%20when%3A30d&hl=hi&gl=IN&ceid=IN:hi,hi,true
Google News - Jharkhand election (en),google_news,https://news.google.com/rss/search?q=Jharkhand%20election%20when%3A30d&hl=en-IN&gl=IN&ceid=IN:en,en,true
Google News - Jharkhand assembly (hi),google_news,https://news.google.com/rss/search?q=%E0%A4%9D%E0%A4%BE%E0%A4%B0%E0%A4%96%E0%A4%82%E0%A4%A1%20%E0%A4%B5%E0%A4%BF%E0%A4%A7%E0%A4%BE%E0%A4%A8%E0%A4%B8%E0%A4%AD%E0%A4%BE%20when%3A30d&hl=hi&gl=IN&ceid=IN:hi,hi,true
Google News - Jharkhand politics (en),google_news,https://news.google.com/rss/search?q=Jharkhand%20politics%20when%3A30d&hl=en-IN&gl=IN&ceid=IN:en,en,true
Google News - Giridih bypoll (en),google_news,https://news.google.com/rss/search?q=Giridih%20bypoll%20OR%20%22Giridih%20by-election%22%20when%3A30d&hl=en-IN&gl=IN&ceid=IN:en,en,true
Google News - JMM Jharkhand (hi),google_news,https://news.google.com/rss/search?q=%E0%A4%9D%E0%A4%BE%E0%A4%AE%E0%A5%81%E0%A4%AE%E0%A5%8B%20%E0%A4%9D%E0%A4%BE%E0%A4%B0%E0%A4%96%E0%A4%82%E0%A4%A1%20when%3A30d&hl=hi&gl=IN&ceid=IN:hi,hi,true
Google News - BJP Jharkhand (hi),google_news,https://news.google.com/rss/search?q=%E0%A4%AD%E0%A4%BE%E0%A4%9C%E0%A4%AA%E0%A4%BE%20%E0%A4%9D%E0%A4%BE%E0%A4%B0%E0%A4%96%E0%A4%82%E0%A4%A1%20when%3A30d&hl=hi&gl=IN&ceid=IN:hi,hi,true
Google News - Congress Jharkhand (hi),google_news,https://news.google.com/rss/search?q=%E0%A4%95%E0%A4%BE%E0%A4%82%E0%A4%97%E0%A5%8D%E0%A4%B0%E0%A5%87%E0%A4%B8%20%E0%A4%9D%E0%A4%BE%E0%A4%B0%E0%A4%96%E0%A4%82%E0%A4%A1%20when%3A30d&hl=hi&gl=IN&ceid=IN:hi,hi,true
Google News - AJSU (hi),google_news,https://news.google.com/rss/search?q=%E0%A4%86%E0%A4%9C%E0%A4%B8%E0%A5%82%20%E0%A4%AA%E0%A4%BE%E0%A4%B0%E0%A5%8D%E0%A4%9F%E0%A5%80%20when%3A30d&hl=hi&gl=IN&ceid=IN:hi,hi,true
Google News - JLKM Jairam Mahto (hi),google_news,https://news.google.com/rss/search?q=%E0%A4%9C%E0%A4%AF%E0%A4%B0%E0%A4%BE%E0%A4%AE%20%E0%A4%AE%E0%A4%B9%E0%A4%A4%E0%A5%8B%20OR%20%E0%A4%9C%E0%A5%87%E0%A4%8F%E0%A4%B2%E0%A4%95%E0%A5%87%E0%A4%8F%E0%A4%AE%20when%3A30d&hl=hi&gl=IN&ceid=IN:hi,hi,true
Google News - RJD Jharkhand (hi),google_news,https://news.google.com/rss/search?q=%E0%A4%B0%E0%A4%BE%E0%A4%9C%E0%A4%A6%20%E0%A4%9D%E0%A4%BE%E0%A4%B0%E0%A4%96%E0%A4%82%E0%A4%A1%20when%3A30d&hl=hi&gl=IN&ceid=IN:hi,hi,true
Google News - JMM BJP Jharkhand (en),google_news,https://news.google.com/rss/search?q=JMM%20BJP%20Jharkhand%20when%3A30d&hl=en-IN&gl=IN&ceid=IN:en,en,true
Google News - Gandey (hi),google_news,https://news.google.com/rss/search?q=%E0%A4%97%E0%A4%BE%E0%A4%82%E0%A4%A1%E0%A5%87%E0%A4%AF%20%E0%A4%B5%E0%A4%BF%E0%A4%A7%E0%A4%BE%E0%A4%A8%E0%A4%B8%E0%A4%AD%E0%A4%BE%20OR%20%E0%A4%97%E0%A4%BE%E0%A4%82%E0%A4%A1%E0%A5%87%E0%A4%AF%20%E0%A4%B5%E0%A4%BF%E0%A4%A7%E0%A4%BE%E0%A4%AF%E0%A4%95%20when%3A30d&hl=hi&gl=IN&ceid=IN:hi,hi,true
Google News - Dumri (hi),google_news,https://news.google.com/rss/search?q=%E0%A4%A1%E0%A5%81%E0%A4%AE%E0%A4%B0%E0%A5%80%20%E0%A4%B5%E0%A4%BF%E0%A4%A7%E0%A4%BE%E0%A4%A8%E0%A4%B8%E0%A4%AD%E0%A4%BE%20OR%20%E0%A4%A1%E0%A5%81%E0%A4%AE%E0%A4%B0%E0%A5%80%20%E0%A4%B5%E0%A4%BF%E0%A4%A7%E0%A4%BE%E0%A4%AF%E0%A4%95%20when%3A30d&hl=hi&gl=IN&ceid=IN:hi,hi,true
Google News - Tundi (hi),google_news,https://news.google.com/rss/search?q=%E0%A4%9F%E0%A5%81%E0%A4%82%E0%A4%A1%E0%A5%80%20%E0%A4%B5%E0%A4%BF%E0%A4%A7%E0%A4%BE%E0%A4%A8%E0%A4%B8%E0%A4%AD%E0%A4%BE%20OR%20%E0%A4%9F%E0%A5%81%E0%A4%82%E0%A4%A1%E0%A5%80%20%E0%A4%B5%E0%A4%BF%E0%A4%A7%E0%A4%BE%E0%A4%AF%E0%A4%95%20when%3A30d&hl=hi&gl=IN&ceid=IN:hi,hi,true
Google News - Silli (hi),google_news,https://news.google.com/rss/search?q=%E0%A4%B8%E0%A4%BF%E0%A4%B2%E0%A5%8D%E0%A4%B2%E0%A5%80%20%E0%A4%B5%E0%A4%BF%E0%A4%A7%E0%A4%BE%E0%A4%A8%E0%A4%B8%E0%A4%AD%E0%A4%BE%20OR%20%E0%A4%B8%E0%A4%BF%E0%A4%B2%E0%A5%8D%E0%A4%B2%E0%A5%80%20%E0%A4%B5%E0%A4%BF%E0%A4%A7%E0%A4%BE%E0%A4%AF%E0%A4%95%20when%3A30d&hl=hi&gl=IN&ceid=IN:hi,hi,true
Google News - Kanke (hi),google_news,https://news.google.com/rss/search?q=%E0%A4%95%E0%A4%BE%E0%A4%82%E0%A4%95%E0%A5%87%20%E0%A4%B5%E0%A4%BF%E0%A4%A7%E0%A4%BE%E0%A4%A8%E0%A4%B8%E0%A4%AD%E0%A4%BE%20OR%20%E0%A4%95%E0%A4%BE%E0%A4%82%E0%A4%95%E0%A5%87%20%E0%A4%B5%E0%A4%BF%E0%A4%A7%E0%A4%BE%E0%A4%AF%E0%A4%95%20when%3A30d&hl=hi&gl=IN&ceid=IN:hi,hi,true
Google News - Giridih MLA (hi),google_news,https://news.google.com/rss/search?q=%E0%A4%97%E0%A4%BF%E0%A4%B0%E0%A4%BF%E0%A4%A1%E0%A5%80%E0%A4%B9%20%E0%A4%B5%E0%A4%BF%E0%A4%A7%E0%A4%BE%E0%A4%AF%E0%A4%95%20OR%20%E0%A4%97%E0%A4%BF%E0%A4%B0%E0%A4%BF%E0%A4%A1%E0%A5%80%E0%A4%B9%20%E0%A4%B5%E0%A4%BF%E0%A4%A7%E0%A4%BE%E0%A4%A8%E0%A4%B8%E0%A4%AD%E0%A4%BE%20when%3A30d&hl=hi&gl=IN&ceid=IN:hi,hi,true
