abbr,name_en,name_hi,alliance_2024,colour
JMM,Jharkhand Mukti Morcha,झारखंड मुक्ति मोर्चा,INDIA,#1a6b39
BJP,Bharatiya Janata Party,भारतीय जनता पार्टी,NDA,#ff8c42
AJSU,All Jharkhand Students Union,आजसू पार्टी,NDA,#c98500
JLKM,Jharkhand Loktantrik Krantikari Morcha,झारखंड लोकतांत्रिक क्रांतिकारी मोर्चा,NONE,#6d3fc4
INC,Indian National Congress,भारतीय राष्ट्रीय कांग्रेस,INDIA,#2a78d6
RJD,Rashtriya Janata Dal,राष्ट्रीय जनता दल,INDIA,#1baf7a
JVM,Jharkhand Vikas Morcha (Prajatantrik),झारखंड विकास मोर्चा (प्रजातांत्रिक),NONE,#0e8f9e
CPIML,Communist Party of India (Marxist-Leninist) Liberation,भाकपा (माले) लिबरेशन,INDIA,#d03b3b
BSP,Bahujan Samaj Party,बहुजन समाज पार्टी,NONE,#184f95
AIMIM,All India Majlis-e-Ittehadul Muslimeen,ऑल इंडिया मजलिस-ए-इत्तेहादुल मुस्लिमीन,NONE,#0f6b57
IND,Independent,निर्दलीय,NONE,#898781
OTH,Other parties,अन्य दल,NONE,#a8a69e
NOTA,None of the Above,इनमें से कोई नहीं,NONE,#52514e
UNK,Party not recorded in source,दल स्रोत में दर्ज नहीं,NONE,#bdbbb5
