ac_number,election_label,poll_date,phase,source
31,VS-2024,2024-11-20,2,"All India Radio (newsonair.gov.in), 20 Nov 2024: Gandey turnout 73.36% on November 20; Deccan Herald phase-2 list"
32,VS-2024,2024-11-20,2,"All India Radio (newsonair.gov.in): Giridih turnout 67.45% at the end of the second phase, 20 Nov 2024"
33,VS-2024,2024-11-20,2,"Deccan Herald / NewsX phase-2 constituency list (20 Nov 2024)"
42,VS-2024,2024-11-20,2,"Deccan Herald / NewsX phase-2 constituency list (20 Nov 2024)"
61,VS-2024,2024-11-20,2,"Deccan Herald / NewsX phase-2 constituency list (20 Nov 2024)"
31,VS-2019,2019-12-16,4,"Phase IV list (India TV, The Quint)"
32,VS-2019,2019-12-16,4,"Phase IV list (India TV, The Quint)"
33,VS-2019,2019-12-16,4,"Phase IV list (India TV, The Quint)"
42,VS-2019,2019-12-16,4,"Phase IV list (India TV, The Quint)"
61,VS-2019,2019-12-12,3,"Phase III list (India TV, The Quint)"
65,VS-2019,2019-12-12,3,"Phase III list (India TV, The Quint)"
