ac_number,part_number,building_hi,village_hi,block_name_en,village_lgd,village_code,panchayat,panchayat_code,score,status,note,source
32,276,म0 वि0 चिरकी,चिरकी,Pirtand Block,Chirki,352837,Chirki,112975,1.0,matched,,"BLO list, AC 32-Giridih, parts 276-385 (scanned PDF, 5 pages, transcribed to extracted_blo_data.xlsx); BLO names and phone numbers not kept"
32,277,+2 प्रोजेक्ट बालिका उ0 वि0 पीरटांड़,पीरटांड़,Pirtand Block,Pirtanr,352838,Chirki,112975,1.0,matched,,"BLO list, AC 32-Giridih, parts 276-385 (scanned PDF, 5 pages, transcribed to extracted_blo_data.xlsx); BLO names and phone numbers not kept"
32,278,उ0 म0 वि0 नावाडीह II,नावाडीह,Pirtand Block,Nawadih,352836,Bandh,112971,1.0,unmatched,name shared by 3 villages,"BLO list, AC 32-Giridih, parts 276-385 (scanned PDF, 5 pages, transcribed to extracted_blo_data.xlsx); BLO names and phone numbers not kept"
32,279,उ0 म0 वि0 मंझलाडीह,मंझलाडीह,Pirtand Block,Majhladih,352840,Chirki,112975,0.96,unmatched,name shared by 3 villages,"BLO list, AC 32-Giridih, parts 276-385 (scanned PDF, 5 pages, transcribed to extracted_blo_data.xlsx); BLO names and phone numbers not kept"
32,280,उ0म0वि0 हरलाडीह,हरलाडीह,Pirtand Block,Harladih,352850,Chirki,112975,1.0,unmatched,too close to Hariladih,"BLO list, AC 32-Giridih, parts 276-385 (scanned PDF, 5 pages, transcribed to extracted_blo_data.xlsx); BLO names and phone numbers not kept"
32,281,उ0 म0 वि0 मांझीडीह,मांझीडीह,Pirtand Block,Majhidih,352765,Chirki,112975,0.95,matched,,"BLO list, AC 32-Giridih, parts 276-385 (scanned PDF, 5 pages, transcribed to extracted_blo_data.xlsx); BLO names and phone numbers not kept"
32,282,उ0 म0 वि0 राजो,राजो,Pirtand Block,Rajo,352831,Chirki,112975,1.0,matched,,"BLO list, AC 32-Giridih, parts 276-385 (scanned PDF, 5 pages, transcribed to extracted_blo_data.xlsx); BLO names and phone numbers not kept"
32,283,उ0 म0 वि0 राजो पूर्वी भाग,राजो,Pirtand Block,Rajo,352831,Chirki,112975,1.0,matched,,"BLO list, AC 32-Giridih, parts 276-385 (scanned PDF, 5 pages, transcribed to extracted_blo_data.xlsx); BLO names and phone numbers not kept"
32,284,उ0 म0 वि0 भारतीचलकारी,भारतीचलकारी,Pirtand Block,Bharthi Chaulkari,352849,Bharati Chalkari,112972,0.96,matched,,"BLO list, AC 32-Giridih, parts 276-385 (scanned PDF, 5 pages, transcribed to extracted_blo_data.xlsx); BLO names and phone numbers not kept"
32,285,उ0 म0 वि0 लेदवा,लेदवा,Pirtand Block,Lerwa,352841,Bharati Chalkari,112972,0.8,unmatched,not close enough,"BLO list, AC 32-Giridih, parts 276-385 (scanned PDF, 5 pages, transcribed to extracted_blo_data.xlsx); BLO names and phone numbers not kept"
32,286,उ0 म0 वि0 चेंगायरी,चेंगायरी,Pirtand Block,Chengdhari,352846,Bharati Chalkari,112972,0.94,unmatched,not close enough,"BLO list, AC 32-Giridih, parts 276-385 (scanned PDF, 5 pages, transcribed to extracted_blo_data.xlsx); BLO names and phone numbers not kept"
32,287,प्रा0 वि0 मंगरातिलैया,मंगरातिलैया,Pirtand Block,Mangartilaia,352845,Bharati Chalkari,112972,1.0,matched,,"BLO list, AC 32-Giridih, parts 276-385 (scanned PDF, 5 pages, transcribed to extracted_blo_data.xlsx); BLO names and phone numbers not kept"
32,288,उ0 म0 वि0 तेलियाबहियार,तेलियाबहियार,Pirtand Block,Tilaia Bahiar,352848,Bharati Chalkari,112972,1.0,unmatched,not close enough,"BLO list, AC 32-Giridih, parts 276-385 (scanned PDF, 5 pages, transcribed to extracted_blo_data.xlsx); BLO names and phone numbers not kept"
32,289,उ0 म0 वि0 कोझिया,कोझिया,Pirtand Block,Kanjhia,352847,Bharati Chalkari,112972,0.92,unmatched,not close enough,"BLO list, AC 32-Giridih, parts 276-385 (scanned PDF, 5 pages, transcribed to extracted_blo_data.xlsx); BLO names and phone numbers not kept"
32,290,उ0 उ0 वि0 घोरचांपी,घोरचांपी,Pirtand Block,Ghorchanchi,352784,Nawadih,112983,0.87,unmatched,not close enough,"BLO list, AC 32-Giridih, parts 276-385 (scanned PDF, 5 pages, transcribed to extracted_blo_data.xlsx); BLO names and phone numbers not kept"
32,291,उ0 उ0 वि0 घोरचांपी पूर्वी भाग,घोरचांपी,Pirtand Block,Ghorchanchi,352784,Nawadih,112983,0.87,unmatched,not close enough,"BLO list, AC 32-Giridih, parts 276-385 (scanned PDF, 5 pages, transcribed to extracted_blo_data.xlsx); BLO names and phone numbers not kept"
32,292,उ0 म0 वि0 घोरखाद,घोरखाद,Pirtand Block,Ghorbad,352783,Nawadih,112983,0.88,unmatched,not close enough,"BLO list, AC 32-Giridih, parts 276-385 (scanned PDF, 5 pages, transcribed to extracted_blo_data.xlsx); BLO names and phone numbers not kept"
32,293,उ0 म0 वि0 नावाडीह,नावाडीह,Pirtand Block,Nawadih,352836,Bandh,112971,1.0,unmatched,name shared by 3 villages,"BLO list, AC 32-Giridih, parts 276-385 (scanned PDF, 5 pages, transcribed to extracted_blo_data.xlsx); BLO names and phone numbers not kept"
32,294,उ0 म0 वि0 परसवनी,परसवनी,Pirtand Block,Parasbani,352791,Nawadih,112983,0.91,unmatched,not close enough,"BLO list, AC 32-Giridih, parts 276-385 (scanned PDF, 5 pages, transcribed to extracted_blo_data.xlsx); BLO names and phone numbers not kept"
32,295,उ0 प्रा0 वि0 झुमरियाखालार,झुमरियाखालार,Pirtand Block,Jharha,352763,Kumharlalo,112980,0.87,unmatched,not close enough,"BLO list, AC 32-Giridih, parts 276-385 (scanned PDF, 5 pages, transcribed to extracted_blo_data.xlsx); BLO names and phone numbers not kept"
32,296,+2 उ0 वि0 कुम्हरलालो पूर्वी भाग,कुम्हरलालो,Pirtand Block,Kumharlalo,352780,Kumharlalo,112980,1.0,matched,,"BLO list, AC 32-Giridih, parts 276-385 (scanned PDF, 5 pages, transcribed to extracted_blo_data.xlsx); BLO names and phone numbers not kept"
32,297,+2 उ0 वि0 कुम्हरलालो प0 भाग,कुम्हरलालो,Pirtand Block,Kumharlalo,352780,Kumharlalo,112980,1.0,matched,,"BLO list, AC 32-Giridih, parts 276-385 (scanned PDF, 5 pages, transcribed to extracted_blo_data.xlsx); BLO names and phone numbers not kept"
32,298,उ0 म0 वि0 झरहा,झरहा,Pirtand Block,Jharha,352763,Kumharlalo,112980,1.0,matched,,"BLO list, AC 32-Giridih, parts 276-385 (scanned PDF, 5 pages, transcribed to extracted_blo_data.xlsx); BLO names and phone numbers not kept"
32,299,"म0 वि0 कर्णपुरा, पूर्वी भाग",कर्णपुरा,Pirtand Block,Karanpura,352779,Kumharlalo,112980,1.0,matched,,"BLO list, AC 32-Giridih, parts 276-385 (scanned PDF, 5 pages, transcribed to extracted_blo_data.xlsx); BLO names and phone numbers not kept"
32,300,"म0 वि0 कर्णपुरा, प0 भाग",कर्णपुरा,Pirtand Block,Karanpura,352779,Kumharlalo,112980,1.0,matched,,"BLO list, AC 32-Giridih, parts 276-385 (scanned PDF, 5 pages, transcribed to extracted_blo_data.xlsx); BLO names and phone numbers not kept"
32,301,प्रा0 वि0 दिवानडीह,दिवानडीह,Pirtand Block,Dewandih,352762,Kumharlalo,112980,1.0,unmatched,not close enough,"BLO list, AC 32-Giridih, parts 276-385 (scanned PDF, 5 pages, transcribed to extracted_blo_data.xlsx); BLO names and phone numbers not kept"
32,302,प्रा0 वि0 करपरदारडीह उत्तरी भाग,करपरदारडीह,Pirtand Block,Karanpura,352779,Kumharlalo,112980,0.81,unmatched,not close enough,"BLO list, AC 32-Giridih, parts 276-385 (scanned PDF, 5 pages, transcribed to extracted_blo_data.xlsx); BLO names and phone numbers not kept"
32,303,प्रा0 वि0 करपरदारडीह दक्षिण भाग,करपरदारडीह,Pirtand Block,Karanpura,352779,Kumharlalo,112980,0.81,unmatched,not close enough,"BLO list, AC 32-Giridih, parts 276-385 (scanned PDF, 5 pages, transcribed to extracted_blo_data.xlsx); BLO names and phone numbers not kept"
32,304,म0 वि0 पालगंज पूर्वी भाग,पालगंज,Pirtand Block,Palganj,352774,Palganj,112984,1.0,matched,,"BLO list, AC 32-Giridih, parts 276-385 (scanned PDF, 5 pages, transcribed to extracted_blo_data.xlsx); BLO names and phone numbers not kept"
32,305,म0 वि0 पालगंज प0 भाग,पालगंज,Pirtand Block,Palganj,352774,Palganj,112984,1.0,matched,,"BLO list, AC 32-Giridih, parts 276-385 (scanned PDF, 5 pages, transcribed to extracted_blo_data.xlsx); BLO names and phone numbers not kept"
32,306,उ0 म0 वि0 पालगंज हेठ टोला पूर्वी भाग,पालगंज,Pirtand Block,Palganj,352774,Palganj,112984,1.0,matched,,"BLO list, AC 32-Giridih, parts 276-385 (scanned PDF, 5 pages, transcribed to extracted_blo_data.xlsx); BLO names and phone numbers not kept"
32,307,उ0 म0 वि0 पालगंज हेठ टोला प0 भाग,पालगंज,Pirtand Block,Palganj,352774,Palganj,112984,1.0,matched,,"BLO list, AC 32-Giridih, parts 276-385 (scanned PDF, 5 pages, transcribed to extracted_blo_data.xlsx); BLO names and phone numbers not kept"
32,308,उ0 म0 वि0 पारसनाथ,पारसनाथ,Pirtand Block,Parasnath Hill,352854,Madhuban,112981,0.97,matched,,"BLO list, AC 32-Giridih, parts 276-385 (scanned PDF, 5 pages, transcribed to extracted_blo_data.xlsx); BLO names and phone numbers not kept"
32,309,उ0 म0 वि0 पीपराडीह,पीपराडीह,Pirtand Block,Pipradih,352945,Harladih,112976,1.0,unmatched,name shared by 2 villages,"BLO list, AC 32-Giridih, parts 276-385 (scanned PDF, 5 pages, transcribed to extracted_blo_data.xlsx); BLO names and phone numbers not kept"
32,310,उ0 म0 वि0 बिरनगडा पूर्वी भाग,बिरनगडा,Pirtand Block,Birangadda,352857,Madhuban,112981,1.0,matched,,"BLO list, AC 32-Giridih, parts 276-385 (scanned PDF, 5 pages, transcribed to extracted_blo_data.xlsx); BLO names and phone numbers not kept"
32,311,उ0 म0 वि0 बिरनगडा प0 भाग,बिरनगडा,Pirtand Block,Birangadda,352857,Madhuban,112981,1.0,matched,,"BLO list, AC 32-Giridih, parts 276-385 (scanned PDF, 5 pages, transcribed to extracted_blo_data.xlsx); BLO names and phone numbers not kept"
32,312,उ0 प्रा0 वि0 सिंघपुर,सिंघपुर,Pirtand Block,Singhpur,352852,Madhuban,112981,1.0,matched,,"BLO list, AC 32-Giridih, parts 276-385 (scanned PDF, 5 pages, transcribed to extracted_blo_data.xlsx); BLO names and phone numbers not kept"
32,313,"पंचायत भवन मधुबन, पूर्वी भाग",मधुबन,Pirtand Block,Madhuban,352856,Madhuban,112981,1.0,matched,,"BLO list, AC 32-Giridih, parts 276-385 (scanned PDF, 5 pages, transcribed to extracted_blo_data.xlsx); BLO names and phone numbers not kept"
32,314,"पंचायत भवन मधुबन, प0 भाग",मधुबन,Pirtand Block,Madhuban,352856,Madhuban,112981,1.0,matched,,"BLO list, AC 32-Giridih, parts 276-385 (scanned PDF, 5 pages, transcribed to extracted_blo_data.xlsx); BLO names and phone numbers not kept"
32,315,उ0 म0 वि0 मधुबन,मधुबन,Pirtand Block,Madhuban,352856,Madhuban,112981,1.0,matched,,"BLO list, AC 32-Giridih, parts 276-385 (scanned PDF, 5 pages, transcribed to extracted_blo_data.xlsx); BLO names and phone numbers not kept"
32,316,उ0 म0 वि0 बारासिंघा,बारासिंघा,Pirtand Block,Barasingha,352862,Bandh,112971,1.0,matched,,"BLO list, AC 32-Giridih, parts 276-385 (scanned PDF, 5 pages, transcribed to extracted_blo_data.xlsx); BLO names and phone numbers not kept"
32,317,उ0 म0 वि0 बाँध,बाँध,Pirtand Block,Bandh,352832,Bandh,112971,1.0,matched,,"BLO list, AC 32-Giridih, parts 276-385 (scanned PDF, 5 pages, transcribed to extracted_blo_data.xlsx); BLO names and phone numbers not kept"
32,318,उ0 उ0 वि0 पाण्डेयडीह,पाण्डेयडीह,Pirtand Block,Pandeydih,352889,Kumharlalo,112980,1.0,matched,,"BLO list, AC 32-Giridih, parts 276-385 (scanned PDF, 5 pages, transcribed to extracted_blo_data.xlsx); BLO names and phone numbers not kept"
32,319,उ0 उ0 वि0 पाण्डेयडीह पूर्वी भाग,पाण्डेयडीह,Pirtand Block,Pandeydih,352889,Kumharlalo,112980,1.0,matched,,"BLO list, AC 32-Giridih, parts 276-385 (scanned PDF, 5 pages, transcribed to extracted_blo_data.xlsx); BLO names and phone numbers not kept"
32,320,"उ0 उ0 वि0 पोखरना, पूर्वी भाग",पोखरना,Pirtand Block,Pokharna,352905,Kharpoka,112977,1.0,matched,,"BLO list, AC 32-Giridih, parts 276-385 (scanned PDF, 5 pages, transcribed to extracted_blo_data.xlsx); BLO names and phone numbers not kept"
32,321,"उ0 उ0 वि0 पोखरना, प0 भाग",पोखरना,Pirtand Block,Pokharna,352905,Kharpoka,112977,1.0,matched,,"BLO list, AC 32-Giridih, parts 276-385 (scanned PDF, 5 pages, transcribed to extracted_blo_data.xlsx); BLO names and phone numbers not kept"
32,322,म0 वि0 खरपोका प0 भाग उर्दू,खरपोका,Pirtand Block,Kharpoka,352901,Kharpoka,112977,1.0,matched,,"BLO list, AC 32-Giridih, parts 276-385 (scanned PDF, 5 pages, transcribed to extracted_blo_data.xlsx); BLO names and phone numbers not kept"
32,323,म0 वि0 खरपोका उ0 भाग उर्दू,खरपोका,Pirtand Block,Kharpoka,352901,Kharpoka,112977,1.0,matched,,"BLO list, AC 32-Giridih, parts 276-385 (scanned PDF, 5 pages, transcribed to extracted_blo_data.xlsx); BLO names and phone numbers not kept"
32,324,म0 वि0 खरपोका प0 भाग उर्दू,खरपोका,Pirtand Block,Kharpoka,352901,Kharpoka,112977,1.0,matched,,"BLO list, AC 32-Giridih, parts 276-385 (scanned PDF, 5 pages, transcribed to extracted_blo_data.xlsx); BLO names and phone numbers not kept"
32,325,उ0 म0 वि0 दुनियाडीह,दुनियाडीह,Pirtand Block,Dhanaidih,352913,Khukhara,112978,0.94,unmatched,not close enough,"BLO list, AC 32-Giridih, parts 276-385 (scanned PDF, 5 pages, transcribed to extracted_blo_data.xlsx); BLO names and phone numbers not kept"
32,326,उ0 म0 वि0 खरमाबांद,खरमाबांद,Pirtand Block,Kamharbad,352813,Kumharlalo,112980,0.91,unmatched,not close enough,"BLO list, AC 32-Giridih, parts 276-385 (scanned PDF, 5 pages, transcribed to extracted_blo_data.xlsx); BLO names and phone numbers not kept"
32,327,उ0म0वि0 कोड़ाडीह,कोड़ाडीह,Pirtand Block,Koradih,352807,Kharpoka,112977,1.0,matched,,"BLO list, AC 32-Giridih, parts 276-385 (scanned PDF, 5 pages, transcribed to extracted_blo_data.xlsx); BLO names and phone numbers not kept"
32,328,उ0 म0 वि0 दोन्दोसिमर,दोन्दोसिमर,Pirtand Block,Dando Semar,352814,Kharpoka,112977,1.0,unmatched,not close enough,"BLO list, AC 32-Giridih, parts 276-385 (scanned PDF, 5 pages, transcribed to extracted_blo_data.xlsx); BLO names and phone numbers not kept"
32,329,उ0 म0 वि0 बरियारपुर,बरियारपुर,Pirtand Block,Bariarpur,352821,Khukhara,112978,1.0,unmatched,name shared by 2 villages,"BLO list, AC 32-Giridih, parts 276-385 (scanned PDF, 5 pages, transcribed to extracted_blo_data.xlsx); BLO names and phone numbers not kept"
32,330,उ0 म0 वि0 बरियारपुर पूर्वी भाग,बरियारपुर,Pirtand Block,Bariarpur,352821,Khukhara,112978,1.0,unmatched,name shared by 2 villages,"BLO list, AC 32-Giridih, parts 276-385 (scanned PDF, 5 pages, transcribed to extracted_blo_data.xlsx); BLO names and phone numbers not kept"
32,331,उ0 म0 वि0 चेंयकाडीह,चेंयकाडीह,Pirtand Block,Chengdhari,352846,Bharati Chalkari,112972,0.89,unmatched,not close enough,"BLO list, AC 32-Giridih, parts 276-385 (scanned PDF, 5 pages, transcribed to extracted_blo_data.xlsx); BLO names and phone numbers not kept"
32,332,म0 वि0 खुखरा उ0 भाग,खुखरा,Pirtand Block,Khukhra,352899,Khukhara,112978,1.0,matched,,"BLO list, AC 32-Giridih, parts 276-385 (scanned PDF, 5 pages, transcribed to extracted_blo_data.xlsx); BLO names and phone numbers not kept"
32,333,म0 वि0 खुखरा द0 भाग,खुखरा,Pirtand Block,Khukhra,352899,Khukhara,112978,1.0,matched,,"BLO list, AC 32-Giridih, parts 276-385 (scanned PDF, 5 pages, transcribed to extracted_blo_data.xlsx); BLO names and phone numbers not kept"
32,334,उ0 प्रा0 वि0 करमाडांड़,करमाडांड़,Pirtand Block,Karmatanr,352773,Chilga,112974,0.92,unmatched,name shared by 5 villages,"BLO list, AC 32-Giridih, parts 276-385 (scanned PDF, 5 pages, transcribed to extracted_blo_data.xlsx); BLO names and phone numbers not kept"
32,335,उ0 म0 वि0 पड़रियाटांड़ प0 भाग,पड़रियाटांड़,Pirtand Block,Pirtanr,352838,Chirki,112975,1.0,unmatched,not close enough,"BLO list, AC 32-Giridih, parts 276-385 (scanned PDF, 5 pages, transcribed to extracted_blo_data.xlsx); BLO names and phone numbers not kept"
32,336,उ0 म0 वि0 पड़रियाटांड़ प0 भाग,पड़रियाटांड़,Pirtand Block,Pirtanr,352838,Chirki,112975,1.0,unmatched,not close enough,"BLO list, AC 32-Giridih, parts 276-385 (scanned PDF, 5 pages, transcribed to extracted_blo_data.xlsx); BLO names and phone numbers not kept"
32,337,उ0 म0 वि0 पड़रियाटांड़ उ0 भाग,पड़रियाटांड़,Pirtand Block,Pirtanr,352838,Chirki,112975,1.0,unmatched,not close enough,"BLO list, AC 32-Giridih, parts 276-385 (scanned PDF, 5 pages, transcribed to extracted_blo_data.xlsx); BLO names and phone numbers not kept"
32,338,उ0 म0 वि0 दर्दमारा,दर्दमारा,Pirtand Block,Dardmara,352798,Simarkothi,112985,1.0,matched,,"BLO list, AC 32-Giridih, parts 276-385 (scanned PDF, 5 pages, transcribed to extracted_blo_data.xlsx); BLO names and phone numbers not kept"
32,339,उ0 म0 वि0 दर्दमारा पूर्वी भाग,दर्दमारा,Pirtand Block,Dardmara,352798,Simarkothi,112985,1.0,matched,,"BLO list, AC 32-Giridih, parts 276-385 (scanned PDF, 5 pages, transcribed to extracted_blo_data.xlsx); BLO names and phone numbers not kept"
32,340,उ0 म0 वि0 महेशलेट्टी,महेशलेट्टी,Pirtand Block,Mahesliti,352804,Simarkothi,112985,1.0,matched,,"BLO list, AC 32-Giridih, parts 276-385 (scanned PDF, 5 pages, transcribed to extracted_blo_data.xlsx); BLO names and phone numbers not kept"
32,341,उ0 प्रा0 वि0 जमदाहा,जमदाहा,Pirtand Block,Jamdaha,352805,Simarkothi,112985,1.0,matched,,"BLO list, AC 32-Giridih, parts 276-385 (scanned PDF, 5 pages, transcribed to extracted_blo_data.xlsx); BLO names and phone numbers not kept"
32,342,म0 वि0 हरलाडीह,हरलाडीह,Pirtand Block,Harladih,352850,Chirki,112975,1.0,unmatched,too close to Hariladih,"BLO list, AC 32-Giridih, parts 276-385 (scanned PDF, 5 pages, transcribed to extracted_blo_data.xlsx); BLO names and phone numbers not kept"
32,343,उ0 म0 वि0 शहरपुरा,शहरपुरा,Pirtand Block,Hirapur,352910,Khukhara,112978,0.93,unmatched,not close enough,"BLO list, AC 32-Giridih, parts 276-385 (scanned PDF, 5 pages, transcribed to extracted_blo_data.xlsx); BLO names and phone numbers not kept"
32,344,आंगनबाड़ी केन्द्र भावानन्द,भावानन्द,Pirtand Block,Bhawanand,352947,Harladih,112976,1.0,matched,,"BLO list, AC 32-Giridih, parts 276-385 (scanned PDF, 5 pages, transcribed to extracted_blo_data.xlsx); BLO names and phone numbers not kept"
32,345,उ0 म0 वि0 अरखेका,अरखेका,Pirtand Block,Kurko,352935,Kudko,112979,0.81,unmatched,not close enough,"BLO list, AC 32-Giridih, parts 276-385 (scanned PDF, 5 pages, transcribed to extracted_blo_data.xlsx); BLO names and phone numbers not kept"
32,346,"उ0 प्रा0 वि0 पीपराडीह, कोल्हरिया",पीपराडीह,Pirtand Block,Pipradih,352945,Harladih,112976,1.0,unmatched,name shared by 2 villages,"BLO list, AC 32-Giridih, parts 276-385 (scanned PDF, 5 pages, transcribed to extracted_blo_data.xlsx); BLO names and phone numbers not kept"
32,347,उ0 म0 वि0 पलमा,पलमा,Pirtand Block,Palma,352949,Harladih,112976,1.0,matched,,"BLO list, AC 32-Giridih, parts 276-385 (scanned PDF, 5 pages, transcribed to extracted_blo_data.xlsx); BLO names and phone numbers not kept"
32,348,उ0 म0 वि0 मसनोटांड़,मसनोटांड़,Pirtand Block,Masnutanr,352816,Chilga,112974,1.0,matched,,"BLO list, AC 32-Giridih, parts 276-385 (scanned PDF, 5 pages, transcribed to extracted_blo_data.xlsx); BLO names and phone numbers not kept"
32,349,उ0 उ0 वि0 पचण्डांड़,पचण्डांड़,Pirtand Block,Pandnatanr,352817,Bandh,112971,0.83,unmatched,name shared by 2 villages,"BLO list, AC 32-Giridih, parts 276-385 (scanned PDF, 5 pages, transcribed to extracted_blo_data.xlsx); BLO names and phone numbers not kept"
32,350,उ0 म0 वि0 पिलगा,पिलगा,Pirtand Block,Palganj,352774,Palganj,112984,0.91,unmatched,not close enough,"BLO list, AC 32-Giridih, parts 276-385 (scanned PDF, 5 pages, transcribed to extracted_blo_data.xlsx); BLO names and phone numbers not kept"
32,351,उ0 म0 वि0 करन्दे,करन्दे,Pirtand Block,Karando,352828,Chilga,112974,1.0,matched,,"BLO list, AC 32-Giridih, parts 276-385 (scanned PDF, 5 pages, transcribed to extracted_blo_data.xlsx); BLO names and phone numbers not kept"
32,352,उ0 म0 वि0 मंजीरा,मंजीरा,Pirtand Block,Majira,352827,Chilga,112974,0.92,unmatched,not close enough,"BLO list, AC 32-Giridih, parts 276-385 (scanned PDF, 5 pages, transcribed to extracted_blo_data.xlsx); BLO names and phone numbers not kept"
32,353,"उ0 म0 वि0 बरदेही, लक्षणपुर",बरदेही,Pirtand Block,Baradih,352902,Kharpoka,112977,1.0,unmatched,too close to Bardahi,"BLO list, AC 32-Giridih, parts 276-385 (scanned PDF, 5 pages, transcribed to extracted_blo_data.xlsx); BLO names and phone numbers not kept"
32,354,उ0 उ0 वि0 विशनपुर,विशनपुर,Pirtand Block,Bishunpur,352793,Bishunpur,112973,0.87,unmatched,not close enough,"BLO list, AC 32-Giridih, parts 276-385 (scanned PDF, 5 pages, transcribed to extracted_blo_data.xlsx); BLO names and phone numbers not kept"
32,355,उ0 म0 वि0 भलुआपांकी,भलुआपांकी,Pirtand Block,Bholatanr,352868,Bandh,112971,0.84,unmatched,not close enough,"BLO list, AC 32-Giridih, parts 276-385 (scanned PDF, 5 pages, transcribed to extracted_blo_data.xlsx); BLO names and phone numbers not kept"
32,356,उ0 प्रा0 वि0 मधुडांडी,मधुडांडी,Pirtand Block,Madnadih,352948,Harladih,112976,0.9,unmatched,not close enough,"BLO list, AC 32-Giridih, parts 276-385 (scanned PDF, 5 pages, transcribed to extracted_blo_data.xlsx); BLO names and phone numbers not kept"
32,357,प्रा0 वि0 घाघाडीह,घाघाडीह,Pirtand Block,Ghatadih,352811,Bishunpur,112973,0.79,unmatched,not close enough,"BLO list, AC 32-Giridih, parts 276-385 (scanned PDF, 5 pages, transcribed to extracted_blo_data.xlsx); BLO names and phone numbers not kept"
32,358,उ0 म0 वि0 खेताबाड,खेताबाड,Pirtand Block,Khetadabar,352795,Bishunpur,112973,0.91,unmatched,not close enough,"BLO list, AC 32-Giridih, parts 276-385 (scanned PDF, 5 pages, transcribed to extracted_blo_data.xlsx); BLO names and phone numbers not kept"
32,359,उ0 म0 वि0 अंगैया पूर्वी भाग,अंगैया,Pirtand Block,Angaia,352796,Bishunpur,112973,1.0,matched,,"BLO list, AC 32-Giridih, parts 276-385 (scanned PDF, 5 pages, transcribed to extracted_blo_data.xlsx); BLO names and phone numbers not kept"
32,360,उ0 म0 वि0 अंगैया प0 भाग,अंगैया,Pirtand Block,Angaia,352796,Bishunpur,112973,1.0,matched,,"BLO list, AC 32-Giridih, parts 276-385 (scanned PDF, 5 pages, transcribed to extracted_blo_data.xlsx); BLO names and phone numbers not kept"
32,361,उ0 प्रा0 वि0 कोल्हरिया मंडयो,कोल्हरिया,Pirtand Block,Kolhatanr,352877,Tuiyo,112986,0.92,unmatched,not close enough,"BLO list, AC 32-Giridih, parts 276-385 (scanned PDF, 5 pages, transcribed to extracted_blo_data.xlsx); BLO names and phone numbers not kept"
32,362,उ0 म0 वि0 खवासटांड़,खवासटांड़,Pirtand Block,Khairatanr,352886,Tuiyo,112986,0.88,unmatched,not close enough,"BLO list, AC 32-Giridih, parts 276-385 (scanned PDF, 5 pages, transcribed to extracted_blo_data.xlsx); BLO names and phone numbers not kept"
32,363,उ0 म0 वि0 मोनाटांड़,मोनाटांड़,Pirtand Block,Masnutanr,352816,Chilga,112974,0.95,unmatched,not close enough,"BLO list, AC 32-Giridih, parts 276-385 (scanned PDF, 5 pages, transcribed to extracted_blo_data.xlsx); BLO names and phone numbers not kept"
32,364,प्रा0 वि0 बरवाडीह,बरवाडीह,Pirtand Block,Barwadih,352906,Mandaro,112982,1.0,unmatched,name shared by 2 villages,"BLO list, AC 32-Giridih, parts 276-385 (scanned PDF, 5 pages, transcribed to extracted_blo_data.xlsx); BLO names and phone numbers not kept"
32,365,उ0 म0 वि0 कुडको प0 भाग,कुडको,Pirtand Block,Kurko,352935,Kudko,112979,0.8,unmatched,not close enough,"BLO list, AC 32-Giridih, parts 276-385 (scanned PDF, 5 pages, transcribed to extracted_blo_data.xlsx); BLO names and phone numbers not kept"
32,366,उ0 म0 वि0 कुडको प0 भाग,कुडको,Pirtand Block,Kurko,352935,Kudko,112979,0.8,unmatched,not close enough,"BLO list, AC 32-Giridih, parts 276-385 (scanned PDF, 5 pages, transcribed to extracted_blo_data.xlsx); BLO names and phone numbers not kept"
32,367,उ0 म0 वि0 कुडको म0 भाग,कुडको,Pirtand Block,Kurko,352935,Kudko,112979,0.8,unmatched,not close enough,"BLO list, AC 32-Giridih, parts 276-385 (scanned PDF, 5 pages, transcribed to extracted_blo_data.xlsx); BLO names and phone numbers not kept"
32,368,उ0 म0 वि0 मंझलाडीह (हरदिया),मंझलाडीह,Pirtand Block,Majhladih,352840,Chirki,112975,0.96,unmatched,name shared by 3 villages,"BLO list, AC 32-Giridih, parts 276-385 (scanned PDF, 5 pages, transcribed to extracted_blo_data.xlsx); BLO names and phone numbers not kept"
32,369,उ0 म0 वि0 बदरे,बदरे,Pirtand Block,Badro,352952,Kudko,112979,1.0,matched,,"BLO list, AC 32-Giridih, parts 276-385 (scanned PDF, 5 pages, transcribed to extracted_blo_data.xlsx); BLO names and phone numbers not kept"
32,370,उ0 म0 वि0 बदरे पूर्वी भाग,बदरे,Pirtand Block,Badro,352952,Kudko,112979,1.0,matched,,"BLO list, AC 32-Giridih, parts 276-385 (scanned PDF, 5 pages, transcribed to extracted_blo_data.xlsx); BLO names and phone numbers not kept"
32,371,उ0 म0 वि0 पहाड़पुर,पहाड़पुर,Pirtand Block,Paharpur,352954,Kudko,112979,1.0,matched,,"BLO list, AC 32-Giridih, parts 276-385 (scanned PDF, 5 pages, transcribed to extracted_blo_data.xlsx); BLO names and phone numbers not kept"
32,372,उ0 उ0 वि0 जयरसाहा,जयरसाहा,Pirtand Block,Jharha,352763,Kumharlalo,112980,0.85,unmatched,not close enough,"BLO list, AC 32-Giridih, parts 276-385 (scanned PDF, 5 pages, transcribed to extracted_blo_data.xlsx); BLO names and phone numbers not kept"
32,373,उ0 उ0 वि0 सोबरनपुर प0 भाग,सोबरनपुर,Pirtand Block,Sobranpur,352916,Badgawan,112970,1.0,matched,,"BLO list, AC 32-Giridih, parts 276-385 (scanned PDF, 5 pages, transcribed to extracted_blo_data.xlsx); BLO names and phone numbers not kept"
32,374,उ0 उ0 वि0 सोबरनपुर प0 भाग,सोबरनपुर,Pirtand Block,Sobranpur,352916,Badgawan,112970,1.0,matched,,"BLO list, AC 32-Giridih, parts 276-385 (scanned PDF, 5 pages, transcribed to extracted_blo_data.xlsx); BLO names and phone numbers not kept"
32,375,उ0 प्रा0 वि0 राजपुरा,राजपुरा,Pirtand Block,Rajpura,352933,Badgawan,112970,1.0,matched,,"BLO list, AC 32-Giridih, parts 276-385 (scanned PDF, 5 pages, transcribed to extracted_blo_data.xlsx); BLO names and phone numbers not kept"
32,376,उ0 म0 वि0 बरहनाडीह,बरहनाडीह,Pirtand Block,Gobrandha,352904,Kharpoka,112977,0.89,unmatched,not close enough,"BLO list, AC 32-Giridih, parts 276-385 (scanned PDF, 5 pages, transcribed to extracted_blo_data.xlsx); BLO names and phone numbers not kept"
32,377,उ0 उ0 वि0 बदगावां पूर्वी भाग,बदगावां,Pirtand Block,Badgaon,352925,Badgawan,112970,0.95,matched,,"BLO list, AC 32-Giridih, parts 276-385 (scanned PDF, 5 pages, transcribed to extracted_blo_data.xlsx); BLO names and phone numbers not kept"
32,378,उ0 म0 वि0 वनसिमरी गम्हरा,वनसिमरी,Pirtand Block,Bansimri,352953,Kudko,112979,0.87,unmatched,not close enough,"BLO list, AC 32-Giridih, parts 276-385 (scanned PDF, 5 pages, transcribed to extracted_blo_data.xlsx); BLO names and phone numbers not kept"
32,379,उ0 म0 वि0 नोकौनिया प0 भाग,नोकौनिया,Pirtand Block,Noukonia,352880,Tuiyo,112986,1.0,matched,,"BLO list, AC 32-Giridih, parts 276-385 (scanned PDF, 5 pages, transcribed to extracted_blo_data.xlsx); BLO names and phone numbers not kept"
32,380,उ0 म0 वि0 नोकौनिया पं0 भाग,नोकौनिया,Pirtand Block,Noukonia,352880,Tuiyo,112986,1.0,matched,,"BLO list, AC 32-Giridih, parts 276-385 (scanned PDF, 5 pages, transcribed to extracted_blo_data.xlsx); BLO names and phone numbers not kept"
32,381,उ0 म0 वि0 चतरो,चतरो,Pirtand Block,Chatro,352874,Tuiyo,112986,1.0,matched,,"BLO list, AC 32-Giridih, parts 276-385 (scanned PDF, 5 pages, transcribed to extracted_blo_data.xlsx); BLO names and phone numbers not kept"
32,382,उ0 म0 वि0 तुईयो,तुईयो,Pirtand Block,Tuio,352882,Tuiyo,112986,1.0,matched,,"BLO list, AC 32-Giridih, parts 276-385 (scanned PDF, 5 pages, transcribed to extracted_blo_data.xlsx); BLO names and phone numbers not kept"
32,383,उ0 म0 वि0 तुईयो पूर्वी भाग,तुईयो,Pirtand Block,Tuio,352882,Tuiyo,112986,1.0,matched,,"BLO list, AC 32-Giridih, parts 276-385 (scanned PDF, 5 pages, transcribed to extracted_blo_data.xlsx); BLO names and phone numbers not kept"
32,384,उ0 प्रा0 वि0 मंझलीडीह,मंझलीडीह,Pirtand Block,Majhladih,352840,Chirki,112975,0.96,unmatched,name shared by 3 villages,"BLO list, AC 32-Giridih, parts 276-385 (scanned PDF, 5 pages, transcribed to extracted_blo_data.xlsx); BLO names and phone numbers not kept"
32,385,उ0 म0 वि0 सोहडैया,सोहडैया,Pirtand Block,Sohraia,352924,Tuiyo,112986,0.82,unmatched,not close enough,"BLO list, AC 32-Giridih, parts 276-385 (scanned PDF, 5 pages, transcribed to extracted_blo_data.xlsx); BLO names and phone numbers not kept"
