column,candidate,party_abbr,source
1,CHANDRA PRAKASH CHOUDHARY,AJSU,"Form 20 LS-2019 06-Giridih PC (ceojh.jharkhand.gov.in/Lokshabha19/Form20_GELS19/06-Giridih.pdf); name and party from IndiaVotes/ECI, column fixed by its AC-32 total 95,248"
2,JAGARNATH MAHTO,JMM,"same; AC-32 total 65,293"
3,RASUL BAKSH,BSP,"same; AC-32 total 2,457"
4,AMIT JANI,UPNS,"same; AC-32 total 349"
5,AHMAD ANSARI,BLRP,"same; AC-32 total 199"
6,CHANDRA DEO PRASAD,AHNP,"same; AC-32 total 286"
7,JOGESHWAR THAKUR,VSP,"same; AC-32 total 214"
8,DWARAKA PRASAD LALA,RPI(A),"same; AC-32 total 337"
9,MADHU SUDAN,JKPS,"same; AC-32 total 196"
10,SHIBU SINGH,BMFDP,"same; AC-32 total 187"
11,SOHRAB SHAH,BMUP,"same; AC-32 total 228"
12,RAJENDRA DASAUNDHI,IND,"same; AC-32 total 256"
13,SANJEEV KUMAR MAHATO,IND,"same; AC-32 total 354"
14,SIMMI SUMAN,IND,"same; AC-32 total 702"
15,SUNITA TUDU,IND,"same; AC-32 total 1,546"
