unit,unit_type,population,households,sc,st,literates,sex_ratio,pop_0_6,workers,hindu,muslim,christian,other_religion,source_url
Giridih district,district,2445474,396521,325493,238188,1253475,944,460251,1036277,1856202,508586,14645,59218,https://censusindia.gov.in/nada/index.php/catalog/6540 (DDW_PCA2004_2011_MDDS with UI.xlsx); religion: https://censusindia.gov.in/nada/index.php/catalog/11341 (RL-2000.xlsx)
Giridih CD block (excl. Giridih NP; incl. 7 CTs),cd_block,258037,43686,49252,31267,131865,935,49452,83130,195452,57728,1624,2902,https://censusindia.gov.in/nada/index.php/catalog/41027 (PCA_CDB-2004-F-Census.xlsx); religion: https://censusindia.gov.in/nada/index.php/catalog/11341 (RL-2000.xlsx) DERIVED = Sub-District Giridih minus Giridih (Nagar Parishad)
Giridih sub-district (block + NP),sub_district,372570,63426,58762,32547,215515,927,65235,115176,272940,92444,2590,2987,DERIVED = CD block (catalog/41027) + Giridih NP (catalog/6540); religion: https://censusindia.gov.in/nada/index.php/catalog/11341 (RL-2000.xlsx)
Pirtand CD block,cd_block,109515,20244,10181,49145,46205,959,21668,52720,87672,9123,1539,10332,https://censusindia.gov.in/nada/index.php/catalog/41027 (PCA_CDB-2004-F-Census.xlsx); religion: https://censusindia.gov.in/nada/index.php/catalog/11341 (RL-2000.xlsx)
Gandey CD block,cd_block,175087,27993,14020,41591,77685,937,37094,70742,97463,56764,1766,18572,https://censusindia.gov.in/nada/index.php/catalog/41027 (PCA_CDB-2004-F-Census.xlsx); religion: https://censusindia.gov.in/nada/index.php/catalog/11341 (RL-2000.xlsx)
Bengabad CD block,cd_block,153198,25644,22107,27028,73041,939,30080,83338,109277,28212,2003,13449,https://censusindia.gov.in/nada/index.php/catalog/41027 (PCA_CDB-2004-F-Census.xlsx); religion: https://censusindia.gov.in/nada/index.php/catalog/11341 (RL-2000.xlsx)
Dumri CD block,cd_block,226006,38335,23045,23547,118024,942,40281,94593,168562,51661,759,4181,https://censusindia.gov.in/nada/index.php/catalog/41027 (PCA_CDB-2004-F-Census.xlsx); religion: https://censusindia.gov.in/nada/index.php/catalog/11341 (RL-2000.xlsx)
Giridih (Nagar Parishad) 2011 = today's Giridih Municipal Corporation core,statutory_town,114533,19740,9510,1280,83650,910,15783,32046,77488,34716,966,85,https://censusindia.gov.in/nada/index.php/catalog/6540 (DDW_PCA2004_2011_MDDS with UI.xlsx); religion: https://censusindia.gov.in/nada/index.php/catalog/11341 (RL-2000.xlsx)
AC-32 PROXY = Giridih CD block + Pirtand CD block + Giridih NP (2011); actual AC-32 boundary unverified (some Giridih-block GPs may be in Gandey AC),derived_ac_proxy,482085,83670,68943,81692,261720,934,86903,167896,360612,101567,4129,13319,"DERIVED: sum of the three rows above (catalog/41027, catalog/6540, catalog/11341)"
