area_name,census_year,population,sc,st,literate,main_workers,households
Akdoni Kala,2011,5758,1622,183,3422,,1042
Badgawan,2011,7198,184,2035,3358,,1340
Bajto,2011,5915,734,436,3215,,993
Bandh,2011,5790,339,3826,2236,,1020
Barahmoriya,2011,6357,824,1486,3046,,1089
Bharati Chalkari,2011,6661,289,4172,2359,,1155
Bishunpur,2011,6805,1577,2103,2812,,1144
Chilga,2011,6096,428,3534,2398,,1118
Chirki,2011,8668,599,3714,4574,,1553
Chunjaka,2011,8812,2998,458,4219,,1502
Gadi Srirampur,2011,7654,865,1026,3637,,1325
Harladih,2011,5077,131,3907,1779,,964
Jaspur,2011,5447,1034,2166,2215,,1007
Jitpur,2011,7925,960,2629,3698,,1481
Kharpoka,2011,8622,432,2846,3333,,1753
Khukhara,2011,4302,341,856,2048,,844
Kudko,2011,7727,325,4358,2970,,1438
Kumharlalo,2011,6759,1419,2277,3191,,1245
Madhuban,2011,8422,1839,2829,3908,,1693
Mandaro,2011,3958,87,2239,1683,,757
Mangarodih,2011,6236,780,817,3448,,1036
Matrukha,2011,7972,1109,948,3710,,1480
Mohanpur,2011,6779,469,659,3644,,1123
Nawadih,2011,5352,526,2420,2239,,930
Palganj,2011,5627,1227,585,2770,,1030
Parsatand,2011,5948,697,49,3251,,971
Patrodih,2011,2119,1387,7,930,,373
Phulchi,2011,4826,584,2644,1860,,856
Purnanagar,2011,7433,1027,1351,3799,,1181
Senadoni,2011,7490,672,799,3814,,1202
Sikdardih,2011,5733,1932,108,3055,,980
Simarkothi,2011,6828,234,3913,2310,,1197
Tuiyo,2011,6304,354,3512,2636,,1182
Udanabad,2011,8373,1432,877,5028,,1338
