village_code_2011,name,block,level,population,households,sc,st,literates,pop_0_6,workers,sex_ratio
352016,Phuljori,Giridih,VILLAGE,1482,250,95,817,600,347,721,955
352017,Bergi,Giridih,VILLAGE,543,100,26,0,307,108,196,989
352018,Pandedih,Giridih,VILLAGE,2246,415,860,107,1319,411,759,889
352019,Sihodih,Giridih,VILLAGE,6725,1172,1234,65,4338,1110,2018,926
352020,Sankarchak,Giridih,VILLAGE,313,48,176,58,151,55,110,656
352021,Bhal Sumia,Giridih,VILLAGE,62,15,0,60,21,13,32,771
352022,Bakoia,Giridih,VILLAGE,562,85,0,0,312,102,282,1036
352023,Chhitgarbhudhab,Giridih,VILLAGE,0,0,0,0,0,0,0,
352024,Barotanr,Giridih,VILLAGE,134,19,134,0,60,28,71,971
352025,Dumargurha,Giridih,VILLAGE,458,68,18,0,218,111,229,924
352026,Hariharpur,Giridih,VILLAGE,174,35,139,0,73,32,83,891
352027,Sugasar,Giridih,VILLAGE,1516,224,267,0,863,306,950,941
352028,Maghaia Tola,Giridih,VILLAGE,580,89,0,0,355,110,284,877
352029,Kajro,Giridih,VILLAGE,349,44,82,0,184,59,111,886
352030,Pariana,Giridih,VILLAGE,588,94,74,43,289,128,278,967
352031,Partappur,Giridih,VILLAGE,448,70,0,0,193,99,127,859
352032,Ranidih,Giridih,VILLAGE,911,144,286,0,562,182,542,890
352033,Khawa,Giridih,VILLAGE,2822,407,423,92,1270,533,1138,886
352034,Maniamari,Giridih,VILLAGE,594,85,194,0,324,98,153,1007
352035,Jagmani Raidih,Giridih,VILLAGE,819,137,0,0,427,194,201,978
352036,Dilibad,Giridih,VILLAGE,0,0,0,0,0,0,0,
352037,Nawadih,Giridih,VILLAGE,735,101,0,115,338,134,189,914
352038,Sundartanr,Giridih,VILLAGE,564,93,148,49,268,126,184,1000
352039,Giridharchak,Giridih,VILLAGE,542,92,0,0,273,143,147,922
352040,Rajpura,Giridih,VILLAGE,127,19,0,27,66,28,40,896
352041,Pindatanr,Giridih,VILLAGE,1563,222,0,0,795,328,1141,989
352042,Parsatanr,Giridih,VILLAGE,1678,274,66,0,1001,338,695,883
352043,Tahiodih,Giridih,VILLAGE,0,0,0,0,0,0,0,
352044,Sikdardih,Giridih,VILLAGE,1324,206,149,0,652,299,347,961
352045,Tewaridih,Giridih,VILLAGE,820,137,446,0,503,160,252,981
352046,Handhadih,Giridih,VILLAGE,1071,196,243,0,570,196,284,863
352047,Mandardih,Giridih,VILLAGE,74,12,74,0,46,17,24,1056
352048,Maniklalo,Giridih,VILLAGE,524,91,516,5,331,90,143,912
352049,Chandandih,Giridih,VILLAGE,1089,165,0,28,613,203,391,980
352050,Andudih,Giridih,VILLAGE,65,13,18,1,47,7,18,806
352051,Masibiri,Giridih,VILLAGE,988,175,367,1,390,186,263,885
352052,Harichak,Giridih,VILLAGE,720,123,271,0,353,134,317,910
352053,Boro,Giridih,VILLAGE,3456,571,130,112,1647,656,1009,918
352054,Mohanpur,Giridih,VILLAGE,1569,255,0,0,922,291,447,974
352055,Bhandaridih,Giridih,VILLAGE,4024,667,1133,8,2320,783,1008,977
352056,Mohulichuan,Giridih,VILLAGE,116,21,91,0,45,27,43,841
352057,Pasrabahiar,Giridih,VILLAGE,2939,494,993,8,1467,549,783,925
352058,Chaitadih,Giridih,VILLAGE,2149,400,422,1,1153,448,617,943
352059,Jarbad,Giridih,VILLAGE,974,187,498,2,443,206,295,906
352060,Kamarsali,Giridih,VILLAGE,933,153,208,0,438,185,289,892
352061,Lakhari,Giridih,VILLAGE,413,71,377,0,95,103,217,844
352062,Dandiadih,Giridih,VILLAGE,415,65,26,16,299,62,115,1085
352063,Bishunpur,Giridih,VILLAGE,1355,215,56,0,774,240,350,930
352064,Jaridih Pachamba,Giridih,VILLAGE,711,116,216,20,298,129,185,953
352065,Salaia,Giridih,VILLAGE,62,12,0,0,29,15,16,1138
352066,Kalyandih,Giridih,VILLAGE,1156,201,280,0,593,220,371,886
352067,Pandedih,Giridih,VILLAGE,409,74,138,4,209,61,75,851
352068,Lohpiti,Giridih,VILLAGE,965,172,204,0,555,171,258,874
352069,Jitpur,Giridih,VILLAGE,1172,228,0,618,471,221,566,950
352070,Karmatanr,Giridih,VILLAGE,418,93,0,180,161,96,223,990
352071,Jobhi,Giridih,VILLAGE,179,40,0,0,106,31,43,925
352072,Gararma,Giridih,VILLAGE,509,106,0,77,198,117,234,996
352073,Jelaiatanr,Giridih,VILLAGE,102,23,0,85,42,12,29,889
352074,Dangra,Giridih,VILLAGE,179,37,0,0,73,22,58,845
352075,Undro,Giridih,VILLAGE,679,106,0,0,418,128,322,962
352076,Sonbahiar,Giridih,VILLAGE,24,5,0,0,8,11,6,1182
352077,Utimtanr,Giridih,VILLAGE,469,90,0,0,208,102,201,971
352078,Guro,Giridih,VILLAGE,617,104,42,0,374,97,155,1003
352079,Parbatpur,Giridih,VILLAGE,148,18,5,52,80,33,45,947
352080,Kowar,Giridih,VILLAGE,902,128,19,192,433,187,340,987
352081,Dhanaidih,Giridih,VILLAGE,649,101,32,0,329,134,193,973
352082,Bisholathi,Giridih,VILLAGE,0,0,0,0,0,0,0,
352083,Panaidih,Giridih,VILLAGE,921,138,381,0,468,174,261,955
352084,Paharpur,Giridih,VILLAGE,238,37,53,4,148,42,65,874
352085,Hiradih,Giridih,VILLAGE,70,16,0,0,36,14,34,892
352086,Bauradih,Giridih,VILLAGE,53,9,0,0,29,11,31,1208
352087,Manakdiha,Giridih,VILLAGE,192,34,154,2,69,54,86,882
352088,Tigojori,Giridih,VILLAGE,710,118,114,413,310,143,295,919
352089,Gadi,Giridih,VILLAGE,25,4,11,0,11,6,11,923
352090,Ghaghardiha,Giridih,VILLAGE,618,103,87,0,282,124,334,919
352091,Khagri,Giridih,VILLAGE,63,15,0,0,38,7,23,800
352092,Turuk Topa,Giridih,VILLAGE,0,0,0,0,0,0,0,
352093,Senadoni,Giridih,VILLAGE,762,149,3,0,608,87,221,891
352094,Chengrobad,Giridih,VILLAGE,110,20,98,0,40,24,22,803
352095,Pahariadih,Giridih,VILLAGE,32,6,32,0,11,10,15,1667
352096,Bermuka,Giridih,VILLAGE,665,107,466,0,335,140,308,1065
352097,Gadi,Giridih,VILLAGE,411,53,88,2,213,75,178,948
352098,Dhobia Singha,Giridih,VILLAGE,7,1,0,0,7,0,2,750
352099,Ledodih,Giridih,VILLAGE,162,33,0,87,58,29,42,906
352100,Burhiatanr,Giridih,VILLAGE,513,73,2,0,247,101,116,981
352101,Tuskio,Giridih,VILLAGE,441,63,0,0,235,85,209,943
352102,Jagjago,Giridih,VILLAGE,25,4,0,0,18,3,15,923
352103,Dumariatanr,Giridih,VILLAGE,389,69,0,0,185,84,98,965
352104,Tilaia,Giridih,VILLAGE,363,45,0,0,210,82,115,962
352105,Sathibad,Giridih,VILLAGE,208,42,0,75,129,46,67,874
352106,Kodaia,Giridih,VILLAGE,896,119,0,0,509,171,417,987
352107,Kusumbha,Giridih,VILLAGE,998,178,16,806,452,215,405,848
352108,Maheshpur,Giridih,VILLAGE,1122,196,11,0,539,201,314,934
352109,Paharpur,Giridih,VILLAGE,1308,241,42,1236,525,290,415,1022
352110,Rangadhari,Giridih,VILLAGE,0,0,0,0,0,0,0,
352111,Gaikhawaro,Giridih,VILLAGE,0,0,0,0,0,0,0,
352112,Bhalwahi,Giridih,VILLAGE,32,5,0,0,9,12,13,1286
352113,Madanpur,Giridih,VILLAGE,804,143,284,107,332,161,234,971
352114,Baghmara,Giridih,VILLAGE,185,35,50,5,58,41,98,947
352115,Kashiadih,Giridih,VILLAGE,332,66,0,136,141,56,178,1000
352116,Pipratanr,Giridih,VILLAGE,0,0,0,0,0,0,0,
352117,Charpoka,Giridih,VILLAGE,331,54,0,0,143,64,87,819
352118,Masmohna,Giridih,VILLAGE,148,26,0,148,68,20,64,973
352119,Gobindpur,Giridih,VILLAGE,192,36,0,31,99,26,91,901
352120,Jamunia,Giridih,VILLAGE,185,31,0,181,79,36,77,968
352121,Manikbad,Giridih,VILLAGE,347,60,1,346,74,45,75,826
352122,Changarbansa,Giridih,VILLAGE,844,131,109,103,406,134,447,936
352123,Gondlitanr,Giridih,VILLAGE,698,116,22,397,233,135,333,912
352124,Narainpur,Giridih,VILLAGE,26,5,0,0,7,7,12,1167
352125,Mahuatanr,Giridih,VILLAGE,526,88,0,0,284,70,258,879
352126,Semaria,Giridih,VILLAGE,1217,216,194,39,735,190,608,911
352127,Gadi,Giridih,VILLAGE,686,116,21,0,346,143,309,1164
352128,Bansidih,Giridih,VILLAGE,465,76,111,0,270,82,217,1067
352129,Ghosasingha,Giridih,VILLAGE,220,58,0,0,107,47,108,947
352130,Raghusingha,Giridih,VILLAGE,194,41,12,0,84,45,72,980
352131,Algunda,Giridih,VILLAGE,974,156,150,262,536,173,370,952
352132,Kodaidih,Giridih,VILLAGE,1177,192,145,1032,401,225,471,1033
352133,Kurumdiha,Giridih,VILLAGE,927,156,0,0,597,118,466,935
352134,Baghmara,Giridih,VILLAGE,535,86,155,15,243,103,147,967
352135,Tol Harkato,Giridih,VILLAGE,345,67,21,0,189,74,92,1018
352136,Kolharia,Giridih,VILLAGE,120,20,0,120,27,38,44,905
352137,Harkato,Giridih,VILLAGE,389,70,0,0,216,77,150,965
352138,Baragarha Khurd,Giridih,VILLAGE,445,81,23,420,265,80,204,960
352139,Baragarha Kalan,Giridih,VILLAGE,1238,174,0,465,567,242,591,931
352140,Bekolalpur,Giridih,VILLAGE,665,103,131,141,313,165,279,1040
352141,Leda,Giridih,VILLAGE,3420,603,539,3,1885,628,1490,1020
352142,Sinduria,Giridih,VILLAGE,1307,191,142,0,690,262,586,1033
352143,Mirjadih,Giridih,VILLAGE,347,45,0,0,306,38,27,876
352144,Bajto,Giridih,VILLAGE,1585,272,46,0,907,259,363,957
352145,Kumhargaria,Giridih,VILLAGE,665,125,90,0,335,114,315,950
352146,Tatokiyari,Giridih,VILLAGE,851,126,382,0,408,196,291,952
352147,Sadigawaro,Giridih,VILLAGE,811,137,0,776,274,154,219,1053
352148,Durga Pahari,Giridih,VILLAGE,480,97,0,479,169,100,107,846
352149,Amjo,Giridih,VILLAGE,64,14,0,57,20,18,26,939
352150,Ghorbad,Giridih,VILLAGE,579,96,0,55,176,135,274,963
352151,Mukhpitomai Pipratanr,Giridih,VILLAGE,1663,282,225,124,851,366,361,968
352152,Dhobidih,Giridih,VILLAGE,769,140,450,0,415,135,196,903
352153,Karharbari,Giridih,VILLAGE,6113,1027,724,1645,2823,1274,1633,926
352154,Bakshidih,Giridih,VILLAGE,2207,366,1013,1,992,400,600,971
352155,Mahthadih,Giridih,VILLAGE,1276,223,573,131,603,253,367,902
352156,Sikdardih,Giridih,VILLAGE,166,32,86,72,56,33,42,908
352157,Belatanr,Giridih,VILLAGE,1556,275,166,0,1040,262,442,938
352158,Baddiha,Giridih,VILLAGE,776,148,439,0,309,171,241,975
352159,Chamarkho,Giridih,VILLAGE,1620,297,33,1038,576,323,662,1012
352160,Gujiadih,Giridih,VILLAGE,303,57,138,0,138,67,149,1119
352161,Chepo,Giridih,VILLAGE,308,50,0,289,84,63,138,925
352162,Gopai,Giridih,VILLAGE,1518,263,267,2,843,289,442,914
352163,Tetaria,Giridih,VILLAGE,440,63,0,439,93,86,125,1037
352164,Badgunda Khurd,Giridih,VILLAGE,1787,281,215,771,730,415,663,903
352165,Rohaniatanr,Giridih,VILLAGE,244,47,0,244,23,52,76,937
352166,Kalhnatanr,Giridih,VILLAGE,381,59,0,381,148,78,99,915
352167,Gamhara,Giridih,VILLAGE,389,63,0,228,223,63,186,945
352168,Chapardiha,Giridih,VILLAGE,660,111,0,527,208,144,173,982
352169,Kornatanr,Giridih,VILLAGE,923,156,25,896,288,203,388,931
352170,Berdonga,Giridih,VILLAGE,1908,298,948,447,714,358,785,900
352171,Palmo,Giridih,VILLAGE,1522,311,193,0,759,266,542,956
352172,Gamhara Palmo,Giridih,VILLAGE,717,131,118,0,344,129,470,867
352173,Katwaldih,Giridih,VILLAGE,1040,172,145,0,611,188,532,970
352174,Badgunda Kalan,Giridih,VILLAGE,1206,206,108,540,581,231,339,984
352175,Jarbad,Giridih,VILLAGE,132,19,0,32,67,34,29,859
352176,Datlaga,Giridih,VILLAGE,40,6,0,0,19,12,6,905
352177,Bandarkupi,Giridih,VILLAGE,1653,258,130,342,803,353,439,996
352178,Barhamuria,Giridih,VILLAGE,2608,422,386,157,1405,468,949,909
352179,Lodi Alias Sarhancha,Giridih,VILLAGE,729,108,10,0,265,151,189,869
352180,Pokharia,Giridih,VILLAGE,0,0,0,0,0,0,0,
352181,Akdoni Kalan,Giridih,VILLAGE,3260,587,931,111,2017,458,871,877
352182,Karmatanr,Giridih,VILLAGE,777,117,299,97,345,134,199,846
352183,Chilga,Giridih,VILLAGE,1314,250,772,0,746,235,360,921
352184,Jogitanr,Giridih,VILLAGE,3188,566,1159,35,1525,703,1004,947
352185,Koldiha,Giridih,VILLAGE,894,151,300,0,450,163,326,1009
352186,Jariagadi,Giridih,VILLAGE,2723,483,80,0,1566,479,800,914
352187,Garhatanr,Giridih,VILLAGE,720,126,97,0,464,116,202,805
352188,Mangrodih,Giridih,VILLAGE,3491,560,562,0,2077,566,926,894
352189,Khandiha,Giridih,VILLAGE,2119,373,1387,7,930,453,504,918
352190,Chunjka,Giridih,VILLAGE,3587,604,939,82,1634,727,844,900
352191,Purnanagar,Giridih,VILLAGE,5706,948,1027,1351,2837,1183,1961,911
352192,Muturkha,Giridih,VILLAGE,7972,1480,1109,948,3710,1492,2724,903
352193,Jango,Giridih,VILLAGE,297,58,0,263,109,70,155,892
352194,Khesmi,Giridih,VILLAGE,308,58,84,0,141,66,150,925
352195,Baramasia,Giridih,VILLAGE,26,3,0,0,18,6,11,625
352196,Terkha,Giridih,VILLAGE,97,17,0,0,48,15,28,865
352197,Balho,Giridih,VILLAGE,494,97,0,199,232,128,241,937
352198,Jitjor,Giridih,VILLAGE,0,0,0,0,0,0,0,
352199,Jaspur,Giridih,VILLAGE,1570,281,177,1183,525,344,772,980
352200,Chunglo,Giridih,VILLAGE,1536,257,637,99,737,328,500,967
352201,Kurbera,Giridih,VILLAGE,243,54,1,242,98,60,81,992
352202,Karmatanr,Giridih,VILLAGE,93,18,58,0,15,19,44,938
352203,Gondliajor,Giridih,VILLAGE,458,89,135,0,146,95,239,924
352204,Bharkata,Giridih,VILLAGE,1111,203,390,241,460,256,504,886
352205,Hazaribad,Giridih,VILLAGE,977,174,0,618,353,188,254,978
352206,Maheshpur,Giridih,VILLAGE,75,14,0,0,41,11,20,744
352207,Fulchi,Giridih,VILLAGE,1928,344,194,1088,734,370,823,940
352208,Asoadih,Giridih,VILLAGE,161,27,0,153,50,44,37,1236
352209,Tarabali,Giridih,VILLAGE,305,52,0,305,104,47,159,894
352210,Kolhamanjo,Giridih,VILLAGE,246,46,0,78,95,47,58,1033
352211,Baltharwa,Giridih,VILLAGE,269,42,0,239,118,55,57,855
352212,Purni Petaria,Giridih,VILLAGE,617,102,0,329,298,140,155,959
352213,Mahuatanr,Giridih,VILLAGE,428,70,0,428,84,100,239,1000
352214,Gangapur,Giridih,VILLAGE,525,95,9,514,205,116,173,1019
352215,Chatro,Giridih,VILLAGE,749,119,250,1,311,174,370,961
352216,Majhiladih,Giridih,VILLAGE,764,134,32,0,247,201,341,979
352217,Gadisirampur,Giridih,VILLAGE,4227,741,574,104,2197,829,1279,931
352218,Mathadih,Giridih,VILLAGE,330,65,70,0,165,72,93,875
352219,Baniadih,Giridih,VILLAGE,78,14,0,0,47,14,18,814
352220,Mohanpur,Giridih,VILLAGE,4039,642,309,46,2288,686,1029,704
352221,Udnabad,Giridih,VILLAGE,2556,491,526,4,1593,407,941,899
352222,Ajidih,Giridih,VILLAGE,1855,213,321,92,1462,192,309,1823
352223,Ranidih,Giridih,VILLAGE,587,104,461,0,195,128,134,1010
352224,Bhorandiha,Giridih,VILLAGE,1303,246,563,43,701,238,354,919
352225,Mahtodih,Giridih,VILLAGE,108,19,1,0,60,13,24,862
352226,Turukdiha,Giridih,VILLAGE,1333,223,115,0,579,310,330,940
352227,Biswasdih,Giridih,VILLAGE,566,98,44,0,365,105,134,945
352228,Tikodih,Giridih,VILLAGE,1727,233,0,0,962,374,409,936
352229,Burhiadih,Giridih,VILLAGE,2405,423,978,279,1229,508,643,930
352230,Harsingh Raidih,Giridih,VILLAGE,2286,383,1303,2,1231,418,682,959
352231,Jambad,Giridih,VILLAGE,1613,249,185,9,766,345,389,916
352232,Rautgadi,Giridih,VILLAGE,655,119,77,412,253,126,188,932
352233,Jogibad,Giridih,VILLAGE,4,1,0,0,2,0,1,333
352234,Koemara,Giridih,VILLAGE,1331,203,323,1,765,222,360,901
352235,Chirudih,Giridih,VILLAGE,0,0,0,0,0,0,0,
352236,Jhalakdiha,Giridih,VILLAGE,655,127,0,613,305,94,236,835
352237,Birangadda,Giridih,VILLAGE,359,62,0,359,187,62,89,920
352238,Telodih (CT),Giridih,TOWN,6970,1143,0,0,3224,1590,1703,922
352239,Sirsia (CT),Giridih,TOWN,7181,1332,2293,771,4397,1098,2214,927
352240,Mahesh Mundi (CT),Giridih,TOWN,7389,1294,1990,178,4318,1297,1922,922
352241,Akdoni Khurd (CT),Giridih,TOWN,6321,1106,3079,611,3703,1020,1704,918
352242,Dandidih (CT),Giridih,TOWN,7769,1237,1800,5,4501,1446,1981,938
352243,Paratdih (CT),Giridih,TOWN,8854,1444,531,19,4112,1900,2119,958
352244,Pertodih (CT),Giridih,TOWN,5293,844,1326,16,2766,1019,1345,976
352760,Kabriabera,Pirtand,VILLAGE,407,63,0,407,246,50,160,957
352761,Dubedih,Pirtand,VILLAGE,276,51,0,276,104,66,152,944
352762,Dewandih,Pirtand,VILLAGE,341,58,0,191,150,75,227,1067
352763,Jharha,Pirtand,VILLAGE,499,91,0,377,187,100,292,942
352764,Dudhimati,Pirtand,VILLAGE,458,77,0,457,129,116,266,1072
352765,Majhidih,Pirtand,VILLAGE,501,88,0,499,155,117,297,996
352766,Baramasia,Pirtand,VILLAGE,178,34,0,178,70,41,112,874
352767,Bisaibhitha,Pirtand,VILLAGE,59,11,0,59,26,13,38,844
352768,Kenduadih,Pirtand,VILLAGE,180,40,0,180,29,36,112,1022
352769,Pandedih,Pirtand,VILLAGE,293,55,0,289,53,73,180,1035
352770,Purnanagar,Pirtand,VILLAGE,244,56,0,238,103,52,167,1122
352771,Hesalo,Pirtand,VILLAGE,184,35,0,184,45,49,44,1140
352772,Jamua,Pirtand,VILLAGE,177,35,0,177,37,49,41,1107
352773,Karmatanr,Pirtand,VILLAGE,321,59,0,185,155,82,88,1045
352774,Palganj,Pirtand,VILLAGE,5073,939,1186,584,2421,942,2093,929
352775,Mahadeodih,Pirtand,VILLAGE,554,91,41,1,349,88,244,1007
352776,Madanpura,Pirtand,VILLAGE,74,18,74,0,26,17,40,1114
352777,Dudhania,Pirtand,VILLAGE,539,85,0,539,177,141,259,1105
352778,Kathwara,Pirtand,VILLAGE,801,148,447,1,430,155,248,925
352779,Karanpura,Pirtand,VILLAGE,898,181,585,0,444,188,437,927
352780,Kumharlalo,Pirtand,VILLAGE,1648,292,297,3,912,290,545,890
352781,Nawadih,Pirtand,VILLAGE,766,134,74,1,449,122,399,920
352782,Champanagar,Pirtand,VILLAGE,547,93,0,546,240,102,292,1188
352783,Ghorbad,Pirtand,VILLAGE,849,159,0,326,288,183,442,952
352784,Ghorchanchi,Pirtand,VILLAGE,338,58,80,0,175,70,165,931
352785,Jamua,Pirtand,VILLAGE,336,71,0,0,93,63,164,867
352786,Siarangi,Pirtand,VILLAGE,353,54,154,0,168,68,169,878
352787,Bariarpur,Pirtand,VILLAGE,555,101,0,252,288,101,293,941
352788,Partappur,Pirtand,VILLAGE,162,26,0,74,49,22,93,976
352789,Dumariakhalar,Pirtand,VILLAGE,662,108,292,171,278,168,333,976
352790,Patharjor,Pirtand,VILLAGE,448,71,0,447,173,105,278,1000
352791,Parasbani,Pirtand,VILLAGE,488,83,0,486,214,112,253,1025
352792,Fatehpur Khurd,Pirtand,VILLAGE,296,49,0,19,132,67,136,885
352793,Bishunpur,Pirtand,VILLAGE,3231,520,498,1574,1334,626,1451,955
352794,Madhudih,Pirtand,VILLAGE,342,56,95,0,145,75,231,869
352795,Khetadabar,Pirtand,VILLAGE,758,134,232,0,363,147,311,924
352796,Angaia,Pirtand,VILLAGE,1809,307,412,415,659,378,447,1026
352797,Tilaiya,Pirtand,VILLAGE,527,92,75,431,155,123,129,1043
352798,Dardmara,Pirtand,VILLAGE,797,134,63,516,313,181,355,1013
352799,Barapahari,Pirtand,VILLAGE,907,149,0,349,300,189,548,972
352800,Barwadih,Pirtand,VILLAGE,436,75,0,434,140,72,353,929
352801,Saharpur Gobindpur,Pirtand,VILLAGE,1008,164,0,854,228,209,571,946
352802,Semarkorhi,Pirtand,VILLAGE,1168,202,53,543,481,238,601,875
352803,Karmatanr,Pirtand,VILLAGE,584,97,0,544,176,117,194,1042
352804,Mahesliti,Pirtand,VILLAGE,970,178,1,142,339,205,616,928
352805,Jamdaha,Pirtand,VILLAGE,970,197,0,527,270,255,534,1008
352806,Dudhania,Pirtand,VILLAGE,705,136,0,218,288,122,357,992
352807,Koradih,Pirtand,VILLAGE,377,64,0,377,121,95,185,1060
352808,Lusiodih,Pirtand,VILLAGE,130,26,0,93,63,29,55,857
352809,Kariharo,Pirtand,VILLAGE,547,107,3,392,201,121,289,886
352810,Lukurua,Pirtand,VILLAGE,469,73,42,427,136,108,314,869
352811,Ghatadih,Pirtand,VILLAGE,941,170,435,48,437,191,346,905
352812,Rajudih,Pirtand,VILLAGE,450,80,92,0,223,81,296,1009
352813,Kamharbad,Pirtand,VILLAGE,454,94,0,23,208,101,248,884
352814,Dando Semar,Pirtand,VILLAGE,945,191,2,923,177,189,536,921
352815,Bardahi,Pirtand,VILLAGE,944,184,143,219,451,194,354,784
352816,Masnutanr,Pirtand,VILLAGE,599,123,0,431,200,159,167,932
352817,Pandnatanr,Pirtand,VILLAGE,862,136,192,300,390,211,412,937
352818,Chilga,Pirtand,VILLAGE,947,167,1,603,388,212,461,953
352819,Kangodih,Pirtand,VILLAGE,287,59,42,200,66,70,157,1007
352820,Dubiabera,Pirtand,VILLAGE,396,87,0,396,141,98,218,960
352821,Bariarpur,Pirtand,VILLAGE,728,150,233,0,373,136,359,941
352822,Misradih,Pirtand,VILLAGE,81,19,19,0,56,11,23,1077
352823,Chethrudih,Pirtand,VILLAGE,603,118,0,130,245,130,286,933
352824,Maheshpur,Pirtand,VILLAGE,7,1,0,7,0,2,5,2500
352825,Bhawanpur,Pirtand,VILLAGE,146,22,0,146,57,35,68,780
352826,Dhawatanr,Pirtand,VILLAGE,293,46,0,293,110,68,137,1049
352827,Majira,Pirtand,VILLAGE,504,87,0,504,178,116,199,976
352828,Karando,Pirtand,VILLAGE,1040,201,0,863,310,302,569,962
352829,Goladabar,Pirtand,VILLAGE,222,40,0,222,54,51,96,1000
352830,Kasakend,Pirtand,VILLAGE,207,41,0,207,49,46,111,953
352831,Rajo,Pirtand,VILLAGE,474,89,5,328,249,84,239,1061
352832,Bandh,Pirtand,VILLAGE,844,144,62,569,274,172,457,940
352833,Madhupur,Pirtand,VILLAGE,463,73,0,18,222,68,286,987
352834,Ghatiari,Pirtand,VILLAGE,264,46,0,264,87,67,141,859
352835,Patharghatia,Pirtand,VILLAGE,208,40,0,45,93,56,95,1167
352836,Nawadih,Pirtand,VILLAGE,746,106,63,14,393,160,494,928
352837,Chirki,Pirtand,VILLAGE,2608,425,307,886,1724,371,811,1154
352838,Pirtanr,Pirtand,VILLAGE,79,11,3,61,46,12,49,362
352839,Taratanr,Pirtand,VILLAGE,61,17,0,0,21,14,40,968
352840,Majhladih,Pirtand,VILLAGE,490,92,11,467,233,100,284,1016
352841,Lerwa,Pirtand,VILLAGE,757,128,0,434,222,135,305,936
352842,Gamharia,Pirtand,VILLAGE,243,48,1,242,56,52,165,1042
352843,Udaipur,Pirtand,VILLAGE,44,8,0,44,1,10,10,1095
352844,Banaso,Pirtand,VILLAGE,544,92,0,370,173,101,321,1000
352845,Mangartilaia,Pirtand,VILLAGE,900,159,55,56,475,140,658,974
352846,Chengdhari,Pirtand,VILLAGE,696,119,120,61,388,119,416,886
352847,Kanjhia,Pirtand,VILLAGE,903,151,0,765,194,202,492,934
352848,Tilaia Bahiar,Pirtand,VILLAGE,651,118,100,551,189,121,496,1022
352849,Bharthi Chaulkari,Pirtand,VILLAGE,1465,255,13,1192,532,225,790,999
352850,Hariladih,Pirtand,VILLAGE,1363,231,7,543,653,260,719,939
352851,Bagdaha,Pirtand,VILLAGE,316,52,0,294,70,64,230,975
352852,Singhpur,Pirtand,VILLAGE,709,142,12,324,279,134,426,964
352853,Jainagar,Pirtand,VILLAGE,379,71,0,134,96,86,200,1071
352854,Parasnath Hill,Pirtand,VILLAGE,1291,228,3,1287,396,270,686,998
352855,Telanchipa,Pirtand,VILLAGE,78,16,0,0,44,9,46,1000
352856,Madhuban,Pirtand,VILLAGE,3059,662,1078,77,1768,488,1108,858
352857,Birangara,Pirtand,VILLAGE,1391,292,669,161,736,271,607,959
352858,Khapebera,Pirtand,VILLAGE,514,99,77,342,174,116,238,883
352859,Pokharia,Pirtand,VILLAGE,415,97,0,415,145,82,160,986
352860,Karlo,Pirtand,VILLAGE,6,1,0,6,2,3,1,2000
352861,Kanadih,Pirtand,VILLAGE,254,46,0,254,93,68,55,910
352862,Barasingha,Pirtand,VILLAGE,97,23,0,97,28,16,48,702
352863,Kamla Singha,Pirtand,VILLAGE,566,112,0,357,259,137,316,912
352864,Kenduadih,Pirtand,VILLAGE,572,108,0,565,183,148,277,993
352865,Baiganbari,Pirtand,VILLAGE,0,0,0,0,0,0,0,
352866,Moujpur,Pirtand,VILLAGE,88,15,0,0,47,21,47,1588
352867,Beri,Pirtand,VILLAGE,315,60,0,142,132,59,162,1072
352868,Bholatanr,Pirtand,VILLAGE,201,35,22,37,75,38,107,1116
352869,Pipradih,Pirtand,VILLAGE,282,56,0,68,166,31,161,932
352870,Korwatanr,Pirtand,VILLAGE,97,20,0,97,30,21,51,940
352871,Belatanr,Pirtand,VILLAGE,156,28,0,156,72,27,83,926
352872,Baraddihkhurd,Pirtand,VILLAGE,181,38,0,66,74,29,161,1155
352873,Baritanr,Pirtand,VILLAGE,365,69,0,365,166,73,162,1062
352874,Chatro,Pirtand,VILLAGE,434,77,0,434,175,107,255,912
352875,Gardih,Pirtand,VILLAGE,66,13,0,66,19,10,30,1000
352876,Balki Pahari,Pirtand,VILLAGE,24,4,0,24,15,2,10,1400
352877,Kolhatanr,Pirtand,VILLAGE,175,31,0,167,41,30,142,923
352878,Chapri,Pirtand,VILLAGE,262,53,0,114,64,40,218,807
352879,Maheshduba,Pirtand,VILLAGE,88,13,0,88,36,22,18,1146
352880,Naukania,Pirtand,VILLAGE,546,82,0,478,217,112,259,902
352881,Basotanr,Pirtand,VILLAGE,252,54,15,237,56,67,122,984
352882,Tuio,Pirtand,VILLAGE,1354,275,286,70,644,270,697,912
352883,Bastapur,Pirtand,VILLAGE,56,14,0,56,15,14,26,1333
352884,Ghuskari,Pirtand,VILLAGE,76,14,0,67,32,13,29,1054
352885,Majhladih,Pirtand,VILLAGE,25,5,0,25,3,7,12,923
352886,Kairatanr,Pirtand,VILLAGE,54,11,0,54,24,8,36,1160
352887,Parbatpur,Pirtand,VILLAGE,218,39,0,85,146,28,170,982
352888,Nawadih,Pirtand,VILLAGE,318,57,0,99,141,47,176,1025
352889,Pandedih,Pirtand,VILLAGE,405,79,16,43,182,68,221,995
352890,Bikatpur,Pirtand,VILLAGE,416,72,0,403,63,98,218,1101
352891,Jamunia Chuan,Pirtand,VILLAGE,119,24,0,117,62,25,59,951
352892,Asuradih,Pirtand,VILLAGE,50,11,0,50,22,9,19,1174
352893,Jahajpur,Pirtand,VILLAGE,231,50,1,143,71,49,55,1159
352894,Karmatanr,Pirtand,VILLAGE,384,74,0,384,105,71,200,949
352895,Dudhimati,Pirtand,VILLAGE,24,7,0,24,1,10,14,1182
352896,Sudhabad,Pirtand,VILLAGE,0,0,0,0,0,0,0,
352897,Taratanr,Pirtand,VILLAGE,847,198,192,3,478,150,242,947
352898,Bhagalpur,Pirtand,VILLAGE,135,25,35,16,86,18,70,1177
352899,Khukhra,Pirtand,VILLAGE,1017,204,0,122,555,172,397,956
352900,Jamuatanr,Pirtand,VILLAGE,721,120,0,25,389,162,372,965
352901,Kharpoka,Pirtand,VILLAGE,3067,609,45,24,1387,717,1088,939
352902,Baradih,Pirtand,VILLAGE,126,27,0,0,75,22,88,1032
352903,Sohnabad,Pirtand,VILLAGE,421,72,0,0,133,72,244,905
352904,Gobrandha,Pirtand,VILLAGE,512,123,0,0,242,82,274,848
352905,Pokharna,Pirtand,VILLAGE,1360,294,340,418,519,283,524,954
352906,Barwadih,Pirtand,VILLAGE,158,32,0,158,49,28,78,1026
352907,Jaduadih,Pirtand,VILLAGE,0,0,0,0,0,0,0,
352908,Gochotha,Pirtand,VILLAGE,443,70,0,443,130,91,194,969
352909,Naiatanr,Pirtand,VILLAGE,11,2,0,0,6,2,4,571
352910,Hirapur,Pirtand,VILLAGE,218,37,0,62,75,52,62,832
352911,Bahadurpur,Pirtand,VILLAGE,164,30,0,135,62,32,38,864
352912,Sindurpur,Pirtand,VILLAGE,140,32,0,119,42,27,83,1222
352913,Dhanaidih,Pirtand,VILLAGE,35,5,0,0,15,9,17,1188
352914,Chirudih,Pirtand,VILLAGE,756,137,0,23,417,163,403,904
352915,Ojibad,Pirtand,VILLAGE,717,135,0,0,486,124,313,897
352916,Sobranpur,Pirtand,VILLAGE,1094,201,37,118,452,178,398,929
352917,Datelwa,Pirtand,VILLAGE,262,42,0,0,144,73,71,819
352918,Hariladih,Pirtand,VILLAGE,113,22,0,113,35,25,57,1018
352919,Majhiandih,Pirtand,VILLAGE,427,78,0,375,144,100,159,986
352920,Dhadkitanr,Pirtand,VILLAGE,231,43,0,231,66,44,60,958
352921,Karmatanr Alias Latlahidih,Pirtand,VILLAGE,76,16,0,76,30,18,18,854
352922,Marmi,Pirtand,VILLAGE,118,25,0,118,37,17,56,1034
352923,Madhukata,Pirtand,VILLAGE,37,8,0,34,11,5,16,762
352924,Sohraia,Pirtand,VILLAGE,549,96,0,378,224,98,259,893
352925,Badgaon,Pirtand,VILLAGE,1087,201,35,543,482,200,567,1036
352926,Gamhara,Pirtand,VILLAGE,899,172,0,300,365,162,444,1071
352927,Jitpur,Pirtand,VILLAGE,198,37,0,198,36,60,96,1020
352928,Karujara,Pirtand,VILLAGE,252,48,0,252,92,37,207,1000
352929,Dumaria Tanr,Pirtand,VILLAGE,356,57,0,352,92,91,86,1011
352930,Kasiadih,Pirtand,VILLAGE,226,39,0,226,70,45,101,1152
352931,Jamuniatanr,Pirtand,VILLAGE,62,6,0,0,42,8,25,632
352932,Barhagari,Pirtand,VILLAGE,845,169,0,145,380,159,424,998
352933,Rajpura,Pirtand,VILLAGE,708,123,0,406,319,131,321,945
352934,Ambadih,Pirtand,VILLAGE,645,122,0,313,223,119,340,1009
352935,Kurko,Pirtand,VILLAGE,1952,343,233,188,964,339,1009,935
352936,Belkatri,Pirtand,VILLAGE,107,24,0,78,33,24,60,945
352937,Majhladih,Pirtand,VILLAGE,512,108,18,293,264,78,278,903
352938,Birgari,Pirtand,VILLAGE,159,29,0,72,66,27,69,1038
352939,Kenduadih,Pirtand,VILLAGE,248,38,0,237,101,52,105,1175
352940,Lathatanr,Pirtand,VILLAGE,114,15,0,114,35,18,52,754
352941,Karmatanr,Pirtand,VILLAGE,76,16,53,23,29,8,49,652
352942,Mandro,Pirtand,VILLAGE,1442,310,87,460,774,252,768,975
352943,Lachhmipur,Pirtand,VILLAGE,198,29,0,75,102,40,106,1020
352944,Hariladih,Pirtand,VILLAGE,1388,260,112,325,694,219,790,901
352945,Pipradih,Pirtand,VILLAGE,1250,255,32,840,477,255,677,959
352946,Arbeka,Pirtand,VILLAGE,508,95,0,508,139,94,278,1065
352947,Bhawanand,Pirtand,VILLAGE,430,75,0,330,201,82,230,982
352948,Madnadih,Pirtand,VILLAGE,532,84,60,461,192,91,359,1094
352949,Palma,Pirtand,VILLAGE,1236,269,39,801,507,236,594,931
352950,Madhopur,Pirtand,VILLAGE,755,148,14,248,245,121,318,897
352951,Kenduadih,Pirtand,VILLAGE,507,102,2,348,217,92,287,920
352952,Badro,Pirtand,VILLAGE,641,114,0,494,248,113,379,891
352953,Bansimri,Pirtand,VILLAGE,279,48,0,262,64,55,159,911
352954,Paharpur,Pirtand,VILLAGE,498,92,0,470,89,119,208,886
352955,Jabardaha,Pirtand,VILLAGE,627,122,0,627,209,129,282,959
352956,Birgaon,Pirtand,VILLAGE,415,89,58,285,151,65,233,1015
