town_code_2011,ward_2011,population,households,sc,st,literates,pop_0_6,workers,sex_ratio
801768,0001,4451,740,260,34,3240,602,1251,947
801768,0002,2921,484,93,19,1898,502,821,982
801768,0003,4045,654,497,0,2448,675,1130,908
801768,0004,1445,242,15,4,1104,192,433,899
801768,0005,6460,1005,525,102,4334,971,1670,943
801768,0006,5246,976,635,403,4067,692,1341,902
801768,0007,7886,1368,194,28,5531,1102,2055,925
801768,0008,2846,479,212,8,2180,427,708,923
801768,0009,2646,516,13,9,2322,245,734,899
801768,0010,3627,702,94,42,2993,428,1085,902
801768,0011,3215,613,87,74,2800,309,831,865
801768,0012,4041,755,301,34,3417,418,1218,892
801768,0013,5268,921,553,17,3570,833,1433,914
801768,0014,2053,374,67,10,1740,228,564,930
801768,0015,2852,536,46,5,2449,301,874,945
801768,0016,2841,496,212,19,2241,359,771,894
801768,0017,4811,827,503,49,3535,684,1291,918
801768,0018,2829,492,331,3,2090,364,772,905
801768,0019,6578,1184,1389,59,4507,1009,1852,921
801768,0020,3358,513,173,0,2269,546,882,891
801768,0021,5715,855,632,3,3497,907,1618,932
801768,0022,6155,1049,1065,28,4094,894,1952,882
801768,0023,4009,645,48,21,3398,399,1090,797
801768,0024,2241,356,154,74,1699,299,624,904
801768,0025,835,163,11,6,740,72,256,942
801768,0026,1730,302,93,32,1426,213,537,907
801768,0027,2027,339,266,42,1410,239,566,870
801768,0028,1908,354,150,23,1442,250,623,910
801768,0029,6201,1151,767,132,4575,910,1843,892
801768,0030,4293,649,124,0,2634,713,1221,954
